PSP_GAME/ICON0.PNG	33222	f5b30bfe7e7dbdc120a79329579829e090ba8541b5cab88aa8bebfd39cac947d
PSP_GAME/ICON1.PMF	477184	2634372239be7e7c5cdc8b95e52479c9d8802f2c98e366bffebd75ea54f321c4
PSP_GAME/PARAM.SFO	472	b1cdf3013a499a5c63a4d68ac7a5ae7d357a9beddcda3bd1a4ceac2e51815d55
PSP_GAME/PIC1.PNG	248472	ad8b2828d124be031e66aeaf24c50bd49dfdb55f67dc3adb8342daaa5b4fc508
PSP_GAME/SYSDIR/BOOT.BIN	5077621	b2a1dff0d6185b7988e665be50004631ca2586dfa5634ca7c67e229b6421bb03
PSP_GAME/SYSDIR/EBOOT.BIN	5077968	12983c9bbef9e1180f6ac3bd2f082e7f10b1a737a78fa65e25a120384d15a4b3
PSP_GAME/SYSDIR/UPDATE/DATA.BIN	10284528	95275920abfa82b748268f6272a65e3d48bd73adbab84a3c10ad83254a84e901
PSP_GAME/SYSDIR/UPDATE/EBOOT.BIN	3680208	a50a4d4830e2a23874aec3bb04e8fdb9daa05d81facefb2984f493edd8f0cd71
PSP_GAME/SYSDIR/UPDATE/PARAM.SFO	1732	ad48bdb891dbab5941a6cefc1eefb3f134e95b11b586041d4bff605d74ef6ee1
PSP_GAME/USRDIR/JPN/BATTLE/BATL_DRA.EMI	71680	9254195f5d952aa4d434baebf6aee8c1f060195b2e9b554e43d651dff5a899f0
PSP_GAME/USRDIR/JPN/BATTLE/BATL_END.EMI	81920	c3d81d3ae350e7a65d250de89262cdfe1eeb6c93f420a013485f03e40642103b
PSP_GAME/USRDIR/JPN/BATTLE/BATL_OVR.EMI	73728	4778b9188f3f88845200752070cc47a43deb9e210c581a614bbf98b75ba6e25d
PSP_GAME/USRDIR/JPN/BATTLE/BATL_RE2.EMI	36864	315c7000bf91591502c24e8e29b560fb5a0c148697a25fa50975c11da8af5377
PSP_GAME/USRDIR/JPN/BATTLE/BATL_RET.EMI	98304	8986a080d3c53ec50e052d5be967e7345b004802a91b85f5e14ade8bc8f2f9ae
PSP_GAME/USRDIR/JPN/BATTLE/BATL_SE.EMI	61440	71b37f81fcdb752f4fd3da159a3e1f6ea9ba6817e51bedfc9952afcc45058493
PSP_GAME/USRDIR/JPN/BATTLE/BATTLE.EMI	694272	533a0304ba2c40de9eb1a2e6285a59fb2a453e3345e92df098f8dba887903b92
PSP_GAME/USRDIR/JPN/BATTLE/BATTLE2.EMI	694272	98911747764bb7660560a4ec616e5b80c9a475fa6c0f03b323f110dd95194b2a
PSP_GAME/USRDIR/JPN/BATTLE/COMN_SE.EMI	106496	78084ec1ba0b83a37aa52d76992b08d8a001ca8fb9d8f35e541c6e3d49ac0149
PSP_GAME/USRDIR/JPN/BENEMY/ENEMY000.EMI	14336	9d2921378b0fb679fd86a386dce46ac4ca24cc925a5df062de6520c3e02e79b5
PSP_GAME/USRDIR/JPN/BENEMY/ENEMY001.EMI	14336	9d2921378b0fb679fd86a386dce46ac4ca24cc925a5df062de6520c3e02e79b5
PSP_GAME/USRDIR/JPN/BENEMY/ENEMY002.EMI	14336	9d2921378b0fb679fd86a386dce46ac4ca24cc925a5df062de6520c3e02e79b5
PSP_GAME/USRDIR/JPN/BENEMY/ENEMY003.EMI	43008	faa02964a15a7366557f485779299117e0c724fdbfffadeef83827b480705331
PSP_GAME/USRDIR/JPN/BENEMY/ENEMY004.EMI	14336	9d2921378b0fb679fd86a386dce46ac4ca24cc925a5df062de6520c3e02e79b5
PSP_GAME/USRDIR/JPN/BENEMY/ENEMY005.EMI	43008	faa02964a15a7366557f485779299117e0c724fdbfffadeef83827b480705331
PSP_GAME/USRDIR/JPN/BENEMY/ENEMY006.EMI	43008	faa02964a15a7366557f485779299117e0c724fdbfffadeef83827b480705331
PSP_GAME/USRDIR/JPN/BENEMY/ENEMY007.EMI	14336	9d2921378b0fb679fd86a386dce46ac4ca24cc925a5df062de6520c3e02e79b5
PSP_GAME/USRDIR/JPN/BENEMY/ENEMY008.EMI	43008	faa02964a15a7366557f485779299117e0c724fdbfffadeef83827b480705331
PSP_GAME/USRDIR/JPN/BENEMY/ENEMY009.EMI	43008	faa02964a15a7366557f485779299117e0c724fdbfffadeef83827b480705331
PSP_GAME/USRDIR/JPN/BENEMY/ENEMY010.EMI	43008	faa02964a15a7366557f485779299117e0c724fdbfffadeef83827b480705331
PSP_GAME/USRDIR/JPN/BENEMY/ENEMY011.EMI	14336	9d2921378b0fb679fd86a386dce46ac4ca24cc925a5df062de6520c3e02e79b5
PSP_GAME/USRDIR/JPN/BENEMY/ENEMY012.EMI	43008	faa02964a15a7366557f485779299117e0c724fdbfffadeef83827b480705331
PSP_GAME/USRDIR/JPN/BENEMY/ENEMY013.EMI	14336	9d2921378b0fb679fd86a386dce46ac4ca24cc925a5df062de6520c3e02e79b5
PSP_GAME/USRDIR/JPN/BENEMY/ENEMY014.EMI	14336	9d2921378b0fb679fd86a386dce46ac4ca24cc925a5df062de6520c3e02e79b5
PSP_GAME/USRDIR/JPN/BENEMY/ENEMY015.EMI	38912	6ee1e55d82685d5bc940c4af8d1d0a5c42834737ad13c616d5b5b77b8c69ad05
PSP_GAME/USRDIR/JPN/BENEMY/ENEMY016.EMI	14336	9d2921378b0fb679fd86a386dce46ac4ca24cc925a5df062de6520c3e02e79b5
PSP_GAME/USRDIR/JPN/BENEMY/ENEMY017.EMI	14336	9d2921378b0fb679fd86a386dce46ac4ca24cc925a5df062de6520c3e02e79b5
PSP_GAME/USRDIR/JPN/BENEMY/ENEMY018.EMI	43008	faa02964a15a7366557f485779299117e0c724fdbfffadeef83827b480705331
PSP_GAME/USRDIR/JPN/BENEMY/ENEMY019.EMI	43008	faa02964a15a7366557f485779299117e0c724fdbfffadeef83827b480705331
PSP_GAME/USRDIR/JPN/BENEMY/ENEMY020.EMI	47104	408ae3660888b2e113c7b0b34c17ef6164b0067dd68b1d891bf11a99ab2b50e1
PSP_GAME/USRDIR/JPN/BENEMY/ENEMY021.EMI	14336	9d2921378b0fb679fd86a386dce46ac4ca24cc925a5df062de6520c3e02e79b5
PSP_GAME/USRDIR/JPN/BENEMY/ENEMY022.EMI	28672	3534082c8be7ff683a32f126b0c8fa51fa02b522f1b2172ec1ebcccaec3c653c
PSP_GAME/USRDIR/JPN/BENEMY/ENEMY023.EMI	36864	d564e4ec28f4459ecccf966d158801ee2cbe571f86b15b2f5a47b35fa78869a4
PSP_GAME/USRDIR/JPN/BENEMY/ENEMY024.EMI	14336	9d2921378b0fb679fd86a386dce46ac4ca24cc925a5df062de6520c3e02e79b5
PSP_GAME/USRDIR/JPN/BENEMY/ENEMY025.EMI	14336	9d2921378b0fb679fd86a386dce46ac4ca24cc925a5df062de6520c3e02e79b5
PSP_GAME/USRDIR/JPN/BENEMY/ENEMY026.EMI	14336	9d2921378b0fb679fd86a386dce46ac4ca24cc925a5df062de6520c3e02e79b5
PSP_GAME/USRDIR/JPN/BENEMY/ENEMY027.EMI	28672	c0de23a684e09e6a1d7c21b73d99b6bec6fe2858e0b793f9c48b0dd005e1051a
PSP_GAME/USRDIR/JPN/BENEMY/ENEMY028.EMI	26624	62ec309828dc5a5b79ff3d19b2ff4e97f0d87f350f90e11ee2015db275f2fc70
PSP_GAME/USRDIR/JPN/BENEMY/ENEMY029.EMI	47104	408ae3660888b2e113c7b0b34c17ef6164b0067dd68b1d891bf11a99ab2b50e1
PSP_GAME/USRDIR/JPN/BENEMY/ENEMY030.EMI	14336	9d2921378b0fb679fd86a386dce46ac4ca24cc925a5df062de6520c3e02e79b5
PSP_GAME/USRDIR/JPN/BENEMY/ENEMY031.EMI	14336	9d2921378b0fb679fd86a386dce46ac4ca24cc925a5df062de6520c3e02e79b5
PSP_GAME/USRDIR/JPN/BENEMY/ENEMY032.EMI	14336	9d2921378b0fb679fd86a386dce46ac4ca24cc925a5df062de6520c3e02e79b5
PSP_GAME/USRDIR/JPN/BENEMY/ENEMY033.EMI	14336	9d2921378b0fb679fd86a386dce46ac4ca24cc925a5df062de6520c3e02e79b5
PSP_GAME/USRDIR/JPN/BENEMY/ENEMY034.EMI	14336	9d2921378b0fb679fd86a386dce46ac4ca24cc925a5df062de6520c3e02e79b5
PSP_GAME/USRDIR/JPN/BENEMY/ENEMY035.EMI	32768	c18e65a3139884556a8b2b02f59e00de07331fb3d9c8b7d9577982f29cff7663
PSP_GAME/USRDIR/JPN/BENEMY/ENEMY036.EMI	14336	9d2921378b0fb679fd86a386dce46ac4ca24cc925a5df062de6520c3e02e79b5
PSP_GAME/USRDIR/JPN/BENEMY/ENEMY037.EMI	14336	9d2921378b0fb679fd86a386dce46ac4ca24cc925a5df062de6520c3e02e79b5
PSP_GAME/USRDIR/JPN/BENEMY/ENEMY038.EMI	14336	9d2921378b0fb679fd86a386dce46ac4ca24cc925a5df062de6520c3e02e79b5
PSP_GAME/USRDIR/JPN/BENEMY/ENEMY039.EMI	14336	9d2921378b0fb679fd86a386dce46ac4ca24cc925a5df062de6520c3e02e79b5
PSP_GAME/USRDIR/JPN/BENEMY/ENEMY040.EMI	45056	1aa05d5406c0f7a08f1ddbf595cecfed0ba453454014648972adb3fda4a3bb72
PSP_GAME/USRDIR/JPN/BENEMY/ENEMY041.EMI	14336	9d2921378b0fb679fd86a386dce46ac4ca24cc925a5df062de6520c3e02e79b5
PSP_GAME/USRDIR/JPN/BENEMY/ENEMY042.EMI	34816	6000fbe7a8b7b42a03f401797b08f579e27eb01cbeac95060055b60b63137ec8
PSP_GAME/USRDIR/JPN/BENEMY/ENEMY043.EMI	14336	9d2921378b0fb679fd86a386dce46ac4ca24cc925a5df062de6520c3e02e79b5
PSP_GAME/USRDIR/JPN/BENEMY/ENEMY044.EMI	47104	64d9f0715ca38b3b3b4ce4d7a973f73d02801d8435141a426185a0ddf2232fae
PSP_GAME/USRDIR/JPN/BENEMY/ENEMY045.EMI	14336	9d2921378b0fb679fd86a386dce46ac4ca24cc925a5df062de6520c3e02e79b5
PSP_GAME/USRDIR/JPN/BENEMY/ENEMY046.EMI	14336	9d2921378b0fb679fd86a386dce46ac4ca24cc925a5df062de6520c3e02e79b5
PSP_GAME/USRDIR/JPN/BENEMY/ENEMY047.EMI	14336	9d2921378b0fb679fd86a386dce46ac4ca24cc925a5df062de6520c3e02e79b5
PSP_GAME/USRDIR/JPN/BENEMY/ENEMY048.EMI	47104	64d9f0715ca38b3b3b4ce4d7a973f73d02801d8435141a426185a0ddf2232fae
PSP_GAME/USRDIR/JPN/BENEMY/ENEMY049.EMI	14336	9d2921378b0fb679fd86a386dce46ac4ca24cc925a5df062de6520c3e02e79b5
PSP_GAME/USRDIR/JPN/BENEMY/ENEMY050.EMI	14336	9d2921378b0fb679fd86a386dce46ac4ca24cc925a5df062de6520c3e02e79b5
PSP_GAME/USRDIR/JPN/BENEMY/ENEMY051.EMI	30720	0bfc3660c406715071fdcd7bb204c0c751c1022c5ad9b3f091dd0f747783f55a
PSP_GAME/USRDIR/JPN/BENEMY/ENEMY052.EMI	38912	e8464a15d35713959f066604760c4de8559e2495efd552c1a7c42ddecb3920c3
PSP_GAME/USRDIR/JPN/BENEMY/ENEMY053.EMI	14336	9d2921378b0fb679fd86a386dce46ac4ca24cc925a5df062de6520c3e02e79b5
PSP_GAME/USRDIR/JPN/BENEMY/ENEMY054.EMI	43008	b5fd9de54c5c6b6847e7a510cddd2e79ba8e696b3977b5a1f05c2a42342ad29b
PSP_GAME/USRDIR/JPN/BENEMY/ENEMY055.EMI	14336	9d2921378b0fb679fd86a386dce46ac4ca24cc925a5df062de6520c3e02e79b5
PSP_GAME/USRDIR/JPN/BENEMY/ENEMY056.EMI	43008	b3765feab71ed563fee802a74859be93dfd31043bee9ce20e5a922d571ea77f0
PSP_GAME/USRDIR/JPN/BENEMY/ENEMY057.EMI	14336	9d2921378b0fb679fd86a386dce46ac4ca24cc925a5df062de6520c3e02e79b5
PSP_GAME/USRDIR/JPN/BENEMY/ENEMY058.EMI	14336	9d2921378b0fb679fd86a386dce46ac4ca24cc925a5df062de6520c3e02e79b5
PSP_GAME/USRDIR/JPN/BENEMY/ENEMY059.EMI	14336	9d2921378b0fb679fd86a386dce46ac4ca24cc925a5df062de6520c3e02e79b5
PSP_GAME/USRDIR/JPN/BENEMY/ENEMY060.EMI	14336	9d2921378b0fb679fd86a386dce46ac4ca24cc925a5df062de6520c3e02e79b5
PSP_GAME/USRDIR/JPN/BENEMY/ENEMY061.EMI	14336	9d2921378b0fb679fd86a386dce46ac4ca24cc925a5df062de6520c3e02e79b5
PSP_GAME/USRDIR/JPN/BENEMY/ENEMY062.EMI	14336	9d2921378b0fb679fd86a386dce46ac4ca24cc925a5df062de6520c3e02e79b5
PSP_GAME/USRDIR/JPN/BENEMY/ENEMY063.EMI	43008	5bcbdee6844af19672e0bdc29eb0b0ea879bb7c0b0f0202f4643e45702cb3c32
PSP_GAME/USRDIR/JPN/BENEMY/ENEMY064.EMI	40960	f8113a45014ecef9732db254d9753257e4b50665eed05fd77b0c93c31a84521a
PSP_GAME/USRDIR/JPN/BENEMY/ENEMY065.EMI	14336	9d2921378b0fb679fd86a386dce46ac4ca24cc925a5df062de6520c3e02e79b5
PSP_GAME/USRDIR/JPN/BENEMY/ENEMY066.EMI	14336	9d2921378b0fb679fd86a386dce46ac4ca24cc925a5df062de6520c3e02e79b5
PSP_GAME/USRDIR/JPN/BENEMY/ENEMY067.EMI	14336	9d2921378b0fb679fd86a386dce46ac4ca24cc925a5df062de6520c3e02e79b5
PSP_GAME/USRDIR/JPN/BENEMY/ENEMY068.EMI	14336	9d2921378b0fb679fd86a386dce46ac4ca24cc925a5df062de6520c3e02e79b5
PSP_GAME/USRDIR/JPN/BENEMY/ENEMY069.EMI	34816	ff3e127080f0e4b992ac7684f7e68c8586d30d3f0981e4e5b32803b716856748
PSP_GAME/USRDIR/JPN/BENEMY/ENEMY070.EMI	40960	0000e5cbcb9cb888d3f92422642cc52acbc064fe42bde8e888b6bc6407fedb0c
PSP_GAME/USRDIR/JPN/BENEMY/ENEMY071.EMI	36864	b41f7d7827b0a8fbacc5371085294f5bc4fccb8cdf3608a7637ec3a54d716df9
PSP_GAME/USRDIR/JPN/BENEMY/ENEMY072.EMI	40960	7cc56e6c7444eb5d8a2c753527d068497bd3d4a76883f727071e503e2e248f56
PSP_GAME/USRDIR/JPN/BENEMY/ENEMY073.EMI	40960	9bf90346cc074a3d674f55e17e1cbd0fda9835126e00944579b57bb54a6c4a47
PSP_GAME/USRDIR/JPN/BENEMY/ENEMY074.EMI	14336	9d2921378b0fb679fd86a386dce46ac4ca24cc925a5df062de6520c3e02e79b5
PSP_GAME/USRDIR/JPN/BENEMY/ENEMY075.EMI	14336	9d2921378b0fb679fd86a386dce46ac4ca24cc925a5df062de6520c3e02e79b5
PSP_GAME/USRDIR/JPN/BENEMY/ENEMY076.EMI	43008	7e0df12ef63f39f038c80a263d5138bc6bf36f4f9f01852d000ccbfd140a5784
PSP_GAME/USRDIR/JPN/BENEMY/ENEMY077.EMI	30720	85e6728f7fa69062fbe908f04378b43994bc85ed01ee33207681cf4d90fd8288
PSP_GAME/USRDIR/JPN/BENEMY/ENEMY078.EMI	14336	9d2921378b0fb679fd86a386dce46ac4ca24cc925a5df062de6520c3e02e79b5
PSP_GAME/USRDIR/JPN/BENEMY/ENEMY079.EMI	14336	9d2921378b0fb679fd86a386dce46ac4ca24cc925a5df062de6520c3e02e79b5
PSP_GAME/USRDIR/JPN/BENEMY/ENEMY080.EMI	14336	9d2921378b0fb679fd86a386dce46ac4ca24cc925a5df062de6520c3e02e79b5
PSP_GAME/USRDIR/JPN/BENEMY/ENEMY081.EMI	14336	9d2921378b0fb679fd86a386dce46ac4ca24cc925a5df062de6520c3e02e79b5
PSP_GAME/USRDIR/JPN/BENEMY/ENEMY082.EMI	28672	5e8dc72628924f012439be55f66f34e24ebeca0fc127758925e9f0529265288e
PSP_GAME/USRDIR/JPN/BENEMY/ENEMY083.EMI	32768	8378a49c5081e21810f16bb2e913a206f73678b4bc68a4d207a3da6092070c0b
PSP_GAME/USRDIR/JPN/BENEMY/ENEMY084.EMI	28672	3426ba9b8d5b40b16f4383ba2fc2169bebc4ef22e8ca2442372b6d91b8dca6f0
PSP_GAME/USRDIR/JPN/BENEMY/ENEMY085.EMI	14336	9d2921378b0fb679fd86a386dce46ac4ca24cc925a5df062de6520c3e02e79b5
PSP_GAME/USRDIR/JPN/BENEMY/ENEMY086.EMI	24576	85fe27847b019ae94f24f4c3626bbcf6902a9cdd71e92a4897852fc911f914e7
PSP_GAME/USRDIR/JPN/BENEMY/ENEMY087.EMI	14336	9d2921378b0fb679fd86a386dce46ac4ca24cc925a5df062de6520c3e02e79b5
PSP_GAME/USRDIR/JPN/BENEMY/ENEMY088.EMI	14336	9d2921378b0fb679fd86a386dce46ac4ca24cc925a5df062de6520c3e02e79b5
PSP_GAME/USRDIR/JPN/BENEMY/ENEMY089.EMI	14336	9d2921378b0fb679fd86a386dce46ac4ca24cc925a5df062de6520c3e02e79b5
PSP_GAME/USRDIR/JPN/BENEMY/ENEMY090.EMI	14336	9d2921378b0fb679fd86a386dce46ac4ca24cc925a5df062de6520c3e02e79b5
PSP_GAME/USRDIR/JPN/BENEMY/ENEMY091.EMI	38912	24b9f2e691080f6a256abdef448a022a410eccd86954bd714b1fd4bb83c7c24d
PSP_GAME/USRDIR/JPN/BENEMY/ENEMY092.EMI	14336	9d2921378b0fb679fd86a386dce46ac4ca24cc925a5df062de6520c3e02e79b5
PSP_GAME/USRDIR/JPN/BENEMY/ENEMY093.EMI	14336	9d2921378b0fb679fd86a386dce46ac4ca24cc925a5df062de6520c3e02e79b5
PSP_GAME/USRDIR/JPN/BENEMY/ENEMY094.EMI	14336	9d2921378b0fb679fd86a386dce46ac4ca24cc925a5df062de6520c3e02e79b5
PSP_GAME/USRDIR/JPN/BENEMY/ENEMY095.EMI	45056	9a55b5facdd7b9dc44eaa67fb69c50cf67c8e7f268d7695f67f8b367264c0d6b
PSP_GAME/USRDIR/JPN/BENEMY/ENEMY096.EMI	45056	9a55b5facdd7b9dc44eaa67fb69c50cf67c8e7f268d7695f67f8b367264c0d6b
PSP_GAME/USRDIR/JPN/BENEMY/ENEMY097.EMI	14336	9d2921378b0fb679fd86a386dce46ac4ca24cc925a5df062de6520c3e02e79b5
PSP_GAME/USRDIR/JPN/BENEMY/ENEMY098.EMI	14336	9d2921378b0fb679fd86a386dce46ac4ca24cc925a5df062de6520c3e02e79b5
PSP_GAME/USRDIR/JPN/BENEMY/ENEMY099.EMI	28672	062f832a6e73b4304b59187746087b1c22ad72eb6d25362a7f26cca0f26b46e6
PSP_GAME/USRDIR/JPN/BENEMY/ENEMY100.EMI	14336	9d2921378b0fb679fd86a386dce46ac4ca24cc925a5df062de6520c3e02e79b5
PSP_GAME/USRDIR/JPN/BENEMY/ENEMY101.EMI	14336	9d2921378b0fb679fd86a386dce46ac4ca24cc925a5df062de6520c3e02e79b5
PSP_GAME/USRDIR/JPN/BENEMY/ENEMY102.EMI	36864	87ef6b7caf8b89223b26a47a2fb15a81905d6b32e6f3b3a52c98fff1303f78b9
PSP_GAME/USRDIR/JPN/BENEMY/ENEMY103.EMI	30720	dc16d48ad7ed0cfe4fdaf9cba38e80e5ddec03430fecbe647fedaa83e7d4043d
PSP_GAME/USRDIR/JPN/BENEMY/ENEMY104.EMI	14336	9d2921378b0fb679fd86a386dce46ac4ca24cc925a5df062de6520c3e02e79b5
PSP_GAME/USRDIR/JPN/BENEMY/ENEMY105.EMI	38912	27fedd4b63de02fcb2f7c4ce8388ed721b27e1f51a1c8a627b281b2f98fd250f
PSP_GAME/USRDIR/JPN/BENEMY/ENEMY106.EMI	38912	27fedd4b63de02fcb2f7c4ce8388ed721b27e1f51a1c8a627b281b2f98fd250f
PSP_GAME/USRDIR/JPN/BENEMY/ENEMY107.EMI	38912	27fedd4b63de02fcb2f7c4ce8388ed721b27e1f51a1c8a627b281b2f98fd250f
PSP_GAME/USRDIR/JPN/BENEMY/ENEMY108.EMI	38912	d29f2c8eea6178a0d7236564940072134b3a54ba4d3bccb4c3f683ed42f89eac
PSP_GAME/USRDIR/JPN/BENEMY/ENEMY109.EMI	38912	d75a31e388ee32b1d2cbbcdd4161c0ea987ad372e963253f255a3cc7b2e15e57
PSP_GAME/USRDIR/JPN/BENEMY/ENEMY110.EMI	38912	5fdf4fce2e12eb87ccc319cfb42c1bad71fc530ddd5253f3da29c57b919288a8
PSP_GAME/USRDIR/JPN/BENEMY/ENEMY111.EMI	34816	134acc1815e17eaf5d9da5042ae50a3af56e502cef03da87285c7a7b5d9d50ca
PSP_GAME/USRDIR/JPN/BENEMY/ENEMY112.EMI	34816	134acc1815e17eaf5d9da5042ae50a3af56e502cef03da87285c7a7b5d9d50ca
PSP_GAME/USRDIR/JPN/BENEMY/ENEMY113.EMI	14336	9d2921378b0fb679fd86a386dce46ac4ca24cc925a5df062de6520c3e02e79b5
PSP_GAME/USRDIR/JPN/BENEMY/ENEMY114.EMI	14336	9d2921378b0fb679fd86a386dce46ac4ca24cc925a5df062de6520c3e02e79b5
PSP_GAME/USRDIR/JPN/BENEMY/ENEMY115.EMI	14336	9d2921378b0fb679fd86a386dce46ac4ca24cc925a5df062de6520c3e02e79b5
PSP_GAME/USRDIR/JPN/BENEMY/ENEMY116.EMI	14336	9d2921378b0fb679fd86a386dce46ac4ca24cc925a5df062de6520c3e02e79b5
PSP_GAME/USRDIR/JPN/BENEMY/ENEMY117.EMI	32768	4ed390261d8df5fc37e9005964b4e3bbd767323bd25cc6b569b9dacfffefa909
PSP_GAME/USRDIR/JPN/BENEMY/ENEMY118.EMI	32768	4ed390261d8df5fc37e9005964b4e3bbd767323bd25cc6b569b9dacfffefa909
PSP_GAME/USRDIR/JPN/BENEMY/ENEMY119.EMI	30720	85c09149c92059f17793b1d0b3250ba243b413db7df6e96ff555270f65bb783f
PSP_GAME/USRDIR/JPN/BENEMY/ENEMY120.EMI	14336	9d2921378b0fb679fd86a386dce46ac4ca24cc925a5df062de6520c3e02e79b5
PSP_GAME/USRDIR/JPN/BENEMY/ENEMY121.EMI	14336	9d2921378b0fb679fd86a386dce46ac4ca24cc925a5df062de6520c3e02e79b5
PSP_GAME/USRDIR/JPN/BENEMY/ENEMY122.EMI	14336	9d2921378b0fb679fd86a386dce46ac4ca24cc925a5df062de6520c3e02e79b5
PSP_GAME/USRDIR/JPN/BENEMY/ENEMY123.EMI	14336	9d2921378b0fb679fd86a386dce46ac4ca24cc925a5df062de6520c3e02e79b5
PSP_GAME/USRDIR/JPN/BENEMY/ENEMY124.EMI	38912	8a4cef8fdef95b31aafe3f51465094e3b91bba2ce02467de36dd2bec35728267
PSP_GAME/USRDIR/JPN/BENEMY/ENEMY125.EMI	36864	a8618efc0083b98aba1882e4eac80252c284cb4b2a711d25ac6361fde69ae1e8
PSP_GAME/USRDIR/JPN/BENEMY/ENEMY126.EMI	14336	9d2921378b0fb679fd86a386dce46ac4ca24cc925a5df062de6520c3e02e79b5
PSP_GAME/USRDIR/JPN/BENEMY/ENEMY127.EMI	34816	9a467b70c543ad71248f97cf71a9f743159d5b5b98ea3b57d348a96cc82fec91
PSP_GAME/USRDIR/JPN/BENEMY/ENEMY128.EMI	14336	9d2921378b0fb679fd86a386dce46ac4ca24cc925a5df062de6520c3e02e79b5
PSP_GAME/USRDIR/JPN/BENEMY/ENEMY129.EMI	14336	9d2921378b0fb679fd86a386dce46ac4ca24cc925a5df062de6520c3e02e79b5
PSP_GAME/USRDIR/JPN/BENEMY/ENEMY130.EMI	14336	9d2921378b0fb679fd86a386dce46ac4ca24cc925a5df062de6520c3e02e79b5
PSP_GAME/USRDIR/JPN/BENEMY/ENEMY131.EMI	14336	9d2921378b0fb679fd86a386dce46ac4ca24cc925a5df062de6520c3e02e79b5
PSP_GAME/USRDIR/JPN/BENEMY/ENEMY132.EMI	14336	9d2921378b0fb679fd86a386dce46ac4ca24cc925a5df062de6520c3e02e79b5
PSP_GAME/USRDIR/JPN/BENEMY/ENEMY133.EMI	14336	9d2921378b0fb679fd86a386dce46ac4ca24cc925a5df062de6520c3e02e79b5
PSP_GAME/USRDIR/JPN/BENEMY/ENEMY134.EMI	34816	0c3bccfffbc59df6f970da3963cf73c7b7ff62b8922d90eadd04173e2e11a2a5
PSP_GAME/USRDIR/JPN/BENEMY/ENEMY135.EMI	34816	53b7b6e7cc9815c1da7faf43883a37f2d209b7870ba6989339d01511d6fc7ada
PSP_GAME/USRDIR/JPN/BENEMY/ENEMY136.EMI	34816	53b7b6e7cc9815c1da7faf43883a37f2d209b7870ba6989339d01511d6fc7ada
PSP_GAME/USRDIR/JPN/BENEMY/ENEMY137.EMI	34816	0c3bccfffbc59df6f970da3963cf73c7b7ff62b8922d90eadd04173e2e11a2a5
PSP_GAME/USRDIR/JPN/BENEMY/ENEMY138.EMI	36864	0c66f5e3299c82023cc061ce194833f82dcb0ecf219f8516a21a8d6de25cee67
PSP_GAME/USRDIR/JPN/BENEMY/ENEMY139.EMI	45056	3d8cdab9ef175c1d9c63db7b511a3a7bb4d49900969e592fa998c2e843bc939d
PSP_GAME/USRDIR/JPN/BENEMY/ENEMY140.EMI	45056	3d8cdab9ef175c1d9c63db7b511a3a7bb4d49900969e592fa998c2e843bc939d
PSP_GAME/USRDIR/JPN/BENEMY/ENEMY141.EMI	20480	90a868c6d14637a51ff095ccccd4084a1056919d4e66e08f4aec6171629a6516
PSP_GAME/USRDIR/JPN/BENEMY/ENEMY142.EMI	26624	6495bcb6f1f0462a5f067e3ffd7f2bfdd13d3ca0641c10cfc64ae37d7c33e856
PSP_GAME/USRDIR/JPN/BENEMY/ENEMY143.EMI	14336	9d2921378b0fb679fd86a386dce46ac4ca24cc925a5df062de6520c3e02e79b5
PSP_GAME/USRDIR/JPN/BENEMY/ENEMY144.EMI	14336	9d2921378b0fb679fd86a386dce46ac4ca24cc925a5df062de6520c3e02e79b5
PSP_GAME/USRDIR/JPN/BENEMY/ENEMY145.EMI	45056	5fe9a056927312544195e634e3b8b35027e8b50bae12ac755613c0ba45f9c146
PSP_GAME/USRDIR/JPN/BENEMY/ENEMY146.EMI	28672	fd737502030c85384630dc381865968ebb383169336d4765a0ce617ec9d7ba27
PSP_GAME/USRDIR/JPN/BENEMY/ENEMY147.EMI	14336	9d2921378b0fb679fd86a386dce46ac4ca24cc925a5df062de6520c3e02e79b5
PSP_GAME/USRDIR/JPN/BENEMY/ENEMY148.EMI	14336	9d2921378b0fb679fd86a386dce46ac4ca24cc925a5df062de6520c3e02e79b5
PSP_GAME/USRDIR/JPN/BENEMY/ENEMY149.EMI	14336	9d2921378b0fb679fd86a386dce46ac4ca24cc925a5df062de6520c3e02e79b5
PSP_GAME/USRDIR/JPN/BENEMY/ENEMY150.EMI	14336	9d2921378b0fb679fd86a386dce46ac4ca24cc925a5df062de6520c3e02e79b5
PSP_GAME/USRDIR/JPN/BENEMY/ENEMY151.EMI	14336	9d2921378b0fb679fd86a386dce46ac4ca24cc925a5df062de6520c3e02e79b5
PSP_GAME/USRDIR/JPN/BENEMY/ENEMY152.EMI	14336	9d2921378b0fb679fd86a386dce46ac4ca24cc925a5df062de6520c3e02e79b5
PSP_GAME/USRDIR/JPN/BENEMY/ENEMY153.EMI	14336	9d2921378b0fb679fd86a386dce46ac4ca24cc925a5df062de6520c3e02e79b5
PSP_GAME/USRDIR/JPN/BENEMY/ENEMY154.EMI	14336	9d2921378b0fb679fd86a386dce46ac4ca24cc925a5df062de6520c3e02e79b5
PSP_GAME/USRDIR/JPN/BENEMY/ENEMY155.EMI	14336	9d2921378b0fb679fd86a386dce46ac4ca24cc925a5df062de6520c3e02e79b5
PSP_GAME/USRDIR/JPN/BENEMY/ENEMY156.EMI	14336	9d2921378b0fb679fd86a386dce46ac4ca24cc925a5df062de6520c3e02e79b5
PSP_GAME/USRDIR/JPN/BENEMY/ENEMY157.EMI	14336	9d2921378b0fb679fd86a386dce46ac4ca24cc925a5df062de6520c3e02e79b5
PSP_GAME/USRDIR/JPN/BENEMY/ENEMY158.EMI	14336	9d2921378b0fb679fd86a386dce46ac4ca24cc925a5df062de6520c3e02e79b5
PSP_GAME/USRDIR/JPN/BENEMY/ENEMY159.EMI	14336	9d2921378b0fb679fd86a386dce46ac4ca24cc925a5df062de6520c3e02e79b5
PSP_GAME/USRDIR/JPN/BENEMY/ENEMY160.EMI	14336	9d2921378b0fb679fd86a386dce46ac4ca24cc925a5df062de6520c3e02e79b5
PSP_GAME/USRDIR/JPN/BENEMY/ENEMY161.EMI	14336	9d2921378b0fb679fd86a386dce46ac4ca24cc925a5df062de6520c3e02e79b5
PSP_GAME/USRDIR/JPN/BENEMY/ENEMY162.EMI	14336	9d2921378b0fb679fd86a386dce46ac4ca24cc925a5df062de6520c3e02e79b5
PSP_GAME/USRDIR/JPN/BENEMY/ENEMY163.EMI	14336	9d2921378b0fb679fd86a386dce46ac4ca24cc925a5df062de6520c3e02e79b5
PSP_GAME/USRDIR/JPN/BENEMY/ENEMY164.EMI	14336	9d2921378b0fb679fd86a386dce46ac4ca24cc925a5df062de6520c3e02e79b5
PSP_GAME/USRDIR/JPN/BENEMY/ENEMY165.EMI	14336	9d2921378b0fb679fd86a386dce46ac4ca24cc925a5df062de6520c3e02e79b5
PSP_GAME/USRDIR/JPN/BENEMY/ENEMY166.EMI	14336	9d2921378b0fb679fd86a386dce46ac4ca24cc925a5df062de6520c3e02e79b5
PSP_GAME/USRDIR/JPN/BENEMY/ENEMY167.EMI	36864	acc87e4fc9d0dbddedebd81b3e2d1a7daece2bcc0d57b5bb7bfb8e6d67ab9a44
PSP_GAME/USRDIR/JPN/BENEMY/ENEMY168.EMI	36864	acc87e4fc9d0dbddedebd81b3e2d1a7daece2bcc0d57b5bb7bfb8e6d67ab9a44
PSP_GAME/USRDIR/JPN/BENEMY/ENEMY169.EMI	36864	a2a45c9878c0282e7d49618c9d6b7b83acb970340a47bfb6077ee197fbab2559
PSP_GAME/USRDIR/JPN/BENEMY/ENEMY170.EMI	36864	a2a45c9878c0282e7d49618c9d6b7b83acb970340a47bfb6077ee197fbab2559
PSP_GAME/USRDIR/JPN/BENEMY/ENEMY171.EMI	36864	df427fb2e8d72a0bca843a370291da4d256ffa6736be323641b0729039f8d45a
PSP_GAME/USRDIR/JPN/BENEMY/ENEMY172.EMI	28672	11d28e8b49afd0f032abcfbc3e2c8aa1561f5f243cc7d08044f6bbc18bf4143b
PSP_GAME/USRDIR/JPN/BENEMY/ENEMY173.EMI	36864	c6be55707b204d431c0f90279d0885c7df9907d380d88b031f72735108c7a4e3
PSP_GAME/USRDIR/JPN/BENEMY/ENEMY174.EMI	14336	9d2921378b0fb679fd86a386dce46ac4ca24cc925a5df062de6520c3e02e79b5
PSP_GAME/USRDIR/JPN/BENEMY/ENEMY175.EMI	14336	9d2921378b0fb679fd86a386dce46ac4ca24cc925a5df062de6520c3e02e79b5
PSP_GAME/USRDIR/JPN/BENEMY/ENEMY176.EMI	14336	9d2921378b0fb679fd86a386dce46ac4ca24cc925a5df062de6520c3e02e79b5
PSP_GAME/USRDIR/JPN/BENEMY/ENEMY177.EMI	14336	9d2921378b0fb679fd86a386dce46ac4ca24cc925a5df062de6520c3e02e79b5
PSP_GAME/USRDIR/JPN/BENEMY/ENEMY178.EMI	14336	9d2921378b0fb679fd86a386dce46ac4ca24cc925a5df062de6520c3e02e79b5
PSP_GAME/USRDIR/JPN/BENEMY/ENEMY179.EMI	14336	9d2921378b0fb679fd86a386dce46ac4ca24cc925a5df062de6520c3e02e79b5
PSP_GAME/USRDIR/JPN/BENEMY/ENEMY180.EMI	14336	9d2921378b0fb679fd86a386dce46ac4ca24cc925a5df062de6520c3e02e79b5
PSP_GAME/USRDIR/JPN/BENEMY/ENEMY181.EMI	14336	9d2921378b0fb679fd86a386dce46ac4ca24cc925a5df062de6520c3e02e79b5
PSP_GAME/USRDIR/JPN/BENEMY/ENEMY182.EMI	14336	9d2921378b0fb679fd86a386dce46ac4ca24cc925a5df062de6520c3e02e79b5
PSP_GAME/USRDIR/JPN/BENEMY/ENEMY183.EMI	14336	9d2921378b0fb679fd86a386dce46ac4ca24cc925a5df062de6520c3e02e79b5
PSP_GAME/USRDIR/JPN/BENEMY/ENEMY184.EMI	14336	9d2921378b0fb679fd86a386dce46ac4ca24cc925a5df062de6520c3e02e79b5
PSP_GAME/USRDIR/JPN/BENEMY/ENEMY185.EMI	14336	9d2921378b0fb679fd86a386dce46ac4ca24cc925a5df062de6520c3e02e79b5
PSP_GAME/USRDIR/JPN/BENEMY/ENEMY186.EMI	14336	9d2921378b0fb679fd86a386dce46ac4ca24cc925a5df062de6520c3e02e79b5
PSP_GAME/USRDIR/JPN/BENEMY/ENEMY187.EMI	14336	9d2921378b0fb679fd86a386dce46ac4ca24cc925a5df062de6520c3e02e79b5
PSP_GAME/USRDIR/JPN/BENEMY/ENEMY188.EMI	20480	1365003dbc14c1c0d8467e1de9ee8de2bbfab4f802e9cd09ab7bf03b0c61549a
PSP_GAME/USRDIR/JPN/BENEMY/ENEMY189.EMI	14336	9d2921378b0fb679fd86a386dce46ac4ca24cc925a5df062de6520c3e02e79b5
PSP_GAME/USRDIR/JPN/BENEMY/ENEMY190.EMI	14336	9d2921378b0fb679fd86a386dce46ac4ca24cc925a5df062de6520c3e02e79b5
PSP_GAME/USRDIR/JPN/BENEMY/ENEMY191.EMI	14336	9d2921378b0fb679fd86a386dce46ac4ca24cc925a5df062de6520c3e02e79b5
PSP_GAME/USRDIR/JPN/BENEMY/ENEMY192.EMI	14336	9d2921378b0fb679fd86a386dce46ac4ca24cc925a5df062de6520c3e02e79b5
PSP_GAME/USRDIR/JPN/BENEMY/ENEMY193.EMI	14336	9d2921378b0fb679fd86a386dce46ac4ca24cc925a5df062de6520c3e02e79b5
PSP_GAME/USRDIR/JPN/BENEMY/ENEMY194.EMI	14336	9d2921378b0fb679fd86a386dce46ac4ca24cc925a5df062de6520c3e02e79b5
PSP_GAME/USRDIR/JPN/BENEMY/ENEMY195.EMI	14336	9d2921378b0fb679fd86a386dce46ac4ca24cc925a5df062de6520c3e02e79b5
PSP_GAME/USRDIR/JPN/BENEMY/ENEMY196.EMI	14336	9d2921378b0fb679fd86a386dce46ac4ca24cc925a5df062de6520c3e02e79b5
PSP_GAME/USRDIR/JPN/BENEMY/ENEMY197.EMI	14336	9d2921378b0fb679fd86a386dce46ac4ca24cc925a5df062de6520c3e02e79b5
PSP_GAME/USRDIR/JPN/BENEMY/ENEMY198.EMI	14336	9d2921378b0fb679fd86a386dce46ac4ca24cc925a5df062de6520c3e02e79b5
PSP_GAME/USRDIR/JPN/BENEMY/ENEMY199.EMI	14336	9d2921378b0fb679fd86a386dce46ac4ca24cc925a5df062de6520c3e02e79b5
PSP_GAME/USRDIR/JPN/BGM/BGM000.EMI	266240	ef672f027e2377ed257a25a401e84674ad2058c18735094e1bf69c453303da38
PSP_GAME/USRDIR/JPN/BGM/BGM002.EMI	268288	1db56bbbc72e860ecc8222ba1aa00523db95088a2e8e40e4a3ec8125acc42460
PSP_GAME/USRDIR/JPN/BGM/BGM002A.EMI	155648	58f24d96b225a47f500f0ff07914b23049cb87721d8a6acddecad18bd37a8b4d
PSP_GAME/USRDIR/JPN/BGM/BGM003.EMI	221184	6ce8478b191b13ade670b38bc9261ebc5b4d7a07a5f497a541f55df224291e01
PSP_GAME/USRDIR/JPN/BGM/BGM004.EMI	188416	01b8b6228be99b66335ba76e036e67f56c14dc9ec088f2e0a4196e35c4d20adc
PSP_GAME/USRDIR/JPN/BGM/BGM005.EMI	264192	5e9a397e6c403e58532b4ad442895bb03f96db5d14d14277db6d640956ee6dbe
PSP_GAME/USRDIR/JPN/BGM/BGM005A.EMI	258048	08aaa3bdec727ea9da4df459638833a7b5a47987c22a7e82abc2c36893275d88
PSP_GAME/USRDIR/JPN/BGM/BGM008.EMI	292864	070db6586e9726601a599f6fc21bf147134ae2febe86080913f475d652e5d557
PSP_GAME/USRDIR/JPN/BGM/BGM011.EMI	260096	bf133875c113a3093c0c9e2a55a6ef00ba19d4771ea4302ef131759052dad630
PSP_GAME/USRDIR/JPN/BGM/BGM012.EMI	260096	9949e11d44fc233b9cdb2f3d40c29247a474a61aa3fe11db16a5a435c565bb69
PSP_GAME/USRDIR/JPN/BGM/BGM013.EMI	266240	7ce3f0ce2925a09cf251353bbc7099ebce8777d6160ed68c68057f8655c566d2
PSP_GAME/USRDIR/JPN/BGM/BGM016.EMI	278528	2966437ec25721734479823e636e21b50e5f08de8537713dfd986c4947eb5975
PSP_GAME/USRDIR/JPN/BGM/BGM016A.EMI	266240	d95e50102caab61473823cc0198699cef06e608bb20c1c7c2dd9aa009fc6d80d
PSP_GAME/USRDIR/JPN/BGM/BGM019.EMI	208896	e2b63e60805f6e4b9c93232f0ffb4a0eb89afded44bb3ef6dacb90e1cbe4eadb
PSP_GAME/USRDIR/JPN/BGM/BGM021.EMI	274432	990fb0c95399fef8b679b3c1fe202754251ab85a3dec72c20ac29a088e754604
PSP_GAME/USRDIR/JPN/BGM/BGM022.EMI	247808	f55fbcb7c1f3c79c12214fd4e804e4ed0efc967600640c3ef36a498491049fad
PSP_GAME/USRDIR/JPN/BGM/BGM023.EMI	276480	309ad22fa25ce24ab8c51a8b5310d47d7449b0fc1b899f7f4d2cf51433881313
PSP_GAME/USRDIR/JPN/BGM/BGM026.EMI	303104	4e9253c4f1160115572d5cbf582300d62c04e9e902ab085f78f3391d5b5aa92f
PSP_GAME/USRDIR/JPN/BGM/BGM027.EMI	225280	fda20d015852ff059025cd0871e3a95da38a0a15485004b09e1e692317782b8b
PSP_GAME/USRDIR/JPN/BGM/BGM028.EMI	262144	5ecce9eea4ac51dfae8fd725ea2c772c5cff69b84a283682f6aa84bfb2cad4c6
PSP_GAME/USRDIR/JPN/BGM/BGM030.EMI	268288	9f0b16908b05bbfa30373a9cd414c08531ed8a59274f39274acca15deaad922c
PSP_GAME/USRDIR/JPN/BGM/BGM032.EMI	161792	4a23d7c2988db601bcc79d5136a0bb39a5bb8bc946039fc010fb92302c107e4f
PSP_GAME/USRDIR/JPN/BGM/BGM035.EMI	247808	6932cf8d3ee8709f286c7516a446425f6784d6d0bd05a28a16e548f8785a260e
PSP_GAME/USRDIR/JPN/BGM/BGM037.EMI	253952	17a12a885ec3b26335bed0f4565de8a5ccd4b88d748a6e896e04224933bc1449
PSP_GAME/USRDIR/JPN/BGM/BGM039.EMI	266240	bb04aafb0beb6a3eade5cc10912e1db06a41545b46be0e9797c532b49ea6efb3
PSP_GAME/USRDIR/JPN/BGM/BGM039A.EMI	268288	6f0a192d11e7e0c7558e9083a9b103ca91c14d406e8693d5b7d807c0ce799340
PSP_GAME/USRDIR/JPN/BGM/BGM040.EMI	290816	ee32dd9de42ec6a644df318963e99e515f765b9818eaf2a54f816d226aa7e8d6
PSP_GAME/USRDIR/JPN/BGM/BGM040A.EMI	233472	82eda2a684c4042e1cf5ca08d0865039b12a1fda56fed3e543bdda1a86e9c60e
PSP_GAME/USRDIR/JPN/BGM/BGM041.EMI	256000	69f6a577f3441f80289f616628d63c43b71a3ca384bcc27dee6fc3323bbea884
PSP_GAME/USRDIR/JPN/BGM/BGM043.EMI	266240	fb6844dd4dd4deec0ea7e20ad223ff800e5ef8b546ec3f9dd620541720627c08
PSP_GAME/USRDIR/JPN/BGM/BGM050.EMI	276480	2c6bf629d3067fa7de4f7cbf8a4777bf730e766716f77f625638a48dd30933a0
PSP_GAME/USRDIR/JPN/BGM/BGM051.EMI	270336	006cb6fbe1c14fbb027e489607c4d79d63e243d37ee632f11e370c9cbf50da77
PSP_GAME/USRDIR/JPN/BGM/BGM052.EMI	253952	8f4ac161de359aaaf6173b49e59ec99cc4bd04f9f1ab4ba02fee5834645e0ad7
PSP_GAME/USRDIR/JPN/BGM/BGM053.EMI	57344	49de192d8f8d88b07edd0c4b197c0037c006076bc02db32138f2d0341fe2dbcb
PSP_GAME/USRDIR/JPN/BGM/BGM054.EMI	110592	8632ba825da55342f3e23438d840207772a4365b3e269f3b2d19025698267d7b
PSP_GAME/USRDIR/JPN/BGM/BGM057.EMI	266240	92c10ff0d941c98c2c4a794731df58a9c06dcd99ceb3bda13ded77be1a556cb0
PSP_GAME/USRDIR/JPN/BGM/BGM058.EMI	141312	42b9051217f49a81bc4c90e2b39b294039bb3248dd9894d04e30cd639b6f5c54
PSP_GAME/USRDIR/JPN/BGM/BGM060.EMI	67584	eedc82318932d400e8138550ab7ccd4f2271a1c74c0c54edf503d14e46dd4395
PSP_GAME/USRDIR/JPN/BGM/BGM067.EMI	258048	876d62f521c94723575b75d011cd3e3a6d2f699c5905211f49f284e24e605ac6
PSP_GAME/USRDIR/JPN/BGM/BGM068.EMI	270336	f7b47eab2c9fee6243ad9d15ad32be64d7a84868df657cb3672364696f9863f3
PSP_GAME/USRDIR/JPN/BGM/BGM070.EMI	264192	7f86212371cb22e859dd0df78d08c5696df33a1d6b6149c75c35949109cf0c30
PSP_GAME/USRDIR/JPN/BGM/BGM075.EMI	233472	28774cf6f9da6e7b5f19e98ca955c74a5700d97473e146088d77d42e3c614590
PSP_GAME/USRDIR/JPN/BGM/BGM076.EMI	47104	f7c02c2192e53778b4a67a911668fbb7a5fe44bb55004526170381efb7440ccc
PSP_GAME/USRDIR/JPN/BGM/BGM077.EMI	270336	9bd47d01b4f8715fe7169cb40f8d7e204bd811a89cae3b0a191e02522c1ecc8d
PSP_GAME/USRDIR/JPN/BGM/BGM078.EMI	296960	36fac50bfa07a7bdd65425d32d69d6e51579667360caefacb06b2da77a030ad8
PSP_GAME/USRDIR/JPN/BGM/BGM078A.EMI	274432	16ef33010c2b166109078b2253491c227830e0762798477a1e136fd5c8fe4e96
PSP_GAME/USRDIR/JPN/BGM/BGM082.EMI	294912	643ed31dcaf07c80bf9fe8ab9b6900028591a487d6a9895735d85d3669f0206a
PSP_GAME/USRDIR/JPN/BGM/BGM082A.EMI	260096	d9e1cedca0d86cf1b6aefdb9df831f8f17132723106147c7d708b1514cd2e592
PSP_GAME/USRDIR/JPN/BGM/BGM082B.EMI	247808	730bafced71585d2c6f5293e99f186c0c07e583ee50ea488863898a1ea04f851
PSP_GAME/USRDIR/JPN/BGM/BGM092.EMI	266240	0ceb63a1339c58b271f83d15186df6b135b129ddd965840bb7fcce538415e20b
PSP_GAME/USRDIR/JPN/BGM/BGM098.EMI	180224	2145348e48f906cdabd1f86dd2a066498b7277556af19e82f031e1db9772c50e
PSP_GAME/USRDIR/JPN/BGM/BGM099.EMI	286720	39c2deda01eb7e4f7326bd7781b84b12bc551932cb3ff68e1288c6f5dc672d3f
PSP_GAME/USRDIR/JPN/BGM/BGM101.EMI	260096	440b94322b0520313c35c03bba5865ae37c7530b161d6d92987616af75e2a7e3
PSP_GAME/USRDIR/JPN/BGM/BGM102.EMI	239616	0c7f506229f19d63d66b2bc7f1db26c39ce0493ed97cec1069d8269ea09859e9
PSP_GAME/USRDIR/JPN/BGM/BGM104.EMI	272384	6d740f4d8d010e8b8fa84b18ce12fbd57b59fc51fdb8c6f4eac3d0d929e31ea7
PSP_GAME/USRDIR/JPN/BGM/BGM108.EMI	276480	555de24709fc2a23204944e618840be96c40032f1a328d3b8bcafa6baad341fb
PSP_GAME/USRDIR/JPN/BGM/BGM117.EMI	245760	6b8ae5b97c60aec1114eaba3217d7ba3c67e147cdba2dfcee176dd6832e8d323
PSP_GAME/USRDIR/JPN/BGM/BGM127.EMI	268288	bcacac01af2024f81a511bc04ebc2d2de497f1efec5e1483c7a1087a853767b0
PSP_GAME/USRDIR/JPN/BGM/BGM130.EMI	262144	b96596c6971098230d4e16a0aac75e1808bd1fc5324dfbca56a8a550527f51c9
PSP_GAME/USRDIR/JPN/BGM/BGM131.EMI	245760	4d4a550f6126788905669cbce53fc209ed9fa08acc9a9cd920cccf3c7b47ef98
PSP_GAME/USRDIR/JPN/BGM/BGM133.EMI	247808	3d90a4ba99e208cc5db84f985f2f76b2ac689fc6e1d70c563b7e2bc72053c78a
PSP_GAME/USRDIR/JPN/BGM/BGM143.EMI	229376	1469a4ee2f34e6376da986c09a807e91bca64de9cb5dd32817bcc0e7f385b91c
PSP_GAME/USRDIR/JPN/BGM/BGM147.EMI	251904	a43a66806566897117ef0844e723e0d5c3e46b8b5bb75417046ec2519824510d
PSP_GAME/USRDIR/JPN/BGM/BGM153.EMI	61440	4b4d420646fbdede1fae76bcd4c4cfe457d4d1598a163dfc7293b653062c194d
PSP_GAME/USRDIR/JPN/BGM/BGM155.EMI	258048	1e42753dc35b20a3d49c6c24b48d253045bb02ed70892c513aa71baa8750b6f6
PSP_GAME/USRDIR/JPN/BGM/BGM167.EMI	280576	3460286e2f829a5d301351f2f0c86016df616ac4d8db72d093176a4aad549cee
PSP_GAME/USRDIR/JPN/BGM/BGM175.EMI	239616	07d9ddfb4bf6c43d92bd30d35914daca15ef3e8f00ede8784b54ae65ac028e49
PSP_GAME/USRDIR/JPN/BGM/BGM175A.EMI	223232	fffabeff66197db071bb0225bbe9bbdc12d71e0f98fd84d30e62cdb2fb900709
PSP_GAME/USRDIR/JPN/BGM/BGM188.EMI	233472	ed33576ac351ddb5909c319ecb5a9af3f43690bb86d89928686d8e3d212e68d8
PSP_GAME/USRDIR/JPN/BGM/BGM189.EMI	247808	b29b488aae6d80926140df3410d073d0725a6aa26132dd9b409832cadda0314c
PSP_GAME/USRDIR/JPN/BGM/BGM197.EMI	239616	f14d4760d43684e46a4e498bc55d6ee58816ebedb5dceb6539869af1570a5d34
PSP_GAME/USRDIR/JPN/BGM/BGMBAT00.EMI	272384	bcf9757705602fe3e4f6534ce596ea7e7f1554a502dc51ef670ec4c9d607d2f9
PSP_GAME/USRDIR/JPN/BGM/BGMBAT01.EMI	276480	8bfdd4c39e0b1659d6fa701a83a78a7c78ce3a672f9b991b091622b0cfdea5c5
PSP_GAME/USRDIR/JPN/BGM/BGMBAT02.EMI	272384	769b86fa36b5c598693e195948dbf271bf86abe657128baa918f82e68487f530
PSP_GAME/USRDIR/JPN/BGM/BGMBAT03.EMI	264192	4b91077dbfec66cec4d7ff6685cbcd118ab1af7b54e624f849105e2ab1656e1a
PSP_GAME/USRDIR/JPN/BGM/BGMBAT04.EMI	276480	fd404504db35feff947093500da5022d8e8fc656404e0eba1b58b1dec17de862
PSP_GAME/USRDIR/JPN/BGM/BGMBAT05.EMI	268288	040022807c250156ffea43e87f06049798af3d80ff9647d5776623d332d94fbe
PSP_GAME/USRDIR/JPN/BGM/BGMBAT06.EMI	288768	b4d9e67a50a7a6475c540fdcce08cce92cceb67343c4409794e15005c77a87d6
PSP_GAME/USRDIR/JPN/BGM/BGMEND.EMI	452608	9716f4d9172844c5c498e38d0c832f4b5a524bdd1437d6cd79a7d5b8f3ddf99e
PSP_GAME/USRDIR/JPN/BGM/BGMOPN.EMI	434176	daa7725ed6b42e7d5d8f61b4d3b2eec9064850e71e5cfb70c8051fe097f7b72f
PSP_GAME/USRDIR/JPN/BGM/BGMSPC.EMI	284672	c7f6ca223b6f56453aff2fbb6d4af4e01a8bcb37500dc3611760f77948e76f06
PSP_GAME/USRDIR/JPN/BMAGIC/KAIZAR_D.EMI	90112	fc4e0b32ece32b9f83b240ff70802e309dc137e2c273c4ab7e5ee66244e4c5d1
PSP_GAME/USRDIR/JPN/BMAGIC/KAIZAR_F.EMI	90112	9a3fe53ec65922e493e736ec219fd96094389deaa8ed484cf206a1914f86dd37
PSP_GAME/USRDIR/JPN/BMAGIC/KAIZAR_N.EMI	90112	b06aa9b463e22b8dee2441ebc21b04ecc824a019c5d88b06720836a323e93e72
PSP_GAME/USRDIR/JPN/BMAGIC/MAGIC001.EMI	10240	8b6e124d636192b2f3cfd2dbb9a028824422888ca658480b8d96b8957f9532e4
PSP_GAME/USRDIR/JPN/BMAGIC/MAGIC002.EMI	8192	0779e7cf229ba6302b4b043951df66c303f322380812babb030e2cd5b5ca3b79
PSP_GAME/USRDIR/JPN/BMAGIC/MAGIC003.EMI	86016	d18b9c697c4c84bb222bd5a785e673ed210505115b2b7e0a45d115474615bf0b
PSP_GAME/USRDIR/JPN/BMAGIC/MAGIC004.EMI	120832	ed9cd4da7faa3fc153a527dd617eab9110d81f7de432bdd6169c994b4292d882
PSP_GAME/USRDIR/JPN/BMAGIC/MAGIC005.EMI	133120	675e08b8153696b3c15b3aeea9991df1534eecc0e4f3f66376d4755faac0fe2c
PSP_GAME/USRDIR/JPN/BMAGIC/MAGIC006.EMI	122880	878feadf29dc6e5cab1532af510491b95fac3f35e28fd09e7a318621ba0a96d2
PSP_GAME/USRDIR/JPN/BMAGIC/MAGIC008.EMI	51200	0435765523c4a114f6642afc7558a177d1451f1866cb527bbdb280fea722a21d
PSP_GAME/USRDIR/JPN/BMAGIC/MAGIC009.EMI	67584	2f76ec7947e1419b98235b89e84b486eb982e479e34292ec187a254353e6dd30
PSP_GAME/USRDIR/JPN/BMAGIC/MAGIC010.EMI	4096	d0d959a26a99453bf55e907f2544ec6401a5512f465002dcf98ca9e01b43d650
PSP_GAME/USRDIR/JPN/BMAGIC/MAGIC012.EMI	73728	05e62e3c90d753d94ba7b8a38a2b4f9bf055db1c3d13e97f9c012c2f91ca683e
PSP_GAME/USRDIR/JPN/BMAGIC/MAGIC013.EMI	69632	34a94b34bc04379a01d3a7ac4f9824cc00d0d6334c528a4ed00c6eea0b12510c
PSP_GAME/USRDIR/JPN/BMAGIC/MAGIC015.EMI	14336	2f9b7578aefb4fb5a3e66ddba32e2826571317f8f51400abc3414e37ceb191a1
PSP_GAME/USRDIR/JPN/BMAGIC/MAGIC016.EMI	49152	9770b543abbd36902f01801a10f7a4b93d6de70e022203f8aa6edc2ef351bffe
PSP_GAME/USRDIR/JPN/BMAGIC/MAGIC017.EMI	32768	d5a234aee57ea3ab3affeb7f6d415a1289caccb14b59a1b0ed108cd62d6e7a6a
PSP_GAME/USRDIR/JPN/BMAGIC/MAGIC018.EMI	59392	2a02934da01f39a7318c1c82504f7328180403dd1247c04d80c435f1147d03a0
PSP_GAME/USRDIR/JPN/BMAGIC/MAGIC019.EMI	83968	38c06c8559029d8579a63c8cec4a5c81002c535ded7d887ee5112eb8a8a38960
PSP_GAME/USRDIR/JPN/BMAGIC/MAGIC020.EMI	67584	53f5b14f4590472acbbaf4917be3aa34c3524334339e27c69e0fbc5992bed9b0
PSP_GAME/USRDIR/JPN/BMAGIC/MAGIC021.EMI	40960	7eab328053a1b9cd76e3c3aaec8cdc19c7cce0eb44bbae33536d636e32179dc2
PSP_GAME/USRDIR/JPN/BMAGIC/MAGIC029.EMI	133120	28b465a31c496147a0d6bb7fcd0778dfd35d3d29bc82cd76fbe69292914748c4
PSP_GAME/USRDIR/JPN/BMAGIC/MAGIC038.EMI	163840	bfd8b07c60bcc4967d0df76fa20f685d8787cf42271d2d6fa6a139604268fe3d
PSP_GAME/USRDIR/JPN/BMAGIC/MAGIC039.EMI	88064	b010ee8bc7ef2719f708f3ec2324ef75e838680c84f020464dadc30daa9c3694
PSP_GAME/USRDIR/JPN/BMAGIC/MAGIC040.EMI	102400	5d93aadf944a8e162ec79d26ac9d16f8fbccb93ecc827e9b00fa31c8222eaf57
PSP_GAME/USRDIR/JPN/BMAGIC/MAGIC041.EMI	53248	5df43a90d0a119df00a9a3633502f245afd2ce08190d9bfebb2753b6a9b8df92
PSP_GAME/USRDIR/JPN/BMAGIC/MAGIC042.EMI	47104	b066ed169229e30da7be21910828a533665cecb4b888a627fd42d7024183a776
PSP_GAME/USRDIR/JPN/BMAGIC/MAGIC043.EMI	120832	64644ffb535896359b99cc877f47d77da30fe96fb2d9ad058e2d7a612bd5347d
PSP_GAME/USRDIR/JPN/BMAGIC/MAGIC044.EMI	88064	3d046e17e1fe3b5415653a82c613655d05e60daca9c06fd2f59f0db081612332
PSP_GAME/USRDIR/JPN/BMAGIC/MAGIC045.EMI	43008	cfe82081df3c3688054246b35692655ebf9356f9841a769c05b76245d5f4be7a
PSP_GAME/USRDIR/JPN/BMAGIC/MAGIC046.EMI	122880	fa4b0f11b4f575be21c786fa82573c19dc6a02d1899d53db183991e8c8115afb
PSP_GAME/USRDIR/JPN/BMAGIC/MAGIC047.EMI	122880	30dc71daae47512b363a568caaf4517218eb033f7b39da832638bd200d4e94c3
PSP_GAME/USRDIR/JPN/BMAGIC/MAGIC048.EMI	71680	14a1e65ad1229b21ede876e04d8a3161117ffc749c585df2285c7b3f5f555d50
PSP_GAME/USRDIR/JPN/BMAGIC/MAGIC049.EMI	108544	24de07197c81e8d69230764c40c537adc36315df17d4ead255bbdfa603c096e0
PSP_GAME/USRDIR/JPN/BMAGIC/MAGIC050.EMI	32768	81d915e9628cd3fde1cfffa95ac6992f4c1b2e3f730f4af27e7cd1a0f608cdaa
PSP_GAME/USRDIR/JPN/BMAGIC/MAGIC052.EMI	53248	f61041ebb74a9520e6ced2e0564a7c2258e598b546990e40176a0f7ea7c5e208
PSP_GAME/USRDIR/JPN/BMAGIC/MAGIC053.EMI	112640	41d383cdb72df95e034f9b5b8bd593313518100f77939662bc88a85c7b6de6a6
PSP_GAME/USRDIR/JPN/BMAGIC/MAGIC054.EMI	79872	cffe9361bc60e7a75e42e828674fc79d8023b86b0457a62d41b267844cbff7f8
PSP_GAME/USRDIR/JPN/BMAGIC/MAGIC055.EMI	69632	c2934781d8e130762e230737d788e3efbb1533782e74fcde2a8ddb4f5ebd1f62
PSP_GAME/USRDIR/JPN/BMAGIC/MAGIC056.EMI	86016	5b249c7c6d788d9a5be71c46ae6f778f36dad1a291c983f0d31ff881bfffeaf8
PSP_GAME/USRDIR/JPN/BMAGIC/MAGIC057.EMI	114688	1c2c3040ae648e55c59df4323f178ce8497dcd1c0259783825a2dda7a77e8d43
PSP_GAME/USRDIR/JPN/BMAGIC/MAGIC058.EMI	79872	47924d08965820d3e8ef79af7818c6e5ceff4acc927930740edd30ce3d926639
PSP_GAME/USRDIR/JPN/BMAGIC/MAGIC059.EMI	129024	b158be76626525df66b8105a92be6b992f6465eb7a7d0b6e1267c347e82eef77
PSP_GAME/USRDIR/JPN/BMAGIC/MAGIC060.EMI	10240	0e2b2c64f9ea632f22bb70455a797c99304978cf972598bbe465b8b04b6e7c7b
PSP_GAME/USRDIR/JPN/BMAGIC/MAGIC062.EMI	108544	8de7ea29a3620f295a0467a9f97d49677bc79135c3aa36268e87068081a91412
PSP_GAME/USRDIR/JPN/BMAGIC/MAGIC063.EMI	83968	f2df1baf19661e83ebf05fe2828e0de9bab5394b5fb51cfdf6ad13e779a11ccc
PSP_GAME/USRDIR/JPN/BMAGIC/MAGIC064.EMI	106496	6e7de8eb8d637a6740869ca675316cf6141d339ca3b347327556492bb02bf00c
PSP_GAME/USRDIR/JPN/BMAGIC/MAGIC065.EMI	6144	3f38d8e86a7351180cfeed8f13f1da69cc6370af82e2bc12a70d0efec6c14ac8
PSP_GAME/USRDIR/JPN/BMAGIC/MAGIC066.EMI	159744	b329360e3642170acff3c719afdaaff5fecbb687f6295a75f997aa16cb045448
PSP_GAME/USRDIR/JPN/BMAGIC/MAGIC067.EMI	165888	91affbef1a5c5459b7d30c905b8982ffcdc5b47ec1f60fb08500831f59f5d0f6
PSP_GAME/USRDIR/JPN/BMAGIC/MAGIC068.EMI	49152	8f410171e6566c9ce0f5c1690cf833d0ee583610fcc2b689371370dbc8e727f9
PSP_GAME/USRDIR/JPN/BMAGIC/MAGIC069.EMI	131072	fdee365b12216ae015723c5fe51305e37a3282d2b0661099877ffc945674b14b
PSP_GAME/USRDIR/JPN/BMAGIC/MAGIC070.EMI	86016	21532b7063a8056b1d33cfd7d019ff6dc815891fc4ebcf6b7646c0c5897d6dd6
PSP_GAME/USRDIR/JPN/BMAGIC/MAGIC071.EMI	86016	f21c75d766be48cd24f136763ef135454ca7c6a89407566cdf36f687caaefd17
PSP_GAME/USRDIR/JPN/BMAGIC/MAGIC072.EMI	86016	f41aeeb12c461873b028b254e6155bd7d569bb28b0565c92dad6b3283c47f441
PSP_GAME/USRDIR/JPN/BMAGIC/MAGIC073.EMI	71680	24428939db1147681c12188a45f2665ee62c78f9e0eab5abf1d50c43e5b3c4b7
PSP_GAME/USRDIR/JPN/BMAGIC/MAGIC074.EMI	71680	ff36210c82d1450d0cfdbf11b9f5981ce166608259cbe99f1b55a45957dd3dc9
PSP_GAME/USRDIR/JPN/BMAGIC/MAGIC075.EMI	116736	b294e4dc99209d395722f86ea2a750735608690ac4616b7d21585ef24b7b63c5
PSP_GAME/USRDIR/JPN/BMAGIC/MAGIC076.EMI	165888	36cfcb02112201b3f5a8897d197ff1e3df5157040c0983cecb926e624ef3c040
PSP_GAME/USRDIR/JPN/BMAGIC/MAGIC077.EMI	165888	a440340cda34219619aba3b40460136f28b647d6bfac01983ab195bec3988b54
PSP_GAME/USRDIR/JPN/BMAGIC/MAGIC078.EMI	90112	67e2374881f9c467697adcadd6e8b47c4dcc6e80a4093b94b7e0da5b1cea7ad3
PSP_GAME/USRDIR/JPN/BMAGIC/MAGIC079.EMI	75776	ee0e8248df456a42ffe93453b139bf92f369ebbe0e7358fae34a37f240cbde59
PSP_GAME/USRDIR/JPN/BMAGIC/MAGIC080.EMI	4096	fbd8d213b4ad83f04e688772fe7b1c75f4d68f9a94e9696f32f7ff70edf42149
PSP_GAME/USRDIR/JPN/BMAGIC/MAGIC081.EMI	116736	a8b6348f924dbc1b708b4fb6d67f9ed5170fbdf5aa9eb57273bc5b72abacc631
PSP_GAME/USRDIR/JPN/BMAGIC/MAGIC082.EMI	108544	f3b2fa3f7c01fbb310ad66f989a0d4c73aa4ea7c1b46895acff6d13a177b2ca9
PSP_GAME/USRDIR/JPN/BMAGIC/MAGIC083.EMI	110592	3360205cf425735695bb48ad18ecb8a0a483f5007effadd328e39f670b8b5825
PSP_GAME/USRDIR/JPN/BMAGIC/MAGIC086.EMI	63488	4650f7d1cc5d05d80d4a451e6cebf0e1b83639d9e00cbbd5ff84d802e5910c2f
PSP_GAME/USRDIR/JPN/BMAGIC/MAGIC087.EMI	83968	b300536b6a976255e5ba811cea6cd908c57d3fddc7242e00644072cff9375914
PSP_GAME/USRDIR/JPN/BMAGIC/MAGIC088.EMI	126976	3d630e8a68d946d174febf683f8277adc8928169089207edab4e6ab2a631146a
PSP_GAME/USRDIR/JPN/BMAGIC/MAGIC091.EMI	69632	2a9ed2a60715372f1e08f735bb9dd6902832d8c25a4f4ebe2ae2d858e28ef0ee
PSP_GAME/USRDIR/JPN/BMAGIC/MAGIC092.EMI	90112	114b5e91d2703f4706c5ccb51056bc27ee7126823f988a664fe67323abd0e9b4
PSP_GAME/USRDIR/JPN/BMAGIC/MAGIC093.EMI	165888	b34f1e0a1ef7705f009d870872e2e53e7c4b07df2f1be7e4657f942ce160a7d4
PSP_GAME/USRDIR/JPN/BMAGIC/MAGIC094.EMI	47104	100779653c70ac57c0cd607df417a71dba7e19de156770119c7a8cfd2c7d8957
PSP_GAME/USRDIR/JPN/BMAGIC/MAGIC095.EMI	96256	b144fdebced37064b965155d878d02bb4370dd510216dfafec523f89dc2dc061
PSP_GAME/USRDIR/JPN/BMAGIC/MAGIC096.EMI	145408	b67744a78d04583801536c324cc688817c0938ec3acf96d7b9ebb5a46bc75ddc
PSP_GAME/USRDIR/JPN/BMAGIC/MAGIC097.EMI	43008	b2f9e69d70beeb9074f8abb57276f9d00ee9df0aab1e2ad9e0ce60d1b41acb5f
PSP_GAME/USRDIR/JPN/BMAGIC/MAGIC098.EMI	38912	876755e28e8ca001d67663b67570dfd8c270fdb8d7e58c35cff82b97cfafb45c
PSP_GAME/USRDIR/JPN/BMAGIC/MAGIC099.EMI	92160	6be1800c3ef89ed7644e2ae7822e3e7e671275ff45243c4ca4518669503324f3
PSP_GAME/USRDIR/JPN/BMAGIC/MAGIC100.EMI	49152	b8e5e5128677698c8a23d8fc520e5f77812292b821cf47f93b4bebaacb90a9fc
PSP_GAME/USRDIR/JPN/BMAGIC/MAGIC101.EMI	81920	b7fb63bc92e365b5f54fd738c4f84ecf1a694b530939261f009987f6369377c3
PSP_GAME/USRDIR/JPN/BMAGIC/MAGIC102.EMI	90112	23fcb35a9bdaad6f83b72dfb98163c2fa1993c6b2c9d7f4d23ad3078378932e4
PSP_GAME/USRDIR/JPN/BMAGIC/MAGIC103.EMI	86016	22e440cf800c288d2eb0c5da89e78a08139fe31b95e0b78e34c402103d074649
PSP_GAME/USRDIR/JPN/BMAGIC/MAGIC104.EMI	55296	efdf4fcb1fcf9036bebff74018d7e9abf5c2d8fa6012df91617a736fd301c5ad
PSP_GAME/USRDIR/JPN/BMAGIC/MAGIC105.EMI	102400	1b5e0bd4d5e62a34ce692f49e3866e8d01a68df993aa7b8ab1679f59aa4015b3
PSP_GAME/USRDIR/JPN/BMAGIC/MAGIC106.EMI	81920	e857e4b07f1355e7b17fbbcda4f2f26d29af15beb51e79c125210fcc4e80b85e
PSP_GAME/USRDIR/JPN/BMAGIC/MAGIC107.EMI	88064	231dc306c84618c88c4510cf64cd19a202b6db89e2cd33931a1aa7e745a83927
PSP_GAME/USRDIR/JPN/BMAGIC/MAGIC108.EMI	65536	98094a99275b55a35411fd161403048ba54db7580678bcba79d8ebde47531583
PSP_GAME/USRDIR/JPN/BMAGIC/MAGIC109.EMI	69632	8d6df5d9016184c77b6d716a66721912dc2070e22cd134cff151dfa4d6177281
PSP_GAME/USRDIR/JPN/BMAGIC/MAGIC110.EMI	163840	3fb6596231e1ef1e38a80ebfae9260291b1e4362956445f3cedddd4805b55eef
PSP_GAME/USRDIR/JPN/BMAGIC/MAGIC111.EMI	75776	7d4d1174dbe4e5282ef2dd2a9cb847cf2119a83b5bf9f2be95267b222a78fca2
PSP_GAME/USRDIR/JPN/BMAGIC/MAGIC112.EMI	4096	fbd8d213b4ad83f04e688772fe7b1c75f4d68f9a94e9696f32f7ff70edf42149
PSP_GAME/USRDIR/JPN/BMAGIC/MAGIC113.EMI	129024	04ca7ccdc04977a7d4d1073be2387ca957b121b244fade80982117f86cfb7d85
PSP_GAME/USRDIR/JPN/BMAGIC/MAGIC114.EMI	184320	c7337c535df362baac97cb9eee2c26eadc64b393abb7fe15990ff0ca4b604b21
PSP_GAME/USRDIR/JPN/BMAGIC/MAGIC115.EMI	116736	8c5ffd3e6f119865c02b40615a4224f3f5f7bf148a3db4bd3297e147ed804e51
PSP_GAME/USRDIR/JPN/BMAGIC/MAGIC116.EMI	57344	7b5e64ea19a371a79b0ff2ca91cf0999b1381664452728e91878ef4bd2b95fcb
PSP_GAME/USRDIR/JPN/BMAGIC/MAGIC117.EMI	4096	97f83082e2295c04c66e8e9b1052b34a93403b0a0bf301bfe467e96d8689a47b
PSP_GAME/USRDIR/JPN/BMAGIC/MAGIC118.EMI	69632	74a903f8d27319f5cd2e171523473cc7809607e12cfad88977ae2457d02b93b8
PSP_GAME/USRDIR/JPN/BMAGIC/MAGIC120.EMI	167936	5b0d6282704484773b28a4dca8bd659109b0be35e1ed22b600a95b0555a520fb
PSP_GAME/USRDIR/JPN/BMAGIC/MAGIC121.EMI	165888	f22c902d4c0bdda5a6dd4b7fd074f0bce5004c20ca7902267d826775426980f5
PSP_GAME/USRDIR/JPN/BMAGIC/MAGIC122.EMI	163840	58f9c0644b0837d0a8e8ef07d1c2bcfd4e4fb46b62262a452ee356f6127993d6
PSP_GAME/USRDIR/JPN/BMAGIC/MAGIC123.EMI	163840	875900ef3df343e6efbe1d1f658306a33af069d99e3bb9d0801463aa8805824e
PSP_GAME/USRDIR/JPN/BMAGIC/MAGIC124.EMI	92160	b14f9650c41a29e84715141bff93c2e79fac7cb918140f85a572e7ab4ed99f12
PSP_GAME/USRDIR/JPN/BMAGIC/MAGIC125.EMI	100352	0fbbd1e676f1654a88ea86f401bff74a0fd88ba531ff37454204374b3dc50904
PSP_GAME/USRDIR/JPN/BMAGIC/MAGIC126.EMI	126976	b3760c70b04bc12e7bba3bb45793196f784b6558d52dbcecc519ee6e6075624b
PSP_GAME/USRDIR/JPN/BMAGIC/MAGIC129.EMI	96256	7e938acc591b8297f6ba0de52e69ac7d347cdac966bc40774f4b1aedb2e309ac
PSP_GAME/USRDIR/JPN/BMAGIC/MAGIC130.EMI	153600	4d0f734d5b719b85724aa0822e7833cba9e97b386545c1a51c814e7dbe57df03
PSP_GAME/USRDIR/JPN/BMAGIC/MAGIC131.EMI	151552	a338d3d48fcb19674ffc7e232d7b2726045577c4a472437870b700731cfbe3d7
PSP_GAME/USRDIR/JPN/BMAGIC/MAGIC132.EMI	143360	d091af38f7025ba943addeb35bb7cb0740d17e269667e826170c7b942b27ece3
PSP_GAME/USRDIR/JPN/BMAGIC/MAGIC133.EMI	110592	69fd0f9409aa65519532b0c6483ac93d9a6db0a95952a3920054ef514bc5d955
PSP_GAME/USRDIR/JPN/BMAGIC/MAGIC134.EMI	112640	44a164369abe887c4903ebbecb6a409e23dceb8e1b1b826854ad266811f650b9
PSP_GAME/USRDIR/JPN/BMAGIC/MAGIC135.EMI	114688	c6c183bd8ae3a07ba277e3447a6b8fa98aa292ea95333ab344399c30115e460b
PSP_GAME/USRDIR/JPN/BMAGIC/MAGIC136.EMI	112640	6552eb7a36736921ba4e9efc79d562b67bda889662c575e0ebaad5cdff8f0266
PSP_GAME/USRDIR/JPN/BMAGIC/MAGIC137.EMI	155648	9bb537b6861b399b71c787b0b7a9edef39219a0c3f3fc2d459ffd8279d531627
PSP_GAME/USRDIR/JPN/BMAGIC/MAGIC138.EMI	55296	9a9abd49808ef1d6bb9157d9a7ca3c920712d7f85f5d0e9b6662258e113526b1
PSP_GAME/USRDIR/JPN/BMAGIC/MAGIC143.EMI	38912	77b210ba65c5d448acfe873dff9030f46d4027ce5aa0bcd3333caa30964ab797
PSP_GAME/USRDIR/JPN/BMAGIC/MAGIC144.EMI	88064	6e5a9f43c813bd59c1b076ba2349e3aaa1e5dfb57ceb75713b8db7fa0413b8ed
PSP_GAME/USRDIR/JPN/BMAGIC/MAGIC145.EMI	67584	82a74e346020e2ddbdc464f884cbff6e977dd27c0fc9aa3fc6e5cee6644e7104
PSP_GAME/USRDIR/JPN/BMAGIC/MAGIC146.EMI	75776	2b25760dd5ed896f691020a604cf07d685eb67fdc9a8ed761a5b6727a16eefe4
PSP_GAME/USRDIR/JPN/BMAGIC/MAGIC150.EMI	49152	0294f757727c50aed2977c105b5343c8a7ae7b9050099193328fccd39a5d5103
PSP_GAME/USRDIR/JPN/BMAGIC/MAGIC151.EMI	104448	783afafd956ac4004db120b49ccd0dbbb524a9282d214008da2e10e5d10a7a7d
PSP_GAME/USRDIR/JPN/BMAGIC/MAGIC154.EMI	73728	e76fce4b5f899d43b46f4eee718da2fcbfba1964df8edde5156db498c6589e12
PSP_GAME/USRDIR/JPN/BMAGIC/MAGIC156.EMI	86016	a9a84c9c6ae00c5141cb17dc3e8cc3fcfafe0c9b9441cf9645ce261223cfa694
PSP_GAME/USRDIR/JPN/BMAGIC/MAGIC157.EMI	126976	be7c699a18132f1feb78e1351d435b188f67babd13119aa46d76c21bf6f0a1f5
PSP_GAME/USRDIR/JPN/BMAGIC/MAGIC158.EMI	75776	546137722394d5b597f44e1c95e70ba1251652cc24f2b3c0e3b7a864b198afd8
PSP_GAME/USRDIR/JPN/BMAGIC/MAGIC159.EMI	86016	a62a80b18720c324bcee417a281c2efd4385f33393349b42dcd341559ac2bc34
PSP_GAME/USRDIR/JPN/BMAGIC/MAGIC161.EMI	34816	1b848e8bde9328e3f63d5dfde41c179570b7833bf7a000bf907e1ed586cea53a
PSP_GAME/USRDIR/JPN/BMAGIC/MAGIC162.EMI	69632	7b231ea465becc7c2e82b04037de15892f5bc16d0bf6f82732981951dc3149a1
PSP_GAME/USRDIR/JPN/BMAGIC/MAGIC166.EMI	71680	52c32ebdf28ff52c954596b1e8b24a02896d6b12f9f8e1ea1f164814c2d9df1f
PSP_GAME/USRDIR/JPN/BMAGIC/MAGIC167.EMI	71680	13d102898338d0c117c070764ab0bcb20c8f2e0342ee90a6750909677300b3bf
PSP_GAME/USRDIR/JPN/BMAGIC/MAGIC168.EMI	86016	61e6c9eb6d5605430a942aa5c1acc03e8cdd7f26fd7d0ebb5db7636ad3ccdf2a
PSP_GAME/USRDIR/JPN/BMAGIC/MAGIC169.EMI	167936	58f1c4f288b07bc8a29c8492474d7fb8ed5ae34c5fbae772ae70c2aaba315fa4
PSP_GAME/USRDIR/JPN/BMAGIC/MAGIC172.EMI	81920	d6be556a669c2c003c629a7bd8697bc43773a424d12a9b7b18e5ef9444cbf436
PSP_GAME/USRDIR/JPN/BMAGIC/MAGIC173.EMI	90112	90b74d71a53412004cec63c38ef4895c49114f2e37ee63c23569450e0be7a4b0
PSP_GAME/USRDIR/JPN/BMAGIC/MAGIC213.EMI	124928	883773bd6665415d5893112521c6acc504809ba7d7146a11e55302594ca050b7
PSP_GAME/USRDIR/JPN/BMAGIC/MAGIC216.EMI	4096	8e9ab1be3de08fcfec5af3556fe45aa1233b8444d42c82cde248eb424540c7de
PSP_GAME/USRDIR/JPN/BMAGIC/MAGIC218.EMI	143360	34763d2aa5c3ab7e44ada2819e5cb5acd88e57d28b29c7a1289549528274728b
PSP_GAME/USRDIR/JPN/BMAGIC/MAGIC219.EMI	174080	2295e722d60e2914bb402a11bf021f69f9fabf33caf69a2aa593a829aac6b012
PSP_GAME/USRDIR/JPN/BMAGIC/MAGIC220.EMI	186368	a35785e12ac64f7131f7819cc7edbd2cfffcc8816f0f520b92d38940d05ef365
PSP_GAME/USRDIR/JPN/BMAGIC/MAGIC221.EMI	186368	f96a10fbbfbc312dad50112d1aea5dc13811657f0ef9cac4c33101eaa2c9ddb2
PSP_GAME/USRDIR/JPN/BMAGIC/MAGIC222.EMI	151552	b9ec56d15b1a1b5146ca63f2db04eb016b5198ce17b1dd157b615673539efcd9
PSP_GAME/USRDIR/JPN/BMAGIC/MAGIC223.EMI	92160	9759d5dcc3d34ecb5c1c8c2b1ec20d897142c647cb5cffb4da974ce7a5f12e73
PSP_GAME/USRDIR/JPN/BMAGIC/MAGIC225.EMI	147456	56630a9e1c2da93fd1286cb3664508c12d8c81b5c7f4d9435cd1eecf77b0b1dd
PSP_GAME/USRDIR/JPN/BMAGIC/MAGIC226.EMI	163840	bcafcc1906b35f30c91e63fb0b1c6fa338a8b6aaff12de35b60a7fbd0f350745
PSP_GAME/USRDIR/JPN/BMAGIC/MAGIC227.EMI	163840	ffbdbe93902c16da4e442ec2456036c84380f5fb261247c3c7d9ce727f610d8c
PSP_GAME/USRDIR/JPN/BOSS/BOSS001.EMI	438272	10c2e76005324f46d4362ccca51948892d05781765d21cf38dc054dbd7e9aaa5
PSP_GAME/USRDIR/JPN/BOSS/BOSS002.EMI	753664	212c395cd9b3ee12db762bb99fe7150fd981c6438d40e2240c62b69962479da7
PSP_GAME/USRDIR/JPN/BOSS/BOSS004.EMI	448512	5f37a4b3afee30a3073e6193e1adbf26fa9aeb7e222b99fa20fd38d97b5e8559
PSP_GAME/USRDIR/JPN/BOSS/BOSS007.EMI	712704	146d2ccb1d8ecd6446039cd2af6babdf6ab2924c5b81f92c66666f856f13a1d4
PSP_GAME/USRDIR/JPN/BOSS/BOSS008.EMI	743424	c8faaa0e5413255e215b1103ccbdf1241e47aa3b277c24e25e44268c1cdd9c7c
PSP_GAME/USRDIR/JPN/BOSS/BOSS012.EMI	751616	5964c5dc8bbac2c83ed62fa8f9284d5f8e643371dc1394e947a6120b3bdb0089
PSP_GAME/USRDIR/JPN/BOSS/BOSS013.EMI	735232	04d00053d54fe10d649ea41c28e4348bd3678b3b3ef629c3355a4c3817cf31f4
PSP_GAME/USRDIR/JPN/BOSS/BOSS014.EMI	724992	9bf262db79e79d05570678a0ac6ea628b0dd5e0d07ac297682bcd9d601495799
PSP_GAME/USRDIR/JPN/BOSS/BOSS015.EMI	745472	a77091bec51280250c2cb8bb373e913f0b233edb00facf305830a9d2c26fc928
PSP_GAME/USRDIR/JPN/BOSS/BOSS017.EMI	714752	031e245b5aa12633891205c8d80cf1bae172631cbaf87b260544d6ec25cbdacf
PSP_GAME/USRDIR/JPN/BOSS/BOSS018.EMI	733184	0fbd873c94bf94630d3da9cd1c09b28f76c5d330646eb1d2e4e84182871d58ad
PSP_GAME/USRDIR/JPN/BOSS/BOSS019.EMI	731136	af4afc2d7a4f8cf022648c3fd6d0bfe33b4cd2594854ac0e4d5b8bd754bf0edb
PSP_GAME/USRDIR/JPN/BOSS/BOSS020.EMI	733184	492e2e203757b0acc0bc8601786f3135dd53746174b6cb2231864ace2cd47e06
PSP_GAME/USRDIR/JPN/BOSS/BOSS021.EMI	724992	bd8f6374baae4b7042cbd2d1029f0cd695ea6b54a62e6c5672ef180482f4ede2
PSP_GAME/USRDIR/JPN/BOSS/BOSS022.EMI	464896	66b22618815e8960818f2ffe80b4b5a812b1d7196ccecbc9aae4f7c1f10b7f44
PSP_GAME/USRDIR/JPN/BOSS/BOSS023.EMI	706560	bcf2ec4ab256be619923c4322c422e5b8e0d09661c011875f3133f82c6858adc
PSP_GAME/USRDIR/JPN/BOSS/BOSS024.EMI	737280	80872530ea1e675ff9683466582fea6d66f0fbf6485a17d562918c104b184d84
PSP_GAME/USRDIR/JPN/BOSS/BOSS025.EMI	468992	9edd1da9bb586d80239c2cce6f21218240d6fc0402f5018b8d77939e0675c29c
PSP_GAME/USRDIR/JPN/BOSS/BOSS027.EMI	743424	b4edf58a47b1e95cd7e199720572a8a6109848bbf66f9ca4f7e8554bb6756c25
PSP_GAME/USRDIR/JPN/BOSS/BOSS028.EMI	733184	e1470edb23679a7c47926122d88731a26bf435db01b1426f39269447a882b37d
PSP_GAME/USRDIR/JPN/BOSS/BOSS029.EMI	710656	bb2679d6f33543b2ad5a823778e61190ccb2ca81554be9505766b766de3ae517
PSP_GAME/USRDIR/JPN/BOSS/BOSS030.EMI	731136	4a350a604debb3cd51b468af6beccfed81898660c5b84cbec726b0e16e50f6bc
PSP_GAME/USRDIR/JPN/BOSS/BOSS031.EMI	464896	ced0aea78104b1357656ddf11525ce53b445cb8f3309f30d2c5708a6938b7caf
PSP_GAME/USRDIR/JPN/BOSS/BOSS032.EMI	727040	c5589f879af2d1c9374752f3a1eb475fc942d82a4578f6506cf742cce053b3fd
PSP_GAME/USRDIR/JPN/BOSS/BOSS033.EMI	718848	4d1338ada83270a26c7bdac48a1d7ac9c437a58aa7fdd5f3f0a933359fb8a5f2
PSP_GAME/USRDIR/JPN/BOSS/BOSS034.EMI	747520	9ca45916d399349ffb0d2b9e22e72b5863cf04ee9cc2a5762089cf40aed3b3f9
PSP_GAME/USRDIR/JPN/BOSS/BOSS035.EMI	737280	aee8aa754df51133fbebb4dcb7d93735a60611f1d4e2e4409064f12e0fe2d5d2
PSP_GAME/USRDIR/JPN/BOSS/BOSS036.EMI	753664	690dd02e525cb0afb620587bfb2f573bc20676804162a8303f13144dab2f4b0e
PSP_GAME/USRDIR/JPN/BOSS/BOSS037.EMI	735232	4216a097e00c78d9b19c99158d91ee4d49c9b954b6f21868748bf56619e86251
PSP_GAME/USRDIR/JPN/BOSS/BOSS038.EMI	735232	fce4051e3438c943c2805efd49266575cf97bbc5a49a58564554798c092e2d25
PSP_GAME/USRDIR/JPN/BOSS/BOSS040.EMI	720896	2600d5c841b69a54e57de94e7651aad0a919a95f6787a2c6276db439b33e39b0
PSP_GAME/USRDIR/JPN/BOSS/BOSS042.EMI	722944	29a1c9dbe645f61c9cb1bb3380e77e126097792632494ac1bb815af79b9e9f95
PSP_GAME/USRDIR/JPN/BOSS/BOSS046.EMI	729088	04bbf2c1f7ad178d493e776e00d29bfa4f18a1581850ca7ca537d7beeb98f48e
PSP_GAME/USRDIR/JPN/BOSS/BOSS047.EMI	737280	1af223ab39f4969e0a227161bbb0bce4e7998a2df86f2f2bdf1e7278c425f807
PSP_GAME/USRDIR/JPN/BOSS/BOSS049.EMI	727040	8be01a987246b32e6b7c7b2b8b0d28e6102f97b6753ce056fb454d7c78f2b26e
PSP_GAME/USRDIR/JPN/BOSS/BOSS050.EMI	735232	86560ec96cc8fc8e59274a3449ef24047972c83d6f19a613c43f4a90308dc2f6
PSP_GAME/USRDIR/JPN/BOSS/BOSS051.EMI	745472	a212111b62a0e74412cf5174ee72882d81035d9a2c29e5efdadc956e934f0b9c
PSP_GAME/USRDIR/JPN/BOSS/BOSS052.EMI	743424	6cb55cb7e6f902f5f1b058e81beb1eda1248fd292977aa66c2a80d9897d79222
PSP_GAME/USRDIR/JPN/BOSS/BOSS054.EMI	753664	d99dfa33b398e65a5c0a75252a7e5e2414c154560f7386cdf0c3407aa44d322d
PSP_GAME/USRDIR/JPN/BOSS/BOSS055.EMI	761856	7275c2003645f8dcdd8c149912e70fa3c4b523cb347d569ecc998a8eb317f546
PSP_GAME/USRDIR/JPN/BPLCHAR/BPLD012.EMI	497664	480f1251a54de1b3d88ff980117b306e104d05ece914b35719b3decf5148550f
PSP_GAME/USRDIR/JPN/BPLCHAR/BPLD015.EMI	458752	d7df76fdfe7250d9d7dff3d20437c060cbc95520eaef39ffa0569623f146669c
PSP_GAME/USRDIR/JPN/BPLCHAR/BPLD016.EMI	460800	0b8287eb5c050a5d46ec586488a83da5b3682d305a326957cffc39eb0eeee647
PSP_GAME/USRDIR/JPN/BPLCHAR/BPLD025.EMI	495616	08f57dfd38561ebb23ade1e4446ea0e266f88ff4204d7c244e6fda2115c2dcf5
PSP_GAME/USRDIR/JPN/BPLCHAR/BPLD026.EMI	497664	2091e0359c5cc9d8ecbc5a7cf089e654f56304acaa44e7c8c614aff65c31a0f9
PSP_GAME/USRDIR/JPN/BPLCHAR/BPLD034.EMI	456704	eed483ecc9613e60ee3daf9457c2703c979a6bec9d8670e9c65f7d0dfa650356
PSP_GAME/USRDIR/JPN/BPLCHAR/BPLD056.EMI	458752	3055f0ad9ed4f0845919e2615c51db3056da25c9619bfebab969d12bb6e23d23
PSP_GAME/USRDIR/JPN/BPLCHAR/BPLD247.EMI	493568	f0ed9f983cdc4fcca6093de3d302b09f604060d79e5de28b91eef6a009dfa7b4
PSP_GAME/USRDIR/JPN/BPLCHAR/BPLD257.EMI	495616	f0e632169412b83641733ce8257093b67fb4bf87843b1f1520f22fe3ac0a3f6c
PSP_GAME/USRDIR/JPN/BPLCHAR/BPLD267.EMI	497664	a59c30789db1e568ce6b0708ce78694807d659faa7c6cb98428e79171af77c1c
PSP_GAME/USRDIR/JPN/BPLCHAR/BPLD278.EMI	491520	c75f1f80a024e52c1cf1b4291e84d325e446251964ccd990837680e4b76bea23
PSP_GAME/USRDIR/JPN/BPLCHAR/BPLD27A.EMI	387072	7f91fa9fb73e9b886f92b668a96db394230083d02ab2df99f077bc1d4467b709
PSP_GAME/USRDIR/JPN/BPLCHAR/BPLD349.EMI	335872	ae27fb1f8fc9455afb654717854ca75b584e9fc6f5979e80c151fa1ef446c033
PSP_GAME/USRDIR/JPN/BPLCHAR/BPLD457.EMI	454656	37f1a55cb9b8b66fdb2ac6af88cd8a2402ed955f7a1e2bbb5e7593cf0e2e3609
PSP_GAME/USRDIR/JPN/BPLCHAR/BPLD467.EMI	456704	82ad18b972522b19c870cfa8cae20e08ecf642e94ee146500b5bed06f9a61bc0
PSP_GAME/USRDIR/JPN/BPLCHAR/BPLD478.EMI	450560	dab7cb9b62dd0f0a8f4b510f59a14c3432996e543ae5faecd05d90fb0be0569b
PSP_GAME/USRDIR/JPN/BPLCHAR/BPLD567.EMI	458752	ab67471b79d81c9330cbc61de23e9b7e193367a15942caf69caf6f4cb15d3b8f
PSP_GAME/USRDIR/JPN/BPLCHAR/BPLD578.EMI	452608	7fc072d18058d542392b15779ff00b560eeff6139d6a16799efae68f3dc36280
PSP_GAME/USRDIR/JPN/BPLCHAR/BPLD678.EMI	454656	a6a89bb35a2636b5e0a0c1fcd30f347b332ae8d5ec701d3ae9dbd614560921ea
PSP_GAME/USRDIR/JPN/BPLCHAR/BPLU012.EMI	497664	ebde3be95d9b0cdefcf861f47b637646da473ca1858c328bb642c429ccad8799
PSP_GAME/USRDIR/JPN/BPLCHAR/BPLU015.EMI	458752	bea7cccf9d651d446be68da23c3306c397ea02303efc2360647636dd24eefb43
PSP_GAME/USRDIR/JPN/BPLCHAR/BPLU016.EMI	460800	28ce7a543b2719c341df3ada09d8ae47969a281abbbdec3e8d13ef9f9b52d41f
PSP_GAME/USRDIR/JPN/BPLCHAR/BPLU025.EMI	495616	59f51a43b44cf73cd278518bc61bb3f0c5dc8e1c5d37b66204af39548526740d
PSP_GAME/USRDIR/JPN/BPLCHAR/BPLU026.EMI	497664	e2569fc96dc809a3287285ba825da635e7dbdf901be71e1bb73ca9bd8396e13e
PSP_GAME/USRDIR/JPN/BPLCHAR/BPLU034.EMI	456704	7850a28d6984bb348ff885ef894ef2e7bc5656365ea21b60b28d43bfeb677dda
PSP_GAME/USRDIR/JPN/BPLCHAR/BPLU056.EMI	458752	fa261417fc1f9ab269436dd056cc939acace4041c4b289f6b1d74a87293f9bb2
PSP_GAME/USRDIR/JPN/BPLCHAR/BPLU247.EMI	493568	e40112b1aa6a782181a096b0a2792c4fd723eec64c1bf61003cfc2ba8b97a245
PSP_GAME/USRDIR/JPN/BPLCHAR/BPLU257.EMI	495616	3a461337b6ccaeb88429679630e9573a18c9edffb4b2f5c60a5abfce0ac95729
PSP_GAME/USRDIR/JPN/BPLCHAR/BPLU267.EMI	497664	7022d71e569773d20f4d146c51b135d47ad96eec89eaf95aab6bfd43de2eeaf2
PSP_GAME/USRDIR/JPN/BPLCHAR/BPLU278.EMI	491520	3d3488360c9f29027e3478280e4260ed92f2a53d238155cf5747e979048c4b01
PSP_GAME/USRDIR/JPN/BPLCHAR/BPLU27A.EMI	393216	a13e7ae11d6954351bbffa1e4d032e3aaaf38c8008f60b22fbcf09bf51f1b07f
PSP_GAME/USRDIR/JPN/BPLCHAR/BPLU349.EMI	335872	bbcc4b4690fac42ac0b108e3da4f640196925969a78b564b86341997a7765fdc
PSP_GAME/USRDIR/JPN/BPLCHAR/BPLU457.EMI	454656	adc1ac4f95afc0c6c15c4382d1c0158540da8537f621e3a45ca2481a6843e79d
PSP_GAME/USRDIR/JPN/BPLCHAR/BPLU467.EMI	456704	9203a7e55d5d02f91359d5cc9bc8f3e42db1ac08846b02ceffdb655807e39945
PSP_GAME/USRDIR/JPN/BPLCHAR/BPLU478.EMI	450560	f65a14def168b38396a760e8344b05c6a534c4201d07340291f0bc1cff0da791
PSP_GAME/USRDIR/JPN/BPLCHAR/BPLU567.EMI	458752	6a06c3532822b9523b3062d3ef6534be4c4bf44dd573913fe48ea64c25f8a2a2
PSP_GAME/USRDIR/JPN/BPLCHAR/BPLU578.EMI	452608	3a81033bb265e5301c08e858e1011b88e6a1e69f0a4ddcc12c93a5ec2759e4fb
PSP_GAME/USRDIR/JPN/BPLCHAR/BPLU678.EMI	454656	4e7d205eec316a0392f6cd1f78e1af45c0b2e7915d5627034415d10820351224
PSP_GAME/USRDIR/JPN/BPLCHAR/BRTD247.EMI	481280	0363e76bf563208f97b860429ab0cc665e2aca6083cf1df353f5d39ff0a46893
PSP_GAME/USRDIR/JPN/BPLCHAR/BRTD457.EMI	442368	f668c72b01e33a13d73d7828d3e994e18157d969e711374ae6016b0ac11ccbb7
PSP_GAME/USRDIR/JPN/BPLCHAR/BRTD467.EMI	444416	c2dd79b2a90c04a44aab9adacfb5d3c73c018349ddfbb2d4d20c1f97f72d123e
PSP_GAME/USRDIR/JPN/BPLCHAR/BRTD478.EMI	438272	35adf42051ee226ba2d3a96e7a10f8ed3d462298af22e18fc3a0b72b4a7d43a9
PSP_GAME/USRDIR/JPN/BPLCHAR/BRTU247.EMI	481280	c9971a8c4e344f93433c246eb61daab6ee939c4a4caec7e99a6de9f2c5fd5e8e
PSP_GAME/USRDIR/JPN/BPLCHAR/BRTU457.EMI	442368	cade006ebd24a2fbaf98f7d491ad9ed07deb2ddb14598ac5202d8c59e80debb8
PSP_GAME/USRDIR/JPN/BPLCHAR/BRTU467.EMI	444416	eb1f071a424be65557662b1ca8093ad723e0b33b767dfec759b40a108290b78e
PSP_GAME/USRDIR/JPN/BPLCHAR/BRTU478.EMI	438272	1fa3bb153c6d80f4600787b791ac3844e5ebb059c1d78a595467311e5f102aac
PSP_GAME/USRDIR/JPN/BPLCHAR/CRYUD00.EMI	147456	d3aae1195cec258af4debbce18be8477f04f4a6e1d5f947d74a077dbc5788a02
PSP_GAME/USRDIR/JPN/BPLCHAR/CRYUD01.EMI	149504	a665a31a89bc0eccf8a29b293ffbca87f831fecc4070e72e805a74c18770f932
PSP_GAME/USRDIR/JPN/BPLCHAR/CRYUU00.EMI	147456	84f745d2b43caab8ec1d1f17f5b6bf8f8ab360ffa9f65b06b56e260008116c3d
PSP_GAME/USRDIR/JPN/BPLCHAR/CRYUU01.EMI	149504	92b3b5d09d864427319571090576b07f2d80e9a527c72b473de5231135a8ae38
PSP_GAME/USRDIR/JPN/BPLCHAR/DRG00_00.EMI	81920	692f1090680aa394bac686bf7f1e3eb3e5c0b3a0f9d456c4396691619e8934d1
PSP_GAME/USRDIR/JPN/BPLCHAR/DRG00_01.EMI	81920	fc1bd35c79e20521acfe1b138d311342ccdb787f50c6eec819092ba35cad9f9e
PSP_GAME/USRDIR/JPN/BPLCHAR/DRG00_02.EMI	81920	02f73dababccbd0c5208bbb582d46b36de4a8db40b6467a5e26e2a78fb5d7f4e
PSP_GAME/USRDIR/JPN/BPLCHAR/DRG00_03.EMI	81920	299622609096cc612c7333f73aaa10c7c0123a30acfa9a382f4ce8febda9e5ea
PSP_GAME/USRDIR/JPN/BPLCHAR/DRG00_04.EMI	81920	4891ea6129511f2d94200603de8691705e30d85038bcff94dd8b1613782fba6d
PSP_GAME/USRDIR/JPN/BPLCHAR/DRG01_00.EMI	75776	6d81842832cd6ab05829b610f90923308d018f03367a8453d1e6bb368d23243f
PSP_GAME/USRDIR/JPN/BPLCHAR/DRG01_01.EMI	75776	5c20f6d9fa1f2468589db379061ecd67c5fbd298f148159ef7775d2e66a0a5bf
PSP_GAME/USRDIR/JPN/BPLCHAR/DRG01_02.EMI	75776	ee8334cff910506442a15b9c876c358138cf3322a5bc13bd6bcc53401449ae06
PSP_GAME/USRDIR/JPN/BPLCHAR/DRG01_03.EMI	75776	83cd1600ca824c0921c30fcdd5e45268e98f7a68bd6e41c8dc1a2f2c22eb5ccb
PSP_GAME/USRDIR/JPN/BPLCHAR/DRG01_04.EMI	75776	e09cc563b564d8c2d56f9c203b26bdd7c43b13d0a103b6975c5e36972882b318
PSP_GAME/USRDIR/JPN/BPLCHAR/DRG02_00.EMI	90112	a2133e720799b61416da3f0f75415f31eb600d0f6a13378d8ba03128f1f63074
PSP_GAME/USRDIR/JPN/BPLCHAR/DRG02_01.EMI	90112	d34d689c8063859650754cf7b933112bee1bab5dde5f1e33c4e5d07252d82278
PSP_GAME/USRDIR/JPN/BPLCHAR/DRG02_02.EMI	90112	14d5024bd2d9678a051bc9316c88ae57c8fc90a8564a6fab1d9d37b3f6623cc3
PSP_GAME/USRDIR/JPN/BPLCHAR/DRG02_03.EMI	90112	4533580e1e72149a9b584cbffa70f9f42a745cd9d78872041521a5f4e6813e26
PSP_GAME/USRDIR/JPN/BPLCHAR/DRG02_04.EMI	90112	99965efc40cc6f434b3ebdc28c323778de750bb2d7c61d7e36dee35f0923e9e7
PSP_GAME/USRDIR/JPN/BPLCHAR/DRG03_00.EMI	114688	d4604a0353516248daa0b2f8a9563cac5eb1bdfcb067f2e183e293a5b805d189
PSP_GAME/USRDIR/JPN/BPLCHAR/DRG03_01.EMI	114688	214e6454c6204ed3232717295e341a8361524c09ee03edbb281a90c06d57c10f
PSP_GAME/USRDIR/JPN/BPLCHAR/DRG03_02.EMI	114688	4b5e4acbdfdf9dc3188b294f2347bedab2153968ff8b82d33e0f9bbe50be450c
PSP_GAME/USRDIR/JPN/BPLCHAR/DRG03_03.EMI	114688	d250c128db0753208fe9af22a7e1e7cdec9f637746770a51f582d1167c8e2887
PSP_GAME/USRDIR/JPN/BPLCHAR/DRG03_04.EMI	114688	0cf57ecf40c55fc2f897f2514f2f89969f16b3dabbdba4026eec5db033f1b09b
PSP_GAME/USRDIR/JPN/BPLCHAR/DRG04_00.EMI	335872	36886f1e8c809d90a542a69ac88672db9115cb2a9bdfe6ab1ca91a6754f1fb85
PSP_GAME/USRDIR/JPN/BPLCHAR/DRG05_00.EMI	106496	0dead9b4625d3b1fdb6e68f9ddc5dce8d2a59707e81c241fb102346106e671aa
PSP_GAME/USRDIR/JPN/BPLCHAR/DRG05_01.EMI	106496	4481cf7dcfe371f3cd7740d38a18a479894491a527b06ba99933c72862f642f9
PSP_GAME/USRDIR/JPN/BPLCHAR/DRG05_02.EMI	106496	f25bdf7dd0f121ccafdd023ea9dd89a4a1a524f3287a0bd345031989a273fd1a
PSP_GAME/USRDIR/JPN/BPLCHAR/DRG05_03.EMI	106496	eb56f6c2366f6a85e56f6f660d3a4d2c640ad664a2e01ca065f5eeba1304f728
PSP_GAME/USRDIR/JPN/BPLCHAR/DRG05_04.EMI	106496	d7689d4b5b048736f0596384433024ccca9767f99d52932751e5d89421f05995
PSP_GAME/USRDIR/JPN/BPLCHAR/DRG06_00.EMI	264192	be05c322775b69b67a0782b3a6563874375f51f9e2b2848b22a7296a6932943d
PSP_GAME/USRDIR/JPN/BPLCHAR/DRG07_00.EMI	77824	3172fd84c94716e75e6436d257df0e713fef664b520f72c9ba6ec8cb89353a36
PSP_GAME/USRDIR/JPN/BPLCHAR/DRG07_01.EMI	77824	8b9e722e462bc2542610c708b695e65f6fe219d86c60de9ed8453ecd64d1ddc8
PSP_GAME/USRDIR/JPN/BPLCHAR/DRG07_02.EMI	77824	413a18c5d48ce1eab687ce3c095e3b810471d3af42a4a20f87b5ba5cd252ad67
PSP_GAME/USRDIR/JPN/BPLCHAR/DRG07_03.EMI	77824	16088a1ae6491d5543b8698473b707c09aebecf608d3633186ab7e42f5b14160
PSP_GAME/USRDIR/JPN/BPLCHAR/DRG07_04.EMI	77824	42f49e2b89fe8ad5c9911e254a34a8e99ac1f0a5643ac755f83779bf48eba2a1
PSP_GAME/USRDIR/JPN/BPLCHAR/DRG08_00.EMI	102400	1f1cf2f031f267c5bb9ecf233970a646218db16b19a8937c958d39d996d67ac8
PSP_GAME/USRDIR/JPN/BPLCHAR/DRG08_01.EMI	102400	fe75184dba0cb5f5695cebe434c5c711c6560e05560188ff0619f95e7990b0f1
PSP_GAME/USRDIR/JPN/BPLCHAR/DRG08_02.EMI	102400	3489fe7ec11f38bbe546f21cbbb495b817b42f1048267ff2a1592ec17aa2ee87
PSP_GAME/USRDIR/JPN/BPLCHAR/DRG08_03.EMI	102400	a5b89eacd1dd93cee15af555eb4379895f2ed4bbbd3645c5799f727578fbf378
PSP_GAME/USRDIR/JPN/BPLCHAR/DRG08_04.EMI	102400	5eaa0efd709d6ec54775a74ca09ea0659ece32a2c7ad108cfbfe0f88b4e4406c
PSP_GAME/USRDIR/JPN/BPLCHAR/PAPYD00.EMI	40960	9e0ca22bc1b263fb16602a01e19d3ec99c24c3f610bb8635b6f4e0d298843817
PSP_GAME/USRDIR/JPN/BPLCHAR/PAPYD01.EMI	40960	7cd847de2017f7586dd2604398e1c0a9ed44bc7d45430ceaf2aa1599982fc287
PSP_GAME/USRDIR/JPN/BPLCHAR/PAPYD02.EMI	40960	006db3960f1c76ca9fa90829d27da0adeb07fa2638e01878ccc8229dc069c632
PSP_GAME/USRDIR/JPN/BPLCHAR/PAPYD03.EMI	40960	3111e05f1677eb00e5cb47487d6a8607d2dcff82ed4e947e83b99be8db1351a7
PSP_GAME/USRDIR/JPN/BPLCHAR/PAPYD04.EMI	40960	2defea0872ba6aa4af5da1181432b0a25544bb337f87a361368d78db4da02d0b
PSP_GAME/USRDIR/JPN/BPLCHAR/PAPYU00.EMI	47104	92092d9df95d74b0a36dda0038a11b86fe3ef7abefed9d887fe4c95c356ff185
PSP_GAME/USRDIR/JPN/BPLCHAR/PAPYU01.EMI	47104	5e601a2ed92e7d142c8bb6b202649caf956b926bde24aa261bbf5ee0c4c1c8f7
PSP_GAME/USRDIR/JPN/BPLCHAR/PAPYU02.EMI	47104	6e47fbd48b3dc68e9e62ac00128700183af1d10dc4ddf2a09a6d676d48acdc26
PSP_GAME/USRDIR/JPN/BPLCHAR/PAPYU03.EMI	47104	93250a52ce431f28fc9f4dd587b477c3f0aee25cd2fc505b8453e2a2565fa4b4
PSP_GAME/USRDIR/JPN/BPLCHAR/PAPYU04.EMI	47104	94a0afc9f64c5d9a7d00716a1d7d050480785e9c8205b5c5ab6d7923b3884b67
PSP_GAME/USRDIR/JPN/BPLCHAR/REID00.EMI	145408	6f8623f0553e4c27aeeab2bc0e47a39fbf12ef52287d743c4489ab010a6eac8e
PSP_GAME/USRDIR/JPN/BPLCHAR/REID01.EMI	145408	3b16836eb47063cd4d362d90db48c91615055d7056eee9749b5ef9b2bd5f927d
PSP_GAME/USRDIR/JPN/BPLCHAR/REIU00.EMI	145408	a364cdda0d716f42156d4c01dae88c330902a96cbb8625a9202006546dad48ae
PSP_GAME/USRDIR/JPN/BPLCHAR/REIU01.EMI	145408	3d40a9d2f279093da0a2fe8afa138753b7b590fcee18aa63fd0d65b35075da2f
PSP_GAME/USRDIR/JPN/BPLCHAR/RTD00.EMI	133120	4704bf239c656c0a81acd32dadb512255b736afb1b5876d8b6f0794a78297ca1
PSP_GAME/USRDIR/JPN/BPLCHAR/RTD01.EMI	133120	6192c66d861cbe7299f8808ba3564c9f78145308283bd55c2875af9d0967c21d
PSP_GAME/USRDIR/JPN/BPLCHAR/RTU00.EMI	133120	b6c647b6fb7bc20dc5d1ab9d36544fa1e4849ec8c3f30a48268e43df8e478ff5
PSP_GAME/USRDIR/JPN/BPLCHAR/RTU01.EMI	133120	1e757e1c1aba978c5d4f15ce35fbaba31ab4a32b49c2a0bb177edd19aed16115
PSP_GAME/USRDIR/JPN/BPLCHAR/RYUD00.EMI	147456	ca2536039ee95115b493396240f4a9fb172b1855f1230b6eaf5a74c0b9e953e7
PSP_GAME/USRDIR/JPN/BPLCHAR/RYUD01.EMI	147456	c0e3e96ae76a1a9de1d89b5dded6dfacbace823875fcc935c8f0b67689062fa7
PSP_GAME/USRDIR/JPN/BPLCHAR/RYUD02.EMI	147456	a5551dfa3209bbbad6a24f37b40546df37c6b17b36463279dea4eb2f1d6ecd1c
PSP_GAME/USRDIR/JPN/BPLCHAR/RYUD03.EMI	147456	9f61a33980e1422a4d67dfb45b0d15e27ab5154e1ec5e0164d0a0ddbb887241e
PSP_GAME/USRDIR/JPN/BPLCHAR/RYUD10.EMI	98304	47dd54c04278c87db8ca8bfb6f493ad4d68a83820f31c1077950e06c9a857bb3
PSP_GAME/USRDIR/JPN/BPLCHAR/RYUD11.EMI	98304	d5a884d5ee778a1168786187bfbdb14136ed57111a70947b3c9d480ccaddab7b
PSP_GAME/USRDIR/JPN/BPLCHAR/RYUD12.EMI	98304	94a356850a25b68c14af91207c390668be7406cd60c87c7af1b9a43f57e25774
PSP_GAME/USRDIR/JPN/BPLCHAR/RYUD13.EMI	98304	0e7d00e29bf3e2c8579ea36eba1ec7741fbcb29d7bd8c5c6f1362821ae660a11
PSP_GAME/USRDIR/JPN/BPLCHAR/RYUU00.EMI	147456	cde851d3c2de89411499282d3ddf8b1998c303f7178fd142e83a72c03e3deef8
PSP_GAME/USRDIR/JPN/BPLCHAR/RYUU01.EMI	147456	46ba3d8a9dbeb55ca05ccde0e177c035806b10321949526bc8e791a644e0e070
PSP_GAME/USRDIR/JPN/BPLCHAR/RYUU02.EMI	147456	28be70c446107a5e01039b93895abee13d1ee067eb8f9a305ded19a0fa3cdab7
PSP_GAME/USRDIR/JPN/BPLCHAR/RYUU03.EMI	147456	ae9abe0e0166c585d3de8a181939ef2951f96a5e45275fa34aac979d6857a0ce
PSP_GAME/USRDIR/JPN/BPLCHAR/RYUU10.EMI	96256	216f44ed311ea74d59ec5c0cceccbaa5f7468135660c9d5463f2822fc3a646d1
PSP_GAME/USRDIR/JPN/BPLCHAR/RYUU11.EMI	96256	c8b7100230cd054e751dc082cb6aba921dd773342a16e692acaac1ddec43d7b1
PSP_GAME/USRDIR/JPN/BPLCHAR/RYUU12.EMI	96256	8bc8be82d235eb9303aaa2123857a4418f1c9fed00d82bed5dfb084f375791ff
PSP_GAME/USRDIR/JPN/BPLCHAR/RYUU13.EMI	96256	6484f21c3bcfe86bfa98cbf092fbd2b12f40afed9473d7c1284d58a3cddcab34
PSP_GAME/USRDIR/JPN/DUMMY.BIN	10485760	e5b844cc57f57094ea4585e235f36c78c1cd222262bb89d53c94dcb4d6b3e55d
PSP_GAME/USRDIR/JPN/ETC/A085SE2.EMI	198656	e6dffc7013398a58706523ff04bd54207a05147a034cc8cda134fd7c6cd17072
PSP_GAME/USRDIR/JPN/ETC/A108SE2.EMI	178176	23dcfa23798460ab944b4c144486bb1550d99fe2ae4ebcd6b74e7c3aeaf7a9ab
PSP_GAME/USRDIR/JPN/ETC/AFLDKWA.EMI	16384	e7f766b09565910127e75f1216c61322370068c44d8da9635530b60ee52cbd27
PSP_GAME/USRDIR/JPN/ETC/BATE.EMI	178176	9d98795d86b8574e8a363dd1c75a3cd902dc118a7add614a9c7b6fa6644f07ac
PSP_GAME/USRDIR/JPN/ETC/CAPLOGO.EMI	137216	5f2e2d3a117e408185e60568e58dd161e9bf7c3f8c1afdecfcc881b9815429e0
PSP_GAME/USRDIR/JPN/ETC/COMMU00.EMI	18432	78067be2aa15f3be50ee1f43f370d63399a3f2fe1827f1266b48ac4a50fa4d37
PSP_GAME/USRDIR/JPN/ETC/COMMU01.EMI	161792	00f766c6183866ec312f897aaa65f583b5d71937df2993167eab668d89390d32
PSP_GAME/USRDIR/JPN/ETC/COMMU02.EMI	188416	f4b929d3e6add2375008e2e2fd3688f810f67cc9f556f47dae1c55ec2f9dd651
PSP_GAME/USRDIR/JPN/ETC/COMMU02B.EMI	186368	4ff5e357433c02f13f0549ce1bb6db92d680bedb994781c22dc45a1cf476adc0
PSP_GAME/USRDIR/JPN/ETC/COMMU03.EMI	114688	cb6ec96f8dd80d4fb0af1e86d16f6fa675d3fce8f955303749674e7e689ca2cd
PSP_GAME/USRDIR/JPN/ETC/COMMU04.EMI	114688	001543abf438322edd61da5acb563cc7d6432c6f87828f7413e62e1473e6afe7
PSP_GAME/USRDIR/JPN/ETC/COMMU05.EMI	147456	1d76790f29c29f06de2a56eefa041eef8a3123521e9d3579d777be170fa04402
PSP_GAME/USRDIR/JPN/ETC/DEMO.EMI	968704	8afe98d99511a55d28001c1a8192f9474ca948da920a37bb8935b0dc271b7d39
PSP_GAME/USRDIR/JPN/ETC/ENDKANJI.EMI	67584	2c4cba05ee3ff19091d609e6f7762a87341e921e0b6569afe5a191b3a680c62f
PSP_GAME/USRDIR/JPN/ETC/FIRST.EMI	329728	f29689af7585298e0173e48ead094ff844584e56a014ae8b6d2ad1789948e65c
PSP_GAME/USRDIR/JPN/ETC/GAME.EMI	237568	5ce71f569de50d1e39e6b97f4b3ef60de8029e1c06877bb4ec442f7f4da5c438
PSP_GAME/USRDIR/JPN/ETC/MTEST.EMI	6144	279362d3cd8550f3c23a990927480ef5cb9eeea7ec9c3879380f422ae801a7b0
PSP_GAME/USRDIR/JPN/ETC/RTEST.EMI	8192	c3973b79796764c394562b6bc88745e5d9dd506cccc430f416d12abad648e151
PSP_GAME/USRDIR/JPN/ETC/SHISU.EMI	182272	b7ba1c9b0313955f2fe33fc3b4fee1e5b7be58d2554d14619aa7b95a4efe77ac
PSP_GAME/USRDIR/JPN/ETC/SHOP.EMI	237568	fee2bbdfce307b4ab6c1896708b25acb0f47d441d5dc808cdbf549480307043e
PSP_GAME/USRDIR/JPN/ETC/SISYOU.EMI	157696	52dd089d361e8110ffa6bd677b01bdb5f90afd31fc77359b3862cf5be37cdf96
PSP_GAME/USRDIR/JPN/ETC/START.EMI	577536	b5cb3216b30a6128e692d578cbe34164286ba7a858b61f1553304c1ba338fb2e
PSP_GAME/USRDIR/JPN/ETC/STATUS.EMI	262144	80996bef91efdba3a85b691a61730a1697e5638337a64dd1e7be57342ba4620f
PSP_GAME/USRDIR/JPN/ETC/TMBGM000.EMI	266240	ef672f027e2377ed257a25a401e84674ad2058c18735094e1bf69c453303da38
PSP_GAME/USRDIR/JPN/ETC/TMBGM001.EMI	270336	f7b47eab2c9fee6243ad9d15ad32be64d7a84868df657cb3672364696f9863f3
PSP_GAME/USRDIR/JPN/ETC/TURIMODE.EMI	575488	a16f8310bd1a75f1bfd365c490175d5baa311fdbecc08e60d67bb6e85941cab1
PSP_GAME/USRDIR/JPN/ETC/TURISHAR.EMI	276480	35558876bdc7f886cb7839643d1761d4c5d0f93dfecd5a5b54c39419629969d5
PSP_GAME/USRDIR/JPN/IMG/0000.BIN	402272	73247765d7571704cba7b8b1d69b218c3115ac22d0151d29a2da74b6c4ad4950
PSP_GAME/USRDIR/JPN/IMG/0001.BIN	273504	fdad9fabd8302203ac3f6dc261113c457ef51fe547cfea3258bb65be67629c1a
PSP_GAME/USRDIR/JPN/IMG/0002.BIN	402272	1ba799d7822d31cedd519db5b8f6cdf2c01d91c6c768c8478cf76c3d10b7aeb6
PSP_GAME/USRDIR/JPN/IMG/0003.BIN	273504	3226c0316b84e2c91098ddad87ee48b64c669809ba14f355e6d3252c8bc2315e
PSP_GAME/USRDIR/JPN/IMG/0004.BIN	273504	4d61ecff304a3a4ba1e25d13c14336744e62b437efa374b3d9f2de42ec0088c6
PSP_GAME/USRDIR/JPN/IMG/0005.BIN	402272	b80363b4d31ea00805601c18d8a91007b93cea1643cc1f310a0efe94103b56bc
PSP_GAME/USRDIR/JPN/IMG/0006.BIN	402272	0c9ab9d3f668ed048bbf7ba7d37ea1afae47a9d9ea432742ff67527a913f9e3c
PSP_GAME/USRDIR/JPN/IMG/0007.BIN	402272	ef737ccf5d5fafca01d1668ee4e54188775131f3a614dbc23c6118aacd226cc2
PSP_GAME/USRDIR/JPN/IMG/0008.BIN	402272	be12141a21d8da634aad690e92aa2b7d6f09cf84787a2721ae25c89779d11027
PSP_GAME/USRDIR/JPN/IMG/0009.BIN	273504	5c30d49e6fc9b32d5b5e9fa130ba4f0bd61f8231171c3314a63634dba6edc216
PSP_GAME/USRDIR/JPN/IMG/0010.BIN	375904	0b006a6c7f54f94fe15a17467e2fbaf140519ef7922ae96d4025afbb2014c43d
PSP_GAME/USRDIR/JPN/IMG/0011.BIN	375904	d495a31101102cdca2449829c7f43151c1aeefb10f9fd16c4ab983ae86c0a72d
PSP_GAME/USRDIR/JPN/IMG/0012.BIN	375904	14fd0c9cef856344821a51804235c71c63c88be5bfbead115a08f6c8c17704f8
PSP_GAME/USRDIR/JPN/IMG/0013.BIN	375904	00f979b77112f4a8c0dd6790acc5007fc9fcee392164cf3ddc07dd6ba95f0d60
PSP_GAME/USRDIR/JPN/IMG/0014.BIN	375904	c2b9303540ab261bdac2068d783c4ce2a1cb1a8346bfb2f9ae5f150ea4e7f1b7
PSP_GAME/USRDIR/JPN/IMG/0015.BIN	375904	74fd2598e660e1f6043d3407a1c9af6355c574a76627e5d4d8db521264b739c7
PSP_GAME/USRDIR/JPN/IMG/0016.BIN	375904	96d3443827de6423ba07063253187e03bff453347f61d54e41bc56d6b93a6542
PSP_GAME/USRDIR/JPN/IMG/0017.BIN	270176	5894803919466d2f54be3f017b62ee6eea3625b688b04556e710ac81e9d80e96
PSP_GAME/USRDIR/JPN/IMG/0018.BIN	266848	cb322ba30a3b7216495e98ba1da1c4f70ea3716b269f326e87fa5688337761cc
PSP_GAME/USRDIR/JPN/IMG/0019.BIN	375904	4c98462bc88a11dd564306fce1e58f182bb7fbfcd23ab630a6afdb357e085705
PSP_GAME/USRDIR/JPN/IMG/0020.BIN	402272	63d4a36ff43b52e6b6bc2437e0a06303b38f39ab1123026f9df440127f67e5b7
PSP_GAME/USRDIR/JPN/IMG/0021.BIN	357216	5093d688540053f801207cb4cd6df18098e75f5d25cdc151f4717f318e0988da
PSP_GAME/USRDIR/JPN/IMG/0022.BIN	270176	306dffbd7532b4c862337cc0ddcaf2ed1e2cc27a8a4f0379597ac035761fcc34
PSP_GAME/USRDIR/JPN/IMG/0023.BIN	273504	b6782c71dc0d5b3f29cac0d100d5362c5d5f46bef4c66895e0a3c23d3553c239
PSP_GAME/USRDIR/JPN/IMG/0024.BIN	291168	0fd4f9d3d200aff80d58b09d22d231a863637dca84a90dcac3fcfb5362848112
PSP_GAME/USRDIR/JPN/IMG/0025.BIN	357216	641a73cfce2715ff60c613d7a69c44e4ea104e55d57985f21795104626f641c5
PSP_GAME/USRDIR/JPN/IMG/0026.BIN	280160	f2be0f6be4d59bfd01a07725bde68f94948a9cecb51a8d3bdb7bc78a70ad793a
PSP_GAME/USRDIR/JPN/IMG/0027.BIN	276832	f2b25fec16443856eaad52e3b401be714fc8e29939153da3f31c3587b98de624
PSP_GAME/USRDIR/JPN/IMG/0028.BIN	266848	d95cf18e0bcede28a3f3f646aadf34b8417b47561815eb0b51c79c12f53a3439
PSP_GAME/USRDIR/JPN/IMG/0029.BIN	276832	028f01443f96635ee9b40b064c04f796cc9770de569d89c20a7a396cf5b436d3
PSP_GAME/USRDIR/JPN/IMG/0030.BIN	276832	fb54440db3ccc40d7064c6ab34eae5df7bd182f44bbf0fbb65ace8cfcf4c70f4
PSP_GAME/USRDIR/JPN/IMG/0031.BIN	379232	d7236696e699b8d4e76797597ea23cc179877a35bd24bac292dfbd43dcf43f6a
PSP_GAME/USRDIR/JPN/IMG/0032.BIN	428640	9198a7ad486c206b5e73524079f35b9578409186a700f2be23867a3bab898a34
PSP_GAME/USRDIR/JPN/IMG/0033.BIN	305504	1fbe086dbab6858ea43d467b45e4258dbed5ab8e39040a67ed4486e557a09a65
PSP_GAME/USRDIR/JPN/IMG/0034.BIN	341856	6584af70a79dd408c2a2df244c808374161ae6b38101bae9b086ef2ec8094b4b
PSP_GAME/USRDIR/JPN/IMG/0035.BIN	368224	629c0cf511f4528b1201c2dacc00936ddb3f9a743b4644c6c24c32d8a63bc208
PSP_GAME/USRDIR/JPN/IMG/CAPLOGO.BIN	131936	064e4ec24b73c4adb3024ebbd8f05217701e8ab61cda9f76ceab22da77b24883
PSP_GAME/USRDIR/JPN/IMG/ICON0.PNG	33222	f5b30bfe7e7dbdc120a79329579829e090ba8541b5cab88aa8bebfd39cac947d
PSP_GAME/USRDIR/JPN/IMG/NOWLOADING.BIN	3360	a63b2a025223db9b279d015699d9b885ca9b8d49fabdd6b3d1fb3f005d28a1b6
PSP_GAME/USRDIR/JPN/IMG/PIC1.PNG	248472	ad8b2828d124be031e66aeaf24c50bd49dfdb55f67dc3adb8342daaa5b4fc508
PSP_GAME/USRDIR/JPN/IMG/PUBLIC.BIN	131936	507f25375a350f1b69d9762afb52f4a42d411c3f429ae759dacb0c00f4c513b6
PSP_GAME/USRDIR/JPN/MODULE/AUDIOCODEC.PRX	3200	bfedd21d696bfd88509e7adcfd881255d0d703fe68173757248c2d8643c7de1f
PSP_GAME/USRDIR/JPN/MODULE/IFHANDLE.PRX	10816	daa8a996fcc27ee5865ec5e0bff7ac9d09a5350cdcc6bd7079edd41ab2b4631a
PSP_GAME/USRDIR/JPN/MODULE/LIBATRAC3PLUS.PRX	19940	124de641b7353a578c9392c0b7f5547a9381fdbbd1ad31150059c8e2641ddc56
PSP_GAME/USRDIR/JPN/MODULE/LIBFONT.PRX	40696	77d97cfed109f850486168b2a4b69e072147ca00842c9749d45f8dead33092ec
PSP_GAME/USRDIR/JPN/MODULE/MEMAB.PRX	17216	614ab7971d08bc5aaf7783671c6008462cc3090ca41a63a88ec4e35ffd82caae
PSP_GAME/USRDIR/JPN/MODULE/MPEG.PRX	43068	d216625f5c02b54f648bfcdc590f5d70dd6407357798a483804f857d3122965e
PSP_GAME/USRDIR/JPN/MODULE/MPEGBASE.PRX	5808	2c566d0af002c0497f5f3f7c191275a68205bf70403a54a050cf619178766f80
PSP_GAME/USRDIR/JPN/MODULE/PSPNET.PRX	60360	cea4bd4cabcefb97ad0254cdfb7d1066f7ffdfe66864ea8fc9957a8e6c2690e1
PSP_GAME/USRDIR/JPN/MODULE/PSPNET_ADHOC.PRX	42492	32c7c3625d42ff94c91f269d022065d1b02d2cdb06324ee72587da697948c0b2
PSP_GAME/USRDIR/JPN/MODULE/PSPNET_ADHOCCTL.PRX	31996	ecbd18403489d7d0939d2586537375fd724d96102f8e8d9edb008cd1c35b640c
PSP_GAME/USRDIR/JPN/MODULE/PSPNET_ADHOC_AUTH.PRX	11360	daa688123b8b691978bcd7b7195fa8f574671c11ac008d6d9a134db8a6b161a6
PSP_GAME/USRDIR/JPN/MODULE/PSPNET_ADHOC_DOWNLOAD.PRX	15828	f51f8c62eb81fadfdd3880ae7d8c3663128f3497cbfe77bc22b8efb882b14d8a
PSP_GAME/USRDIR/JPN/MODULE/PSPNET_ADHOC_MATCHING.PRX	19688	9f6379bcce1f3ea3636c564c494ffd881ee83d82d2fbcda3a33c5e61597ee3e5
PSP_GAME/USRDIR/JPN/MODULE/SC_SASCORE.PRX	5904	f377ce68cbe63b103f039c9891193ca033e7f512c0826a9496ae3430f22cfa7e
PSP_GAME/USRDIR/JPN/MODULE/VIDEOCODEC.PRX	3808	06b1e1277fc18cf68b32aa83c71bc78e6bfe5379c2b5a3b9fbcd8a73e81a1dee
PSP_GAME/USRDIR/JPN/PLCHAR/PL012.EMI	432128	7c1b63b66632193af54c0f7615b6f50e0a7a00fc780d96073733bae100e01e88
PSP_GAME/USRDIR/JPN/PLCHAR/PL015.EMI	370688	750e2975853abcc77754265c2552c78c54dd27ee9c46778fb97e2b4ca9d701bb
PSP_GAME/USRDIR/JPN/PLCHAR/PL016.EMI	296960	45476ae6429746c9799f0ad3cbf486d8d0a3abd653d178897f64956840109faa
PSP_GAME/USRDIR/JPN/PLCHAR/PL025.EMI	479232	cf8e063be8d8c094adf861f70fedc86c82e2ab4ca52953fb10dd91e2453111b9
PSP_GAME/USRDIR/JPN/PLCHAR/PL026.EMI	405504	ab30b59d3845bd8dbdc409de094ff98328f64d824d1b82fce011cd091558c676
PSP_GAME/USRDIR/JPN/PLCHAR/PL034.EMI	356352	7e4d7ae9973bbfbf636c52421d778ee20f797b4411cc912172595705231ee419
PSP_GAME/USRDIR/JPN/PLCHAR/PL056.EMI	344064	fc3c549c2e701c8d9f1810a8b3d87264186de57ab6627146a6079e44d3d7aa66
PSP_GAME/USRDIR/JPN/PLCHAR/PL247.EMI	479232	0b3df25b97ed54570ad9fc44bdd2dfedaca90416e077a6d539b6f5ecf334e6ab
PSP_GAME/USRDIR/JPN/PLCHAR/PL257.EMI	477184	a5e4509f704d26e5f6860d4e7c2651a9cc9e977a31fc088bf3382e6751f2749c
PSP_GAME/USRDIR/JPN/PLCHAR/PL267.EMI	403456	f8ff7254717e733646b051dbf18c8ec0c41ed8f15a3361c69b1862d36bf6928d
PSP_GAME/USRDIR/JPN/PLCHAR/PL278.EMI	464896	6985d977238c371ccc37b0cd71d67de1dc243ee0bba2c34566c4bd222c0926e1
PSP_GAME/USRDIR/JPN/PLCHAR/PL27A.EMI	382976	0e6564b037d0ea11b9ef7becbd59856da46a27dcd91392eaa35e172f70c02a0a
PSP_GAME/USRDIR/JPN/PLCHAR/PL349.EMI	309248	48d9a8f583a32a74e8b1b23332b45290793c9f2af77bf2a74a6fd4b92948ad0c
PSP_GAME/USRDIR/JPN/PLCHAR/PL457.EMI	415744	0b4b3ac2ccfdf18d089617682f9863f609b2d9f50eb2804aa1500bdf3a1ee437
PSP_GAME/USRDIR/JPN/PLCHAR/PL467.EMI	342016	4f074dfbe4d2dd2e674d22e29068542b0dcac537f28dcfefb58f89c4b416f592
PSP_GAME/USRDIR/JPN/PLCHAR/PL478.EMI	403456	edb9da026c00b5b08a44ee190fc87621c4734281b97ccdf1307c2583d61a4a2f
PSP_GAME/USRDIR/JPN/PLCHAR/PL567.EMI	342016	410bd75fac08204e1aeedfeaebf602dc3767c4e42b8b7b2d96f94abdffa7d86f
PSP_GAME/USRDIR/JPN/PLCHAR/PL578.EMI	403456	ae2a561a60e1159bbf3f5f0aa1b8d475ff3bbe454f82d155e5f285aa7d86989c
PSP_GAME/USRDIR/JPN/PLCHAR/PL678.EMI	329728	585ddb3e75cf5bc04a86397e6513052f2ad48acd5619586453cbc4e73edf49a6
PSP_GAME/USRDIR/JPN/PLCHAR/PLP012.EMI	10240	92b4a83097a28015f94ecc15944e999a45924792d687632b12b335ba9523e317
PSP_GAME/USRDIR/JPN/PLCHAR/PLP015.EMI	8192	8e9547163097acfef92098451eb5e332b9473d0df2f004c243f3bc11c0012bfa
PSP_GAME/USRDIR/JPN/PLCHAR/PLP016.EMI	12288	2bb99741fe2c1fec0218cab69c7cef43e6df82c0224581d3fdd75f98e9f64242
PSP_GAME/USRDIR/JPN/PLCHAR/PLP025.EMI	10240	bdd6096c46157f5ca18396163b4fe0da153776c0576df09ed13629f27cd49453
PSP_GAME/USRDIR/JPN/PLCHAR/PLP026.EMI	12288	37aea258caf199744fdc74a3d3cc2b8178112f841a39c5f965a5e8b68da7d4d2
PSP_GAME/USRDIR/JPN/PLCHAR/PLP034.EMI	10240	9100aee8d2bb0f11d3371aece2d2493e17fb4054b46db868f9278f547bd111c9
PSP_GAME/USRDIR/JPN/PLCHAR/PLP056.EMI	12288	4c1855fc1b341dbd9942cb73af4568036cbae1305de8d5d14f6181a79d4d97b8
PSP_GAME/USRDIR/JPN/PLCHAR/PLP247.EMI	8192	dc6723d343fdfb2ebed30b30df86819114fab92363885ffa1779726f39dbce3b
PSP_GAME/USRDIR/JPN/PLCHAR/PLP257.EMI	10240	24627805a0543e0964d215751e81a39d139c69ec4c08ed61999c406bf52ec501
PSP_GAME/USRDIR/JPN/PLCHAR/PLP267.EMI	12288	6356caf686ebf26f43d2a6eb2043eadc11f88e56c92b5b0537ac1fda3970b176
PSP_GAME/USRDIR/JPN/PLCHAR/PLP278.EMI	10240	5de98b773f825c0f828198eadb26a6d2274a16c7779a24984b8905e5c110fb27
PSP_GAME/USRDIR/JPN/PLCHAR/PLP27A.EMI	8192	01753935c4b367b44f454edc270d0873c81c1dc7559fe9b4c6acc240e1b86071
PSP_GAME/USRDIR/JPN/PLCHAR/PLP349.EMI	8192	db79b9e5f5b38e6a677caf35d1fbf2327c21630f9cf686e619d33d975de16934
PSP_GAME/USRDIR/JPN/PLCHAR/PLP457.EMI	8192	840695018f146da860316c99445eba33c0e77355d3278e73bce232e158c212ab
PSP_GAME/USRDIR/JPN/PLCHAR/PLP467.EMI	12288	00918b2948d2d4870a0f0122be0763bb75819a74b4c8518f55ef1acdb69eb458
PSP_GAME/USRDIR/JPN/PLCHAR/PLP478.EMI	8192	1e0fcb151804c4e0b3dd6bf9a1c1a2d54d411aec2c5e0e886f6bb6fd793b924e
PSP_GAME/USRDIR/JPN/PLCHAR/PLP567.EMI	12288	8715a96fcf53453c596651d6cc6c8161c1b7f3bdd7cb967553b37942bafc6ca3
PSP_GAME/USRDIR/JPN/PLCHAR/PLP578.EMI	8192	964c65343d52bba6b73365fb044bcc6c5737a5f00af9c1db1179a32fa32909dc
PSP_GAME/USRDIR/JPN/PLCHAR/PLP678.EMI	12288	d8347523c5c51e2d3ee96651c161a959e3b7b5b951c88c1ee12f6102ce2fc616
PSP_GAME/USRDIR/JPN/PSMF/CAPLOGO.PMF	1112064	7cbe25eff335a725faaa9b816f75e61514c095200f12bcba541bb354cab78ad3
PSP_GAME/USRDIR/JPN/SCENARIO/SCE10EFF.EMI	10240	66cea22583d18dffecc2c3f8dcce3d29c1ee09ba2e0e2163bfcf05a240390c9a
PSP_GAME/USRDIR/JPN/SCENARIO/SCE15EF0.EMI	8192	0a8fcd400ca0021d3d0d98738c79baa9050c9918bd301ba3699dcd7900153f98
PSP_GAME/USRDIR/JPN/SCENARIO/SCE15EF1.EMI	16384	db43fd772719a1f224d1f97f06856ecacf440bb4cc70ff11c198aeef877eb1ac
PSP_GAME/USRDIR/JPN/SCENARIO/SCE15EF2.EMI	6144	cb0416804026c78419aea4b0ea20efcba9ee73aa357f65718c5ae506a56cc997
PSP_GAME/USRDIR/JPN/SCENARIO/SCE15EF3.EMI	10240	3411929e3106120c7661dc125174866308fed7fe5776ebad41156068e2104b0f
PSP_GAME/USRDIR/JPN/SCENARIO/SCENA00.EMI	30720	d2695e421902d2a9becb1e940a9e605e5b8083c2aa871ef5ae836482b3998f61
PSP_GAME/USRDIR/JPN/SCENARIO/SCENA01.EMI	32768	9f7a0128bafc2dddd03422dbcaff0591d0d297f8a9e21f9c3b28d7f9c5d10c8a
PSP_GAME/USRDIR/JPN/SCENARIO/SCENA02.EMI	32768	98aae1783ad8de9537647b6f2ebf0df1bb4bb745bf7b4e2159c09a9d681eb87e
PSP_GAME/USRDIR/JPN/SCENARIO/SCENA03.EMI	28672	c056fab28c4b13097223823991c582e623d7c6067d82db790c6092ea6e680a6f
PSP_GAME/USRDIR/JPN/SCENARIO/SCENA04.EMI	16384	75f158cc91cda21b82f0f25de8d972d444880a94893932e2c805a2a54134fafd
PSP_GAME/USRDIR/JPN/SCENARIO/SCENA05.EMI	30720	7b2164f000af23200afe6696dc36a45e589fb04b53ac055e6a24aa9b953c8938
PSP_GAME/USRDIR/JPN/SCENARIO/SCENA06.EMI	34816	fed85a612cd99817ac81398818c2b90bd143d4d03c26b694f147282153af5362
PSP_GAME/USRDIR/JPN/SCENARIO/SCENA07.EMI	32768	550429760ca3132eb132742f1c599b66defef25ea9a390bbb81d697c940049fd
PSP_GAME/USRDIR/JPN/SCENARIO/SCENA08.EMI	34816	54342e004f0cce324a5993e7e31a15b2e4d27ba0e23383569bb6fcc958f7fa8c
PSP_GAME/USRDIR/JPN/SCENARIO/SCENA09.EMI	34816	3033c0e6250e0b30f3cf3f60ec4cbe47b03c35832c4683252d4026db9bc05db5
PSP_GAME/USRDIR/JPN/SCENARIO/SCENA10.EMI	34816	5934ec8f23171b7def79974043b96860295124c9173a9bafcc070af4321ebff1
PSP_GAME/USRDIR/JPN/SCENARIO/SCENA11.EMI	20480	091a2314aebc3f3bd71083165662d7abe3f2998acd364927ae53413ef0e9d339
PSP_GAME/USRDIR/JPN/SCENARIO/SCENA12.EMI	28672	79fd2592e6cb5c973d75c0a12e57ef8a1badf3ad36b7f23d6efc5f5242fea016
PSP_GAME/USRDIR/JPN/SCENARIO/SCENA13.EMI	24576	48755853a0342a41da7489b3ba30ff3b578b87a4d0636508df4a3a1f712f4fcc
PSP_GAME/USRDIR/JPN/SCENARIO/SCENA14.EMI	26624	677df2eaba717ceaac31323d5266730115e41083fc066976ac11bc81ec819bf2
PSP_GAME/USRDIR/JPN/SCENARIO/SCENA15.EMI	34816	0d4ff128e9543eabe78c5904ab4df2c6c9b2e0877fece9882f5a652a0aa38d39
PSP_GAME/USRDIR/JPN/SCENARIO/SCENA16.EMI	10240	1ed73a1ab0e5dfe37e9bd17c85759a464765be120a7db1cf26b702a015ef227b
PSP_GAME/USRDIR/JPN/SCENARIO/SCENA17.EMI	118784	dcb952f3e7197bebd8af9472ded774e6233a7decea6a2814a846243cbe536bd8
PSP_GAME/USRDIR/JPN/SCENARIO/SCENA18.EMI	4096	dec1fea38a92ec26e6ba8c4bbe62357a7a852d8406a265b6b993c6714b16469b
PSP_GAME/USRDIR/JPN/SCENARIO/SCENA19.EMI	4096	70d66787e6869347bf25b196b81a1bcf3400392bbe2b52be4817f84eed6d037e
PSP_GAME/USRDIR/JPN/SCE_XA/MAGIC/PL00/004_00.AT3	17208	2d7e5502a2bb457b4130e44d9bd14450e506920204109a5e901db69ad6f666b7
PSP_GAME/USRDIR/JPN/SCE_XA/MAGIC/PL00/005_00.AT3	17208	e91c0557f1e9535d082329fa14f50ff7f6b0661f9abedf1a9bf6339b5f5fa44b
PSP_GAME/USRDIR/JPN/SCE_XA/MAGIC/PL00/006_00.AT3	21672	9b5ada5962fec6f6eb94ac0651a6797dd4c80007a64e9e16b3cbddd126e08abb
PSP_GAME/USRDIR/JPN/SCE_XA/MAGIC/PL00/021_00.AT3	17208	c166888dae6bb75d6fae3e0f7417978b6fdf2a9a9246a87bd6f7a8a6903e5dc4
PSP_GAME/USRDIR/JPN/SCE_XA/MAGIC/PL00/029_00.AT3	17208	507bcf435d0e3f46e99b6f7072bf63e5190f71480cad480151784355de867a30
PSP_GAME/USRDIR/JPN/SCE_XA/MAGIC/PL00/030_00.AT3	17208	58a6d81d7c5aba4b8dc39b4cf77d23581d752070f755750e02778c7d630ce97c
PSP_GAME/USRDIR/JPN/SCE_XA/MAGIC/PL00/043_00.AT3	21672	0d16655eb81007779b1272618a477460749ed1301defeb862fe5c7ccb98abb70
PSP_GAME/USRDIR/JPN/SCE_XA/MAGIC/PL00/045_00.AT3	21672	993955ccbedcfb3fd2aac971c6db84795db21a523986b91d7241ef2798efa2a7
PSP_GAME/USRDIR/JPN/SCE_XA/MAGIC/PL00/049_00.AT3	17208	bbf6e89bebe43881b61c2d2697b702b0b05dffe1f2dbe35d5b2239ec82dcf8c6
PSP_GAME/USRDIR/JPN/SCE_XA/MAGIC/PL00/063_00.AT3	17208	0db5304ff051ade8b27d6858d00df7b46064371d7c3e404eeed0bea646be6e82
PSP_GAME/USRDIR/JPN/SCE_XA/MAGIC/PL00/070_00.AT3	17208	04b4a65dbc459bd15aa9c2b3798927ff6832e6e5a130182d5e87c915c3f983ab
PSP_GAME/USRDIR/JPN/SCE_XA/MAGIC/PL00/071_00.AT3	17208	01f2f1e894d08fffcc1cb831e86e93b075324c6ba7d2ce7608a9b3dad7d2d9c4
PSP_GAME/USRDIR/JPN/SCE_XA/MAGIC/PL00/072_00.AT3	17208	17553458bc7e6f9ca0612523d03bc8c4c2c4f6fb0dc474bca15e82a83e9f0768
PSP_GAME/USRDIR/JPN/SCE_XA/MAGIC/PL00/073_00.AT3	13488	209127fc8eadfedba41503ad5039a0645c88303f14ba62b099603792428d0dd8
PSP_GAME/USRDIR/JPN/SCE_XA/MAGIC/PL00/074_00.AT3	17208	316afa0c2bf51cc200af852467c41cb109260be8b968599f0515521110423288
PSP_GAME/USRDIR/JPN/SCE_XA/MAGIC/PL00/075_00.AT3	18696	61f5c7926bdd7ccfd236e75c0a3f17e3a190571e3c2c05825ea87be72a91f30c
PSP_GAME/USRDIR/JPN/SCE_XA/MAGIC/PL00/076_00.AT3	13488	1461650b761c50be3c31e6bdfefff3310271cdd4eecd8786ae8314dbe67d860a
PSP_GAME/USRDIR/JPN/SCE_XA/MAGIC/PL00/077_00.AT3	13488	631b9d38a02fed9751d7608965223db63bd2ae87e78cae730fa1c2cb61e64630
PSP_GAME/USRDIR/JPN/SCE_XA/MAGIC/PL00/078_00.AT3	17208	c7829e9c2879e6574d15a51a99b2e5fba8f25dfcdb83b38f1c77311c97747169
PSP_GAME/USRDIR/JPN/SCE_XA/MAGIC/PL00/079_00.AT3	13488	37c3de430a6595081103b2a9e1ba7534879aed1346b8921fe7832ac392010d01
PSP_GAME/USRDIR/JPN/SCE_XA/MAGIC/PL00/082_00.AT3	13488	53645bd44c588887db3f9d86a6621cc76241b34db1471080dfa566be8527c60b
PSP_GAME/USRDIR/JPN/SCE_XA/MAGIC/PL00/083_00.AT3	17208	a9fd775886d4db5bf65ce0ce3d0b2cd5e731e641046fed2c69e6c6c9716903f5
PSP_GAME/USRDIR/JPN/SCE_XA/MAGIC/PL00/084_00.AT3	17208	8d223439564d9ea083e62eb7ad75e5ba61f6a0ed1195ac134eb1e75b30376287
PSP_GAME/USRDIR/JPN/SCE_XA/MAGIC/PL00/085_00.AT3	17208	7c4f336ff45fbb49d3743a05c76f6ad7257f180251485f23b81fa069f5f52d29
PSP_GAME/USRDIR/JPN/SCE_XA/MAGIC/PL00/086_00.AT3	13488	cfa9fd16c182341eeb6fb02958ad8ab40af4ce23be65da73c09cae3306715b18
PSP_GAME/USRDIR/JPN/SCE_XA/MAGIC/PL00/087_00.AT3	17208	7eddd6f5bafd67b6a111310bbef65c0d0d454e64945dbd25044dbaa3426b0f5c
PSP_GAME/USRDIR/JPN/SCE_XA/MAGIC/PL00/088_00.AT3	13488	6a25eca526e721dfb6655dcd3bc8b2ea8a4784fd381ace874b64738e419e8b95
PSP_GAME/USRDIR/JPN/SCE_XA/MAGIC/PL00/089_00.AT3	13488	0fb3bbad9959943ac4b6c7a48bb91f5fdf96328addc760f1809806ab0f31f5ab
PSP_GAME/USRDIR/JPN/SCE_XA/MAGIC/PL00/090_00.AT3	13488	bc640f92f39306cec3349aa735e8fa8da33286403ba039b140e65e2530b9509e
PSP_GAME/USRDIR/JPN/SCE_XA/MAGIC/PL00/091_00.AT3	13488	3eb2ace2f36e31874e41c0eedf582a5941077bf154e14f36a4912d43cff45a43
PSP_GAME/USRDIR/JPN/SCE_XA/MAGIC/PL00/092_00.AT3	13488	103528ce885c95112dd80fff623482885c4a7e32399bf3b9128aa98850351b1b
PSP_GAME/USRDIR/JPN/SCE_XA/MAGIC/PL00/093_00.AT3	21672	0908b6a0b389a94b222fcaa52e83555f0f2b91f8addacf9aa258072d34194e82
PSP_GAME/USRDIR/JPN/SCE_XA/MAGIC/PL00/094_00.AT3	13488	67b51eb16c70df2a25184e03b9a04eb8ab6c453e564244025172e7617f6d4211
PSP_GAME/USRDIR/JPN/SCE_XA/MAGIC/PL00/095_00.AT3	13488	746dc9dce87d88cc85cfc6ec7aaf53f864c4c84d22c4f3394c5e620d0201e2ec
PSP_GAME/USRDIR/JPN/SCE_XA/MAGIC/PL00/096_00.AT3	17208	5014e5cda662e359f1e420f919fa1d24539cb510b873921e14eee3b20e7d4bb1
PSP_GAME/USRDIR/JPN/SCE_XA/MAGIC/PL00/097_00.AT3	9024	85c0d57e694be9269d7e2768ba867d1a30a3a38605574d50eea8d68fb1c33d16
PSP_GAME/USRDIR/JPN/SCE_XA/MAGIC/PL00/098_00.AT3	13488	21f1ec2c63c27035b6bc1f272c1d344c9e5058dac623a31964cda6204593cd93
PSP_GAME/USRDIR/JPN/SCE_XA/MAGIC/PL00/099_00.AT3	17208	cc4aef6e9ecc4010878942516f273f1e432a743ebaa2aed247bb73100b962f65
PSP_GAME/USRDIR/JPN/SCE_XA/MAGIC/PL00/100_00.AT3	17208	30afc53b0a6e6ba66974c8f5ed0f0ef68db9b354bd2633e335e7cc3c1e0dc852
PSP_GAME/USRDIR/JPN/SCE_XA/MAGIC/PL00/101_00.AT3	17208	4685b527946d3ccecd43faad405a9a27f0dbf0d5390261bf10b0d79843707d50
PSP_GAME/USRDIR/JPN/SCE_XA/MAGIC/PL00/102_00.AT3	17208	7df420740dec88373bc879310f82053b104ccd0703600830e9ae0af32bf5d6ba
PSP_GAME/USRDIR/JPN/SCE_XA/MAGIC/PL00/103_00.AT3	13488	2ef05c863fbc86c4372f7cbe95f5ffdbb53bf4facec33bb61689f83a7e0237fd
PSP_GAME/USRDIR/JPN/SCE_XA/MAGIC/PL00/104_00.AT3	13488	bd9a6cfdf1f0a3770e3b1343fcc569d17f08dd4094a23fcccda2454471d641db
PSP_GAME/USRDIR/JPN/SCE_XA/MAGIC/PL00/105_00.AT3	13488	e28b6e021bf6c65b5aeffcc81c649d651d96377bcf2f4e5d780bc785204176c0
PSP_GAME/USRDIR/JPN/SCE_XA/MAGIC/PL00/106_00.AT3	13488	5caf24f017345d91a04ee5d4da9ebda1587f322c66075ff58b1a9b0b66a89266
PSP_GAME/USRDIR/JPN/SCE_XA/MAGIC/PL00/107_00.AT3	17208	a1ca728463e102e3bb9a4f2728be9e78a328d3f5d747d16fe565d488808e7917
PSP_GAME/USRDIR/JPN/SCE_XA/MAGIC/PL00/108_00.AT3	13488	463d7b1bdb2c7ac0f2b78560aff03f5a1a520cc7220fcf018becd52e68c26030
PSP_GAME/USRDIR/JPN/SCE_XA/MAGIC/PL00/109_00.AT3	17208	794c5676e7e41e268b00142c805cbd0ae74b648ab9eb71be5bb9ce23fc215267
PSP_GAME/USRDIR/JPN/SCE_XA/MAGIC/PL00/110_00.AT3	13488	8ca748e629c9899a48617c9cb64861f9f729f55007ea54a90d2bba8c1880eb96
PSP_GAME/USRDIR/JPN/SCE_XA/MAGIC/PL00/111_00.AT3	17208	b26a79f57e2e529dc8d1d089f82de5ea36d67672f176d0fa6143d10408377d2f
PSP_GAME/USRDIR/JPN/SCE_XA/MAGIC/PL00/112_00.AT3	13488	bbc807f0a552e80c544e9a5f979681cc28c7f363325cf656dcbe03ab7a1541fe
PSP_GAME/USRDIR/JPN/SCE_XA/MAGIC/PL00/114_00.AT3	21672	1c522877967352fc5d300be4d4b211e0a077a487769ebb5087d5675e9ab1fe0c
PSP_GAME/USRDIR/JPN/SCE_XA/MAGIC/PL00/115_00.AT3	13488	bb1d38256d79813ce53ad3f3c5507a83036e6fcdd4f9d574d0f0af48d80038f0
PSP_GAME/USRDIR/JPN/SCE_XA/MAGIC/PL00/118_00.AT3	9024	0401ce5cfb0f3c0328009acf9c56a0a0be9b5adab4a92516f139225ce3e08e9d
PSP_GAME/USRDIR/JPN/SCE_XA/MAGIC/PL00/143_00.AT3	17208	df5430ec7666a389586ebd8da0d1daaca55b257c8717f13cefa934c12d8eb613
PSP_GAME/USRDIR/JPN/SCE_XA/MAGIC/PL00/144_00.AT3	13488	1203b7bbe9c962d0604ad6a45739fa39e7c2603269c0234e249dfc592a397135
PSP_GAME/USRDIR/JPN/SCE_XA/MAGIC/PL01/004_01.AT3	17208	19b7df19a221f729d1a7e5bc4f0da788a81d46abcdfeb15239b93f6f1ca622dd
PSP_GAME/USRDIR/JPN/SCE_XA/MAGIC/PL01/005_01.AT3	17208	8e3c595f1605e9f937cff8c928d463d00b5e2ef27367c04f7a8c5d0eda317bac
PSP_GAME/USRDIR/JPN/SCE_XA/MAGIC/PL01/006_01.AT3	17208	67fa2c12233dda358fbcfb5c20acabdda8f64f8dc7489c37b919bbf1111c1b9a
PSP_GAME/USRDIR/JPN/SCE_XA/MAGIC/PL01/021_01.AT3	17208	ae0f24d6c315de960948ff5deb55b89fe275a263403a806503c8f1d4a74d5f54
PSP_GAME/USRDIR/JPN/SCE_XA/MAGIC/PL01/027_01.AT3	17208	57671ebfc7373c7fb4a68faf196855e7ae5cad8b84c8780555506cb9f03dc15f
PSP_GAME/USRDIR/JPN/SCE_XA/MAGIC/PL01/029_01.AT3	21672	fc8def0c31daac488211a5165218c0bac9347a15e1266ea59148ef5c6a7bfb5c
PSP_GAME/USRDIR/JPN/SCE_XA/MAGIC/PL01/030_01.AT3	17208	ea0ae04eecff66c8f0070a64787f221fba15469df318193f20d06f6261ce6d69
PSP_GAME/USRDIR/JPN/SCE_XA/MAGIC/PL01/031_01.AT3	5304	29d95c3de2aec2058554a19e6d04eebf67a8430498f262e7094b7be8baf5ce69
PSP_GAME/USRDIR/JPN/SCE_XA/MAGIC/PL01/032_01.AT3	5304	e172964d0d5d8bdc541693e2fc480a9a60f400538f454cddfed388854d619e7d
PSP_GAME/USRDIR/JPN/SCE_XA/MAGIC/PL01/033_01.AT3	9024	99f8acf27928df57abd876eb6d37d89dcef41be3d5fa1bd5efe4d3ee457e452d
PSP_GAME/USRDIR/JPN/SCE_XA/MAGIC/PL01/034_01.AT3	5304	a5774b599056e65bff1bb469d55b45b42a1d343be7999849aaaf5eaa15a481ce
PSP_GAME/USRDIR/JPN/SCE_XA/MAGIC/PL01/035_01.AT3	17208	d709f7081db15e8b6ca9a1b0f487fab8e18d7c89e028ee95390c6e9c7ca9a5d8
PSP_GAME/USRDIR/JPN/SCE_XA/MAGIC/PL01/036_01.AT3	9024	bdd9704398fd4e07b9c20cda99ff06f607b1b4f514c1c84732309d9c5e4edef3
PSP_GAME/USRDIR/JPN/SCE_XA/MAGIC/PL01/037_01.AT3	21672	098b555267fa3bff1d55c36a5c5b926a09ec56768769fdd13ae70d0d6d04828f
PSP_GAME/USRDIR/JPN/SCE_XA/MAGIC/PL01/038_01.AT3	21672	5f9cb6900d59297bec7501cb0d3bc5f1f54d5eaf6374fb09ccfe17cf9046ecaf
PSP_GAME/USRDIR/JPN/SCE_XA/MAGIC/PL01/039_01.AT3	13488	0ca033004cc07b29176783d08b5babc3bb322594c2ebe9399eca0c9b8bebc751
PSP_GAME/USRDIR/JPN/SCE_XA/MAGIC/PL01/040_01.AT3	13488	a7382c8aca18b22ddc6a683e21e36078caa76a17b3e7fabfbf5581a65ff647c5
PSP_GAME/USRDIR/JPN/SCE_XA/MAGIC/PL01/041_01.AT3	17208	f4e25cc0270ff310d7afacd6ce1aab570d85bf4fa901e63f951cde00f761073e
PSP_GAME/USRDIR/JPN/SCE_XA/MAGIC/PL01/042_01.AT3	13488	c285ab81de133799e5b95219d5f8d99df3870a5a1c4dc6ee232239cde9af07e3
PSP_GAME/USRDIR/JPN/SCE_XA/MAGIC/PL01/043_01.AT3	17208	b172d928e4646e8f4cafe77ed810eadec2f526afc8cb8ec5e2e6f3a883dceb64
PSP_GAME/USRDIR/JPN/SCE_XA/MAGIC/PL01/044_01.AT3	17208	f18d359bc368a285bcb1392a9d6cb92f66e918d5e901283b90d8081c9b933a6b
PSP_GAME/USRDIR/JPN/SCE_XA/MAGIC/PL01/045_01.AT3	17208	f116b048bc9aef6609aa385d7d984edb0d972ac39fcfd7c625f212571bdad397
PSP_GAME/USRDIR/JPN/SCE_XA/MAGIC/PL01/046_01.AT3	21672	8f35ed3beadef0eb43bd2c133cf3951cb598f87de04e56ca83fdca9f431f0b73
PSP_GAME/USRDIR/JPN/SCE_XA/MAGIC/PL01/047_01.AT3	17208	c34866506470d45a935b7995f8b9d0bb10d6f7493eb0ef0827df65834f91cc21
PSP_GAME/USRDIR/JPN/SCE_XA/MAGIC/PL01/048_01.AT3	21672	345779a40f7bcd7e64b94f8fe389aa17e0e1a128f9f4bd519fd9e66b5ddf9d04
PSP_GAME/USRDIR/JPN/SCE_XA/MAGIC/PL01/049_01.AT3	17208	7fca3ce079419514e72760f830cda78553f317f28907d86442450a9d90abe36a
PSP_GAME/USRDIR/JPN/SCE_XA/MAGIC/PL01/050_01.AT3	17208	40455827998c920808f7d7cd8a7325e532668a8631ce00ac459d924bd7954999
PSP_GAME/USRDIR/JPN/SCE_XA/MAGIC/PL01/051_01.AT3	13488	02f37a273786c7d320162404e957cc10a5aadcc2aa123fd8c993b4c862798608
PSP_GAME/USRDIR/JPN/SCE_XA/MAGIC/PL01/052_01.AT3	13488	a9d545f0ef7ecf53e42dae21af35cdb4cee09a36176f1e3f0c3e0e88ecfd46e6
PSP_GAME/USRDIR/JPN/SCE_XA/MAGIC/PL01/053_01.AT3	21672	ee6f0f9e3a218f9e5d1fca352165e5d20fdabb7a1c5f67c87915252601f27d22
PSP_GAME/USRDIR/JPN/SCE_XA/MAGIC/PL01/054_01.AT3	17208	b031b766e086fb4e4772e48f00223200f578ddce43a22652d06ee8cd536b36f1
PSP_GAME/USRDIR/JPN/SCE_XA/MAGIC/PL01/055_01.AT3	21672	7a767fedf4a05700bccf5127d687960a7a8feb6b65963dbb438a04bd49be13d3
PSP_GAME/USRDIR/JPN/SCE_XA/MAGIC/PL01/056_01.AT3	13488	cb9a7b3e4fdc4aa59829ab693b19bdb2d4599d202c1cabe8c22fe1f05bca08d4
PSP_GAME/USRDIR/JPN/SCE_XA/MAGIC/PL01/058_01.AT3	13488	640f10e35ddde52c1d9e3621e4ef4b12ffcb9ae355c1c6efe96ab354f6fec7f1
PSP_GAME/USRDIR/JPN/SCE_XA/MAGIC/PL01/059_01.AT3	17208	73fb905323120eec882feae2e05041b5ce9dc12a2db6b45aeea533c37b4d19ac
PSP_GAME/USRDIR/JPN/SCE_XA/MAGIC/PL01/061_01.AT3	21672	085adceb422edde9bf847c117e2cc1ef5419d7a7f5231c3a003dcccdedbecbde
PSP_GAME/USRDIR/JPN/SCE_XA/MAGIC/PL01/062_01.AT3	17208	502b150c7fa522980796e7ac1c26e1637a8a1347638a13a5d10ceaae99250aa6
PSP_GAME/USRDIR/JPN/SCE_XA/MAGIC/PL01/063_01.AT3	13488	a665f7e8299af6117d30b19879d45d1a8fac8087561b45f8859ada47ae1f115a
PSP_GAME/USRDIR/JPN/SCE_XA/MAGIC/PL01/066_01.AT3	17208	0151e2426c1b10077e382d374ee969d33d8f9adae41bba999db81bb010f5ca74
PSP_GAME/USRDIR/JPN/SCE_XA/MAGIC/PL01/067_01.AT3	13488	965ed60e57cc82adac57db68ea3e023d4b56c22ac03efb64f8b406eed49fd3d1
PSP_GAME/USRDIR/JPN/SCE_XA/MAGIC/PL01/070_01.AT3	17208	75d18cfe8d44dd2974f9ad4e0301d6360240d180874c291fb6128e675df6a115
PSP_GAME/USRDIR/JPN/SCE_XA/MAGIC/PL01/071_01.AT3	13488	2b430fca7b7a23e63158d648a14c717220c75c781fd483d2602e28b4d96058a0
PSP_GAME/USRDIR/JPN/SCE_XA/MAGIC/PL01/072_01.AT3	13488	353e93e2c75601b9693c86d9cf36da955c1ed222489c962ac7f6c28f64ce78c1
PSP_GAME/USRDIR/JPN/SCE_XA/MAGIC/PL01/073_01.AT3	13488	ba5c0a308a956b5f2896f33125040cec68ed9ca213f49fb4e578affe7f8cf7b7
PSP_GAME/USRDIR/JPN/SCE_XA/MAGIC/PL01/074_01.AT3	17208	7e838b5f4208ef0cfc6a8b88cd5102bb49268093ea41d69d11a232ea91cb3b0e
PSP_GAME/USRDIR/JPN/SCE_XA/MAGIC/PL01/075_01.AT3	13488	6fdedfb0aedbdcf8c4547f77e8bd087835c8bbd15e402ac0083183a177ab8513
PSP_GAME/USRDIR/JPN/SCE_XA/MAGIC/PL01/076_01.AT3	13488	39dd1d1ba90533b6d70a2e7ad8fc14d76d1f1d5e7bdffa676eb753e3dcc29c2e
PSP_GAME/USRDIR/JPN/SCE_XA/MAGIC/PL01/077_01.AT3	17208	9ccdc07eaa4dcf25648d509d8fe0993d990526f8ad34863b4f5535f9f1631ad3
PSP_GAME/USRDIR/JPN/SCE_XA/MAGIC/PL01/078_01.AT3	17208	db3fd2e7a2ec04ca014ff7d258b41b5c73557570e3da9c42623116a0c0ac4b7e
PSP_GAME/USRDIR/JPN/SCE_XA/MAGIC/PL01/079_01.AT3	9024	8ec817b6345ef9bf281764810ff5ff2aad236e40b38d4af8e0c0333ddac8f98b
PSP_GAME/USRDIR/JPN/SCE_XA/MAGIC/PL01/082_01.AT3	13488	fd623856abade3db0331dbdab14035073bb3da2f17e3e3ffd984e59e83b516d4
PSP_GAME/USRDIR/JPN/SCE_XA/MAGIC/PL01/083_01.AT3	17208	b52d8fc83fc757e215e6f44e377457dd2a94ea6ad323871c60e158b6794bb0e1
PSP_GAME/USRDIR/JPN/SCE_XA/MAGIC/PL01/084_01.AT3	17208	f5b078338d7cdce4ea20a5cda5f12a331746da8923f30278a5b3127f190cf347
PSP_GAME/USRDIR/JPN/SCE_XA/MAGIC/PL01/085_01.AT3	13488	bd06848d0df9f2480b69b890b74d55d330bd813a54ca78ae52c3299e4558d09e
PSP_GAME/USRDIR/JPN/SCE_XA/MAGIC/PL01/086_01.AT3	9024	532e1ddfd5358618048b349a81926991746e6c21c141b73769ab9cd3bb90fc91
PSP_GAME/USRDIR/JPN/SCE_XA/MAGIC/PL01/087_01.AT3	17208	4f27799a53babbf357e6add3c4d4230f333b6ce7f8b04c5ce0a1e0b55c03ff7b
PSP_GAME/USRDIR/JPN/SCE_XA/MAGIC/PL01/088_01.AT3	17208	6891d3f190e966f28c5883f5debe390dc49f92dd83f556d34b7efe0fa87ba746
PSP_GAME/USRDIR/JPN/SCE_XA/MAGIC/PL01/089_01.AT3	13488	048182ed0799ae06126b2e2149a5be259b1be58891b5c246d07c973f933c3a48
PSP_GAME/USRDIR/JPN/SCE_XA/MAGIC/PL01/090_01.AT3	9024	3b0193e88f009ec643d4d3dd05ef38e5b426596ea88e490a07a13b3136a136c0
PSP_GAME/USRDIR/JPN/SCE_XA/MAGIC/PL01/091_01.AT3	13488	8bf0751b7d7d3f4dc6c30198c326e9215bfb33a8fdb5d87a53321ecf7408d7ab
PSP_GAME/USRDIR/JPN/SCE_XA/MAGIC/PL01/092_01.AT3	17208	bc48c17f43edc7b0bb51e6aa16c3f1a3f4e399279c0a3eadfaba25d12f6d14df
PSP_GAME/USRDIR/JPN/SCE_XA/MAGIC/PL01/093_01.AT3	21672	1831fab2321a9b73e8df70c98d0fbb18fde5b9f9a5e603aacf7d64d0dd1d89dd
PSP_GAME/USRDIR/JPN/SCE_XA/MAGIC/PL01/094_01.AT3	13488	39cb7906c73436029ec92b15b657b126502d1b9d2d0ed86670305193e2d41e76
PSP_GAME/USRDIR/JPN/SCE_XA/MAGIC/PL01/095_01.AT3	13488	bcc5e67a64d959e20beb82588dc3d529aac98a52e15352022d91245812f6a75b
PSP_GAME/USRDIR/JPN/SCE_XA/MAGIC/PL01/096_01.AT3	17208	9d39ccee8dda261c46031f56f90a3f3a286127004f73634cf83689b8674d7eaa
PSP_GAME/USRDIR/JPN/SCE_XA/MAGIC/PL01/097_01.AT3	13488	6ed57f49d4474bbf12514a2c4895bd882ee6091773484b1b3836c5f5b195375f
PSP_GAME/USRDIR/JPN/SCE_XA/MAGIC/PL01/098_01.AT3	13488	dd4885e421776e7c17fd899c59df7a89f6f357ab6e74f592bf0b0f0123de4104
PSP_GAME/USRDIR/JPN/SCE_XA/MAGIC/PL01/099_01.AT3	21672	701c3e0bf3fedcdf1a87120a1a6d86faab3abb07b7870484b71399cfdb125e1c
PSP_GAME/USRDIR/JPN/SCE_XA/MAGIC/PL01/100_01.AT3	13488	8c8d58cbff6f678a72bf38f63cf9d9af284331dfeb51468653ebdca15ed2d0df
PSP_GAME/USRDIR/JPN/SCE_XA/MAGIC/PL01/101_01.AT3	13488	29cdaadbf5430c388dbe9a62978779b9ccffc6fc441c10cb1847d53490a5bcdc
PSP_GAME/USRDIR/JPN/SCE_XA/MAGIC/PL01/102_01.AT3	13488	be2392bd779dad06f1c1f08ff830932edec442bc3aca7fc5e0cbb69914def5d1
PSP_GAME/USRDIR/JPN/SCE_XA/MAGIC/PL01/103_01.AT3	9024	064607dbb64768c8bf48dfaea2bcbfbf1ff33250d3121421f8e306355b99acf8
PSP_GAME/USRDIR/JPN/SCE_XA/MAGIC/PL01/104_01.AT3	13488	f2abe9d57fa3cc164a79041f61d796b4c1da163e5d0e2353944b51eb87413ac8
PSP_GAME/USRDIR/JPN/SCE_XA/MAGIC/PL01/105_01.AT3	13488	23e3b05aafcc237d9823061fcd0b1aea053c0cca4dc39ebb6ad17b5e7b094a99
PSP_GAME/USRDIR/JPN/SCE_XA/MAGIC/PL01/106_01.AT3	13488	d87d23d1670a16f3813f7b74b3c4f57aca562f6c083f211ab3b82aaf345d5f43
PSP_GAME/USRDIR/JPN/SCE_XA/MAGIC/PL01/107_01.AT3	13488	dd3bfb4bfd5d8fdfeefd5bf83e5172a88e2ffa93055429b2a1b26b36efba03cb
PSP_GAME/USRDIR/JPN/SCE_XA/MAGIC/PL01/108_01.AT3	9024	4ed4aeef9d4729a8aa6b5ab440b733b6a1a395ed0d3ef5dc2abb13ef4c83a58e
PSP_GAME/USRDIR/JPN/SCE_XA/MAGIC/PL01/109_01.AT3	17208	cf43f931a39c94b3770cae9bb0a94554f7ba65ad9c148b4e404a9121f9a2f5ad
PSP_GAME/USRDIR/JPN/SCE_XA/MAGIC/PL01/110_01.AT3	9024	1affcbc1f75a5cea91278353eff7d479337cb2b09e10847c93c41867fa595c2c
PSP_GAME/USRDIR/JPN/SCE_XA/MAGIC/PL01/111_01.AT3	13488	703a2729c78b60c8453bcb00fcf9927e6b0e0ce4504db8b513888d3f6f93109e
PSP_GAME/USRDIR/JPN/SCE_XA/MAGIC/PL01/112_01.AT3	13488	92878233ca0a7e6791022704126f714cc515bd1ad59afed4b42107bdd77b48bf
PSP_GAME/USRDIR/JPN/SCE_XA/MAGIC/PL01/113_01.AT3	13488	37898f24898a285f4d1206306f75d620bc384ea6014cff36cc8eb4001dd88bfe
PSP_GAME/USRDIR/JPN/SCE_XA/MAGIC/PL01/114_01.AT3	21672	59fc21b7f8e188a1bcf1ea179f9b75332d412e507ddd1f652d21225933e67c04
PSP_GAME/USRDIR/JPN/SCE_XA/MAGIC/PL01/115_01.AT3	9024	29038f138f84d97ba03fa63599b7bbaea07b75b2b9cae1b542484873347ed0b7
PSP_GAME/USRDIR/JPN/SCE_XA/MAGIC/PL01/117_01.AT3	9024	88e68a625be2a03f108b0a8b6f3e060c8d1b5be83a3bdc78a664ac105428e87e
PSP_GAME/USRDIR/JPN/SCE_XA/MAGIC/PL01/118_01.AT3	13488	cf1ea081425d6234dd897f39b83c75e7bc0959b184d4c77fd4671e8eb227351b
PSP_GAME/USRDIR/JPN/SCE_XA/MAGIC/PL01/140_01.AT3	13488	7c55caceb8b75b72f38b179f1700d2d50cc6c9291207e73104fe4acd83ac78a6
PSP_GAME/USRDIR/JPN/SCE_XA/MAGIC/PL01/142_01.AT3	13488	bfaed73e9af110c794f7c36b47a61d44e1c4948a92b4ee9a8947082de7465b5f
PSP_GAME/USRDIR/JPN/SCE_XA/MAGIC/PL01/143_01.AT3	13488	e8a9834e4f1646ef08a8127f50b605cef13fb37d58fd0432c1bdbfde2679b8a5
PSP_GAME/USRDIR/JPN/SCE_XA/MAGIC/PL01/144_01.AT3	13488	c74a54d34aca6777ded977b1706186c3624447957e047d6d1ea5c3606cb77d2e
PSP_GAME/USRDIR/JPN/SCE_XA/MAGIC/PL01/145_01.AT3	13488	1184c29ab5ffbe6a5c30d690c96a206555d6a7e69989b2bff7685f990fb2a690
PSP_GAME/USRDIR/JPN/SCE_XA/MAGIC/PL01/147_01.AT3	17208	5153fe20d68c71e1e2e2183a5873d38fa5ce8cb350e9755bcc43f74e922a7082
PSP_GAME/USRDIR/JPN/SCE_XA/MAGIC/PL01/149_01.AT3	13488	d57ac3146ce34feaed833bece7513af6ac7875e9c05f227461b4b30c5053c66b
PSP_GAME/USRDIR/JPN/SCE_XA/MAGIC/PL02/004_02.AT3	21672	2748aca8a8029a95dfdc86e5ae2bab8812ed80aa292013004a2c9bda2a4a6333
PSP_GAME/USRDIR/JPN/SCE_XA/MAGIC/PL02/005_02.AT3	21672	b1b2a810eefa7158951fc516ae7aaa033afece61457894bf65f5b4bbec615243
PSP_GAME/USRDIR/JPN/SCE_XA/MAGIC/PL02/006_02.AT3	17208	2f222ab344c6b99def4e1bab5a7e73a263dd0e1393786d4d8ea5d377abe756a5
PSP_GAME/USRDIR/JPN/SCE_XA/MAGIC/PL02/021_02.AT3	17208	21171449e819b9681ce3840e46e598ed0715f3e379e08a65e3dddfea0354cb2b
PSP_GAME/USRDIR/JPN/SCE_XA/MAGIC/PL02/027_02.AT3	9024	08765d26be5d504f52b5dd96f79ec6bf2319884d58ccba8a18daf9d8e76aaefd
PSP_GAME/USRDIR/JPN/SCE_XA/MAGIC/PL02/029_02.AT3	21672	a422c7f312263891ab598a2f6667eff5b41ae86454407304907e768dd1695e9c
PSP_GAME/USRDIR/JPN/SCE_XA/MAGIC/PL02/030_02.AT3	17208	fa17260996d00e7b7d58b2019bcc63d18126639a75952d19c436c1f418cc2fd1
PSP_GAME/USRDIR/JPN/SCE_XA/MAGIC/PL02/031_02.AT3	13488	0aa8e86371b48aea9d01272b51b7fb8e0d322714507fef5f405720c4548353e8
PSP_GAME/USRDIR/JPN/SCE_XA/MAGIC/PL02/032_02.AT3	17208	ef3cac9bb6be9880272d796baa66b1bcda4a36cdd872cb1b93abea345fdd7e76
PSP_GAME/USRDIR/JPN/SCE_XA/MAGIC/PL02/033_02.AT3	17208	ea85c7107b53f53b515e21ecc1baf9a4ecc49ec6562fed737c873c1a549c8eb5
PSP_GAME/USRDIR/JPN/SCE_XA/MAGIC/PL02/034_02.AT3	17208	854c9fa1d8805a67d930a39273aa769a31f511e069099911c071de26a9383f75
PSP_GAME/USRDIR/JPN/SCE_XA/MAGIC/PL02/035_02.AT3	17208	ce933481a1284cb48eb7a02e309585378a8528d23d8ea0cd90f2e75bbac50d79
PSP_GAME/USRDIR/JPN/SCE_XA/MAGIC/PL02/036_02.AT3	17208	2cebb564bfee91fe8e89986a0a34516050d29e71cd191144f3d9540904ac51c4
PSP_GAME/USRDIR/JPN/SCE_XA/MAGIC/PL02/037_02.AT3	21672	e7175ae3601b966cdb980e9b84bbdb0576834dc7180af9de6cb68ade6f24fb0b
PSP_GAME/USRDIR/JPN/SCE_XA/MAGIC/PL02/038_02.AT3	21672	7b7b933749c0eaeca925a4940d082d630f5f865ac2785125ba2dd34d8d574dd2
PSP_GAME/USRDIR/JPN/SCE_XA/MAGIC/PL02/039_02.AT3	21672	2c259e676df5b81f2f688d3d3b5d6168788a2f309deecc1bc14c5649c227cef6
PSP_GAME/USRDIR/JPN/SCE_XA/MAGIC/PL02/040_02.AT3	17208	6fb06e2e5b929de1b952a12e9013abea2d8fe183d44581d66f4e2b4475ceac2a
PSP_GAME/USRDIR/JPN/SCE_XA/MAGIC/PL02/041_02.AT3	21672	6036f1b35df57c98d469ac1aeed9c643198692f8d12b4e7e473e24e01413bc9c
PSP_GAME/USRDIR/JPN/SCE_XA/MAGIC/PL02/042_02.AT3	9024	0947bf59cb5cbc3e9afab7ac3ff370d8d9e4b7d03a86d011bc420b54200297aa
PSP_GAME/USRDIR/JPN/SCE_XA/MAGIC/PL02/043_02.AT3	17208	8e4add06c900e829ff9ba369b89af102f6ef586a94feac4425e30aa27152e32a
PSP_GAME/USRDIR/JPN/SCE_XA/MAGIC/PL02/044_02.AT3	9024	75ea6e20f65d25c49b9610e759650464e9914318cdc1d0d2df3208bee74c92c5
PSP_GAME/USRDIR/JPN/SCE_XA/MAGIC/PL02/045_02.AT3	17208	620cdbb4039230e533e2094df2c713c743f9733515af24cf5a561c4f9b4eb25a
PSP_GAME/USRDIR/JPN/SCE_XA/MAGIC/PL02/046_02.AT3	13488	40769974bb37229e0efceefc9d3ba9fca9d7eb0f840e3a802a302774a55b607e
PSP_GAME/USRDIR/JPN/SCE_XA/MAGIC/PL02/047_02.AT3	9024	54a1ac69d4cfba465e80350da7d454253a8fa3d0a50c8605f9833d52f952f7db
PSP_GAME/USRDIR/JPN/SCE_XA/MAGIC/PL02/048_02.AT3	9024	c5dd9bae6c44cb88524dec6abd83997840e7583c67c4c67afe825cf9e61b51df
PSP_GAME/USRDIR/JPN/SCE_XA/MAGIC/PL02/049_02.AT3	17208	3d24b3f0ea9866d7b72d0d668dfb6d88def432d9a6776e2f6ee1f25e4993e7e0
PSP_GAME/USRDIR/JPN/SCE_XA/MAGIC/PL02/050_02.AT3	13488	af836833bdbda4c00259ffb98dca290b612714c648b505d50db20d4c7c4a4dca
PSP_GAME/USRDIR/JPN/SCE_XA/MAGIC/PL02/051_02.AT3	9024	ce3e90a04742b76646c07dc17e84888b53009e86983244c688afa99fce4d848b
PSP_GAME/USRDIR/JPN/SCE_XA/MAGIC/PL02/052_02.AT3	17208	de54c311be4b0b82ad4497e4630a902edfa8f92cbe49b3703b9dc27916ead75a
PSP_GAME/USRDIR/JPN/SCE_XA/MAGIC/PL02/053_02.AT3	17208	92806509573e22c94b4f5b56f318442514ce3743117ead7dba4066d5a725755c
PSP_GAME/USRDIR/JPN/SCE_XA/MAGIC/PL02/054_02.AT3	21672	4946d37b9af7489d2a2720abe7de2cb9ffcb98a35c0df03e3426d6a993cf17c7
PSP_GAME/USRDIR/JPN/SCE_XA/MAGIC/PL02/055_02.AT3	13488	41f1b6e9cb03bfda0a7846e257288642ca3cac4514f9e63ce2226e24ae5f66cf
PSP_GAME/USRDIR/JPN/SCE_XA/MAGIC/PL02/056_02.AT3	17208	ea85c7107b53f53b515e21ecc1baf9a4ecc49ec6562fed737c873c1a549c8eb5
PSP_GAME/USRDIR/JPN/SCE_XA/MAGIC/PL02/058_02.AT3	13488	862e6b229167191326cc1e077dceb84e38de2d599896cc3204da0e352ad67bfe
PSP_GAME/USRDIR/JPN/SCE_XA/MAGIC/PL02/059_02.AT3	21672	32eefe0d5082cd6d64546d28dd7a0bf1fb94446806dd3a96fe2a83b3b7be3d2f
PSP_GAME/USRDIR/JPN/SCE_XA/MAGIC/PL02/061_02.AT3	9024	dcd87c8dc16a58647fa3feb7fce44eb5773da665a99cbd89c0ac7b2fd89de174
PSP_GAME/USRDIR/JPN/SCE_XA/MAGIC/PL02/062_02.AT3	17208	2a81ae5785a82e01fabfd4ee48438363bb789df3f750d4a2759851019b6a01ed
PSP_GAME/USRDIR/JPN/SCE_XA/MAGIC/PL02/063_02.AT3	17208	aeb01c4de9e9302001ed50364528283d481c667352cbb6f53e406c1008724179
PSP_GAME/USRDIR/JPN/SCE_XA/MAGIC/PL02/066_02.AT3	17208	f0c47a43b4402b1f6fdc51b1cafffb9c30aed80773b20ce94dcd02accc08a3f4
PSP_GAME/USRDIR/JPN/SCE_XA/MAGIC/PL02/067_02.AT3	9024	ce3e90a04742b76646c07dc17e84888b53009e86983244c688afa99fce4d848b
PSP_GAME/USRDIR/JPN/SCE_XA/MAGIC/PL02/070_02.AT3	17208	5b88eff40ed2ef7771b3e1f4695cd278a65e3c224af959cf13818328b67ef5f4
PSP_GAME/USRDIR/JPN/SCE_XA/MAGIC/PL02/071_02.AT3	17208	88213dfa3ffa3a2f44dbf75b8cca950af0c20ec85dd8fc3e26e8684884058202
PSP_GAME/USRDIR/JPN/SCE_XA/MAGIC/PL02/072_02.AT3	17208	a53760416bb2193ab306b4a9ab11e54abc5d609cf78b8fb79f3362a27d85689f
PSP_GAME/USRDIR/JPN/SCE_XA/MAGIC/PL02/073_02.AT3	17208	89c2cd924d2b027614d9433d6c5b69c604f0b0501b403f6a8f1325d771a8c446
PSP_GAME/USRDIR/JPN/SCE_XA/MAGIC/PL02/074_02.AT3	17208	e8dba8c54824542b0d83b8d6e819ca61e5e39d555d29baba652becdbd9a9bfba
PSP_GAME/USRDIR/JPN/SCE_XA/MAGIC/PL02/075_02.AT3	17208	1bb47d4294354a4af5ee99c6fd13188d5722b182456de87f755e3ada86e3cfc8
PSP_GAME/USRDIR/JPN/SCE_XA/MAGIC/PL02/076_02.AT3	17208	7e40c9ca5218f5528158f46fb1a6dacc75517d106788f684c2ad0634c8b7e3fa
PSP_GAME/USRDIR/JPN/SCE_XA/MAGIC/PL02/077_02.AT3	17208	2cebb564bfee91fe8e89986a0a34516050d29e71cd191144f3d9540904ac51c4
PSP_GAME/USRDIR/JPN/SCE_XA/MAGIC/PL02/078_02.AT3	17208	1f544a3cd99ea4ce5a1564f93ebe88c1bcdd4acd601864339463d331ca294f1f
PSP_GAME/USRDIR/JPN/SCE_XA/MAGIC/PL02/079_02.AT3	13488	377dee629ebe3efde65fcae923166abdee9313fcd43629ee322093638239d306
PSP_GAME/USRDIR/JPN/SCE_XA/MAGIC/PL02/082_02.AT3	17208	c09a07d8c758ce0e93918190186a14bb753f1a7fa83294ceb7836e6ee34a0a9a
PSP_GAME/USRDIR/JPN/SCE_XA/MAGIC/PL02/083_02.AT3	17208	b8f9cbc8685f55db72d1277663f7c32a1c909363dc1a7991eb1ce18387a6fc06
PSP_GAME/USRDIR/JPN/SCE_XA/MAGIC/PL02/084_02.AT3	13488	e5326d788402641f6454acd7ac220c81228dfb631b42b2241bf5501e025ee308
PSP_GAME/USRDIR/JPN/SCE_XA/MAGIC/PL02/085_02.AT3	13488	a94c851bdf2c99344f3fdf15406298d28e1d6fbe2b363416e0c53fb4c56a132e
PSP_GAME/USRDIR/JPN/SCE_XA/MAGIC/PL02/086_02.AT3	9024	3550c474ce8ecb8c86ca1f378611c1d3296e7108795c0a855da89ba5abcd7a05
PSP_GAME/USRDIR/JPN/SCE_XA/MAGIC/PL02/087_02.AT3	13488	66f60f678ef4ffddad9a39efe0d73864bf3c84d8f6e83c20a2d89786aeb57601
PSP_GAME/USRDIR/JPN/SCE_XA/MAGIC/PL02/088_02.AT3	13488	109071bcc5b1975647f2b19092f605fbec35876166bb3c5db6147a57cb91d435
PSP_GAME/USRDIR/JPN/SCE_XA/MAGIC/PL02/089_02.AT3	13488	3df630a0567804174588a22ead0980b33a9d6029a20a1251020e64846d7cee5f
PSP_GAME/USRDIR/JPN/SCE_XA/MAGIC/PL02/090_02.AT3	9024	ee8712f172a8b1c749c73072478be23a2f2205f8011ef5e20cf0f0987bd5269e
PSP_GAME/USRDIR/JPN/SCE_XA/MAGIC/PL02/091_02.AT3	21672	48b521613c0f84a12bba2e62daab30cdd83f445468a6ace10f680fe67efbd1d8
PSP_GAME/USRDIR/JPN/SCE_XA/MAGIC/PL02/092_02.AT3	13488	0e71968212bbcc28d113234fca3367361f1f2055f2f6db6bdd34d755feb261e1
PSP_GAME/USRDIR/JPN/SCE_XA/MAGIC/PL02/093_02.AT3	13488	28c22a91951c2241400f6f765a853696da2c963525101e2fa2a5d9b59007f67e
PSP_GAME/USRDIR/JPN/SCE_XA/MAGIC/PL02/094_02.AT3	13488	a60b1ec927d1f51ac4e1099c71fbaccc091ad5edb03388b476e9b8a026e0f4cb
PSP_GAME/USRDIR/JPN/SCE_XA/MAGIC/PL02/095_02.AT3	17208	b2b2251d6bb4ddb83079092992f877c6cec82de07f50c559b11a5749a5fc501b
PSP_GAME/USRDIR/JPN/SCE_XA/MAGIC/PL02/096_02.AT3	13488	6705f2532a5219038d8a04a45fb9b5462e0c7262604b81ffbbcb17f2dd316d98
PSP_GAME/USRDIR/JPN/SCE_XA/MAGIC/PL02/097_02.AT3	9024	0b1e826a8609404c30a52e340b7d4302ef1ae09cc29147ce873c9289557e0995
PSP_GAME/USRDIR/JPN/SCE_XA/MAGIC/PL02/098_02.AT3	9024	f83fad3a9e2847e7982c990002e4601d12ba5c9156d18ec25a341d957468b906
PSP_GAME/USRDIR/JPN/SCE_XA/MAGIC/PL02/099_02.AT3	17208	d81346e8b73c302769105d64e16fc6ee644c307dadff38b145ef8a1b180cd7cd
PSP_GAME/USRDIR/JPN/SCE_XA/MAGIC/PL02/100_02.AT3	13488	157c16ee554d9d30ba0b726783aeff8692a402e2d290c74139d12d81a58f1c7a
PSP_GAME/USRDIR/JPN/SCE_XA/MAGIC/PL02/101_02.AT3	17208	7aedb2914b69d99a680221f37fbd1893792ebc0dcfe0e80ca78a0cfc57642483
PSP_GAME/USRDIR/JPN/SCE_XA/MAGIC/PL02/102_02.AT3	13488	52fca1adc6f2dc0c91e58079ec50fea417f53cd604a992fd25178244bedd7679
PSP_GAME/USRDIR/JPN/SCE_XA/MAGIC/PL02/103_02.AT3	9024	043af07c0c9037307b1f9d9cf35688fbba46d63313389c20b756075cc46d1285
PSP_GAME/USRDIR/JPN/SCE_XA/MAGIC/PL02/104_02.AT3	13488	f87d4528f89503dd77808005404aa13c01313d6be518ceb13b6feb41dbe220ad
PSP_GAME/USRDIR/JPN/SCE_XA/MAGIC/PL02/105_02.AT3	13488	61446803d45b63d8e41ed30e60b02e28a3248b071f45ba35fd84344be466110a
PSP_GAME/USRDIR/JPN/SCE_XA/MAGIC/PL02/106_02.AT3	17208	f9aff185c1df9e996faf4fb1ff5d56fe666d48ffa31b89cf5afff07dc2f3c4e4
PSP_GAME/USRDIR/JPN/SCE_XA/MAGIC/PL02/107_02.AT3	9024	80742b554bc04c04356e0e1dbdab3f35f9251d3e48639b691e1be61749ba3631
PSP_GAME/USRDIR/JPN/SCE_XA/MAGIC/PL02/108_02.AT3	9024	231098124eabd389e595fc162ff0e07c7740e1b73f95a642714fab968fce0d8d
PSP_GAME/USRDIR/JPN/SCE_XA/MAGIC/PL02/109_02.AT3	13488	9cc529b8568cd1c35706a924384ec2033ca3d847399f7f8ddc2a111ae4daa4aa
PSP_GAME/USRDIR/JPN/SCE_XA/MAGIC/PL02/110_02.AT3	21672	dfcad4d1dcb04249a869ceb0ba1265842475c4325138df05ba3b51ca2e8b613d
PSP_GAME/USRDIR/JPN/SCE_XA/MAGIC/PL02/111_02.AT3	9024	5c92c3edd046815ee95486b0635ba72a63ffe70a1b1272782b538f94045c5365
PSP_GAME/USRDIR/JPN/SCE_XA/MAGIC/PL02/112_02.AT3	13488	1d69e3706aef070c3a71900949d84fe561b79b47ab9bef087902e8373b0d2a6b
PSP_GAME/USRDIR/JPN/SCE_XA/MAGIC/PL02/113_02.AT3	21672	66b8be5005bb5527b413fa8fa7f3260e569fb542992fb2bd933ac7cebd31fdc0
PSP_GAME/USRDIR/JPN/SCE_XA/MAGIC/PL02/114_02.AT3	21672	0c0a0af2a6cca24cba8d39d327e3d1496c372c715bda5db7b4d53760054d45e3
PSP_GAME/USRDIR/JPN/SCE_XA/MAGIC/PL02/115_02.AT3	17208	87a5553d148a9e9e6b755c19f0e9b734264ff4a3faec7c5f56fee05b91443af2
PSP_GAME/USRDIR/JPN/SCE_XA/MAGIC/PL02/117_02.AT3	17208	2cebb564bfee91fe8e89986a0a34516050d29e71cd191144f3d9540904ac51c4
PSP_GAME/USRDIR/JPN/SCE_XA/MAGIC/PL02/118_02.AT3	9024	842241fb9cf271dfe0c583675e1efd028e11512d725d51ffa24a387141e4f570
PSP_GAME/USRDIR/JPN/SCE_XA/MAGIC/PL02/140_02.AT3	21672	2bcc8c694562a062f7a59d709270b590c70f60719b7bed82c94f5d6e998afef0
PSP_GAME/USRDIR/JPN/SCE_XA/MAGIC/PL02/142_02.AT3	21672	6c2da3060818aa1c76dc7501e2891223109234e56bf6f8a9b318fd11c856c1dc
PSP_GAME/USRDIR/JPN/SCE_XA/MAGIC/PL02/143_02.AT3	21672	456170d4a4bba17e3304a53378830b20cc7596413c0dacea80d332f44bc5d6fd
PSP_GAME/USRDIR/JPN/SCE_XA/MAGIC/PL02/144_02.AT3	17208	d13a1e078e19e3fafcd7cb0ae11f9f890acc8ba159af7ff25f80eec62e3200d7
PSP_GAME/USRDIR/JPN/SCE_XA/MAGIC/PL02/145_02.AT3	17208	591ce7a8d282dc1bcd3aec5c16cf69cac61a9a82a65a077a6f786f3f91f25d20
PSP_GAME/USRDIR/JPN/SCE_XA/MAGIC/PL02/147_02.AT3	17208	6fb06e2e5b929de1b952a12e9013abea2d8fe183d44581d66f4e2b4475ceac2a
PSP_GAME/USRDIR/JPN/SCE_XA/MAGIC/PL02/149_02.AT3	17208	a56a6ff917b334fad7dab6bf7d9facdccc9f57bb603a3a7b6f8ab77214eb9709
PSP_GAME/USRDIR/JPN/SCE_XA/MAGIC/PL02/152_02.AT3	9024	c5dd9bae6c44cb88524dec6abd83997840e7583c67c4c67afe825cf9e61b51df
PSP_GAME/USRDIR/JPN/SCE_XA/MAGIC/PL02/153_02.AT3	17208	dc8efe2486f798b9704fbe356d80f724c9ede747e615d9854325a0ae593eb932
PSP_GAME/USRDIR/JPN/SCE_XA/MAGIC/PL02/158_02.AT3	9024	3e5860f70e56ea3a329d2b056cf4fd395e6385add646f77913c4cfcc81cb8c3a
PSP_GAME/USRDIR/JPN/SCE_XA/MAGIC/PL02/162_02.AT3	17208	2c2a8bec6b057bcc2597fff51f5f3fa6923ec8208d0c74eb95ca89e887a9b918
PSP_GAME/USRDIR/JPN/SCE_XA/MAGIC/PL02/163_02.AT3	17208	d5d005c94d89932bda1b175bb694685927a0f634bc0307edf7e7a3e122a98c90
PSP_GAME/USRDIR/JPN/SCE_XA/MAGIC/PL02/166_02.AT3	13488	73b32a58bcfc00a6a45332b1b0bac87bfda1cfa92c8c9150903359952689bb8d
PSP_GAME/USRDIR/JPN/SCE_XA/MAGIC/PL02/167_02.AT3	9024	ce3e90a04742b76646c07dc17e84888b53009e86983244c688afa99fce4d848b
PSP_GAME/USRDIR/JPN/SCE_XA/MAGIC/PL02/168_02.AT3	17208	2c2a8bec6b057bcc2597fff51f5f3fa6923ec8208d0c74eb95ca89e887a9b918
PSP_GAME/USRDIR/JPN/SCE_XA/MAGIC/PL02/169_02.AT3	17208	d5d005c94d89932bda1b175bb694685927a0f634bc0307edf7e7a3e122a98c90
PSP_GAME/USRDIR/JPN/SCE_XA/MAGIC/PL02/172_02.AT3	21672	84dce122dd78d7b7b02e8637ac993057c36edd4c5278fc26281c6cb2017e42cd
PSP_GAME/USRDIR/JPN/SCE_XA/MAGIC/PL02/173_02.AT3	21672	b792c05f9479b8bc7db8b55364f88257b12fdb84ddfa04dd120004b218c0f131
PSP_GAME/USRDIR/JPN/SCE_XA/MAGIC/PL02/216_02.AT3	9024	9a8561795275bac469f08f7b021c4ae57dca38aea745e80520e1dedff7249346
PSP_GAME/USRDIR/JPN/SCE_XA/MAGIC/PL03/004_03.AT3	17208	942ccb73f16c79cf8374fa6e5bccb6aa0f57a2f5634fec21c7f931cb8be29a20
PSP_GAME/USRDIR/JPN/SCE_XA/MAGIC/PL03/005_03.AT3	21672	1a572fff4d9e39e5c6d17e488e4fbf75bbbd0db78895fa0dfd5db287ae0317bf
PSP_GAME/USRDIR/JPN/SCE_XA/MAGIC/PL03/006_03.AT3	25392	5d3a86855f04a657036726a63268c433f932a4e54e84d76195b28a5b371d16ef
PSP_GAME/USRDIR/JPN/SCE_XA/MAGIC/PL03/021_03.AT3	21672	60a516830867a84cfc3096b1bb158b1103768a25603e868dc568943dcb828a03
PSP_GAME/USRDIR/JPN/SCE_XA/MAGIC/PL03/027_03.AT3	25392	78da82023b43b59863e9e338d0e8dc903c4b4e36bd6bae057ebf6692c89eac1c
PSP_GAME/USRDIR/JPN/SCE_XA/MAGIC/PL03/029_03.AT3	21672	0a3a031de2f3f0cf045c720f561799f667bab86683267687ec0aff35ef0e2ad6
PSP_GAME/USRDIR/JPN/SCE_XA/MAGIC/PL03/030_03.AT3	17208	fd33644ccb94f9d9e32f2974be67f0da81101d8a56e1376d5e19471ce9b5e5c9
PSP_GAME/USRDIR/JPN/SCE_XA/MAGIC/PL03/031_03.AT3	9024	11ac4ffd68a4d9d84e8f5e1687baf5925b49810dbb758291eaab5d044b79ccd7
PSP_GAME/USRDIR/JPN/SCE_XA/MAGIC/PL03/032_03.AT3	9024	c8003ad4af86c12c1bbcd240b5313a13cd67efd7fa692711f06521e14582427e
PSP_GAME/USRDIR/JPN/SCE_XA/MAGIC/PL03/033_03.AT3	13488	e2e085d5553d425892a71c2d619172b8f3197c4fc538378ea4b7604f046c5094
PSP_GAME/USRDIR/JPN/SCE_XA/MAGIC/PL03/034_03.AT3	9024	8a19f581fc76f2b780b10f7450096791aacabfb06e9cd3ee552cc3b7b19989ca
PSP_GAME/USRDIR/JPN/SCE_XA/MAGIC/PL03/035_03.AT3	13488	c17641043873451c0719e79906293f891318ad8076a1f422910bca4bed6722d0
PSP_GAME/USRDIR/JPN/SCE_XA/MAGIC/PL03/036_03.AT3	9024	df9025a22188faf505ca5c7681bc9f8a150c07c3627766c3bd6afe65a7d1500a
PSP_GAME/USRDIR/JPN/SCE_XA/MAGIC/PL03/037_03.AT3	17208	090b3e266f9ef37be8c6cc622909dbe35960a9692a9d2bd591538d978e274331
PSP_GAME/USRDIR/JPN/SCE_XA/MAGIC/PL03/038_03.AT3	17208	4c01ff3076b9530590d20d7b641ed18c49bea5d72cf967787eeabc92d4be7e4e
PSP_GAME/USRDIR/JPN/SCE_XA/MAGIC/PL03/039_03.AT3	25392	560efc2f362dd25cc18d158127ace4327966ddd3586564780582b645bd2cef80
PSP_GAME/USRDIR/JPN/SCE_XA/MAGIC/PL03/040_03.AT3	9024	b6e0adeed5e9216ce2c5733e82efa0e4c1459616eb70210f060d769b6576c452
PSP_GAME/USRDIR/JPN/SCE_XA/MAGIC/PL03/041_03.AT3	13488	30d4739639bbfdc4015c821e5bdbc6a18e9c385bb489ca41c3515573fe5fb520
PSP_GAME/USRDIR/JPN/SCE_XA/MAGIC/PL03/042_03.AT3	25392	9a54afac849b1576e3be91574f8207ee9bc4c4524ee9957e3f400d1a984d7e72
PSP_GAME/USRDIR/JPN/SCE_XA/MAGIC/PL03/043_03.AT3	17208	c1773564dd0f1de81c6c86f276d3fcfa11c1a9d4603c2a6f4152531c86675b46
PSP_GAME/USRDIR/JPN/SCE_XA/MAGIC/PL03/044_03.AT3	25392	df11c48b7df8f8ab99c0cd939548818218d30cd0851079e2ecc16376ed9e367d
PSP_GAME/USRDIR/JPN/SCE_XA/MAGIC/PL03/045_03.AT3	21672	12a66f260bda1c0b7caebcf2d38ba3f1939b172c14f21fd9ea87339ea95da6c1
PSP_GAME/USRDIR/JPN/SCE_XA/MAGIC/PL03/046_03.AT3	25392	3ee211226f4779bf59ea44c7562b94d5a9f8f15d6b59a8fc7ba38cc38c451408
PSP_GAME/USRDIR/JPN/SCE_XA/MAGIC/PL03/047_03.AT3	25392	22b1459c317422de4d441f37441594e232d493a3758e51f8647e029064529315
PSP_GAME/USRDIR/JPN/SCE_XA/MAGIC/PL03/048_03.AT3	25392	27a189579f6e92905f379bb3bd1b454809ac36f1fa848a805cee64f6716dcec3
PSP_GAME/USRDIR/JPN/SCE_XA/MAGIC/PL03/049_03.AT3	21672	d738c99c07c757baebfba14675e3e0b6d3be14bcbe2412eb97025fa0b1adadc4
PSP_GAME/USRDIR/JPN/SCE_XA/MAGIC/PL03/050_03.AT3	25392	6eed43472622307054b9c350f3d18921240c0bdb20d32a96c33133200afe809d
PSP_GAME/USRDIR/JPN/SCE_XA/MAGIC/PL03/051_03.AT3	25392	0cf133ec19cf766823e706d75863dbdc37973cf9ba11fa91eb3f57b75ad34fb0
PSP_GAME/USRDIR/JPN/SCE_XA/MAGIC/PL03/052_03.AT3	25392	5918646f71b9df90bee0621b9a68f4c308283521a7ea959c9bdf90310807c745
PSP_GAME/USRDIR/JPN/SCE_XA/MAGIC/PL03/053_03.AT3	17208	ac16486333bf6c6e61dc77bb2e7124937b2e210c803bbaef7c4c1e46b49ebc3f
PSP_GAME/USRDIR/JPN/SCE_XA/MAGIC/PL03/054_03.AT3	17208	c7f952cf8795b89ad9032a08d2b595d0fd4e5cafdae781c4a06a2156e3a1018b
PSP_GAME/USRDIR/JPN/SCE_XA/MAGIC/PL03/055_03.AT3	13488	4bcb862f55679e14be8df90cae91c7380a3892043f1fa30f7343ec44114e0d38
PSP_GAME/USRDIR/JPN/SCE_XA/MAGIC/PL03/056_03.AT3	25392	cff45eb1ebd53cff089b29595a778b1f03861f0226f0237269e785549cbd9a54
PSP_GAME/USRDIR/JPN/SCE_XA/MAGIC/PL03/058_03.AT3	25392	739fff92da7c86db7145db1c8e2149d8c1b2532f85aa2a2e709f64edf92b9b19
PSP_GAME/USRDIR/JPN/SCE_XA/MAGIC/PL03/059_03.AT3	13488	b00d91a73cf11d7f328cafb0d408dca18b3314981ee2eb2469fd3d58e324fac5
PSP_GAME/USRDIR/JPN/SCE_XA/MAGIC/PL03/061_03.AT3	17208	97d01053a03530898812acbc419700c8e168e057456de97c97c7ad13ec2233e2
PSP_GAME/USRDIR/JPN/SCE_XA/MAGIC/PL03/062_03.AT3	17208	7747cf77509e72f2a8e60a96debb0c9bc914bd80991112a6db7fe81d70656dc7
PSP_GAME/USRDIR/JPN/SCE_XA/MAGIC/PL03/063_03.AT3	17208	7ad234e70a4a83b230204546edc7d25999a43ea62f3b57ad5a2fd00c21854a0f
PSP_GAME/USRDIR/JPN/SCE_XA/MAGIC/PL03/066_03.AT3	13488	68586ffd5b45832c542fa5ee46406c4ed7b4a469aed3443a42afbe352dd4605b
PSP_GAME/USRDIR/JPN/SCE_XA/MAGIC/PL03/067_03.AT3	17208	4d4d23a1c5c90a12491ad129f82d574d4a3e7b92d2f6dedba58386e3b8c06c46
PSP_GAME/USRDIR/JPN/SCE_XA/MAGIC/PL03/070_03.AT3	13488	04a759ffbbcc3edc53d7b125bfcd28c9af7eaf3077a5b516edd8dce0959ded5f
PSP_GAME/USRDIR/JPN/SCE_XA/MAGIC/PL03/071_03.AT3	17208	3e88f0ea4b9f242d59dc82755beb68ff1f28cba753547319c12caa7a3f51e87f
PSP_GAME/USRDIR/JPN/SCE_XA/MAGIC/PL03/072_03.AT3	17208	11c8b8913578828ea5d5af59e063c493f740bc0c9b1aeee83b7383b1a3f6da66
PSP_GAME/USRDIR/JPN/SCE_XA/MAGIC/PL03/073_03.AT3	13488	3d4f400ea0f6101497bc41b33cd5b2e7ec7cbf449520656be370cee1dc7521ec
PSP_GAME/USRDIR/JPN/SCE_XA/MAGIC/PL03/074_03.AT3	13488	45f95ba75d1090f1d9429329f51a970029587eab0627c024889059ea94d9c261
PSP_GAME/USRDIR/JPN/SCE_XA/MAGIC/PL03/075_03.AT3	13488	060ad4f12cc4066aec02d6c0f52efb911430b0c899965b71524ac5fc5d7b9c7d
PSP_GAME/USRDIR/JPN/SCE_XA/MAGIC/PL03/076_03.AT3	13488	4fc58563c1261cda1a6c12bb56e0dfbc2288dc3d0fd26af35278f86accd40087
PSP_GAME/USRDIR/JPN/SCE_XA/MAGIC/PL03/077_03.AT3	17208	9a4dfea681a54109b19a7690b113fb6d12617cccb7d2e8a1f3ad789fe0962fec
PSP_GAME/USRDIR/JPN/SCE_XA/MAGIC/PL03/078_03.AT3	13488	77a8f25f66ebf943269455e06b8746c81ce18342a059d873f3bae308ac5a8aa4
PSP_GAME/USRDIR/JPN/SCE_XA/MAGIC/PL03/079_03.AT3	13488	796dbe6ba942100c1d8ed5c0eb82da4efbc91d9546b8952015367c61ef242404
PSP_GAME/USRDIR/JPN/SCE_XA/MAGIC/PL03/082_03.AT3	13488	d81fdbe3e71d8352ac5b24da9d90d173a73431013682caf1b15a29dbd01ade44
PSP_GAME/USRDIR/JPN/SCE_XA/MAGIC/PL03/083_03.AT3	17208	e4207ceec3440c9d0a75dea67a61b315707b2c4db6208748ba199625eae09ba9
PSP_GAME/USRDIR/JPN/SCE_XA/MAGIC/PL03/084_03.AT3	17208	52bc9d48696b0ba8d3751daf89be832d592a3227befda26e5f8cf3f900754f37
PSP_GAME/USRDIR/JPN/SCE_XA/MAGIC/PL03/085_03.AT3	17208	f557e0ad5fdf816c5360ff374130bb4f788a368ad30ecfcacb01264a4a34ea47
PSP_GAME/USRDIR/JPN/SCE_XA/MAGIC/PL03/086_03.AT3	13488	180bce136cb278c0625ab27fa49299f87c3870ad46a6830de16b5f5b965b5edd
PSP_GAME/USRDIR/JPN/SCE_XA/MAGIC/PL03/087_03.AT3	17208	e481bc20af930c0047863dd9fc9532eadcb2b27ee0a78f2792ff7345a134b03c
PSP_GAME/USRDIR/JPN/SCE_XA/MAGIC/PL03/088_03.AT3	13488	da9b44a3759695b40896df274f49712eb006da357e360bf6f621946fda871c16
PSP_GAME/USRDIR/JPN/SCE_XA/MAGIC/PL03/089_03.AT3	13488	ee0cd720a03b14a93a8da42d56cd0d18cb0c37c7836c684647bcc6289b3208cf
PSP_GAME/USRDIR/JPN/SCE_XA/MAGIC/PL03/090_03.AT3	9024	f64714092ea72fcd4e3aba832fa5cecd343407de7e2d8db2b063336d3f243a07
PSP_GAME/USRDIR/JPN/SCE_XA/MAGIC/PL03/091_03.AT3	13488	482a7905c398b1c4af767daecb05a44110867c91f363b4be8a577661aa8560da
PSP_GAME/USRDIR/JPN/SCE_XA/MAGIC/PL03/092_03.AT3	21672	2888bb86cc1ab432c539e91d7dd4a4d4ea83ba8731e88c498a5bea14be32ab18
PSP_GAME/USRDIR/JPN/SCE_XA/MAGIC/PL03/093_03.AT3	21672	cc40ae756298079c76f6ae4cf6aa22a6504e72866a5f233deb0cc9c87f87f480
PSP_GAME/USRDIR/JPN/SCE_XA/MAGIC/PL03/094_03.AT3	17208	bbc464ce8ded1823bcac39316312c40b48dadcbcca7ca95a7eed9f1b753b9fb5
PSP_GAME/USRDIR/JPN/SCE_XA/MAGIC/PL03/095_03.AT3	21672	0804aee53c436927505081910152eac732e3c1fa3aa61a2a67b8be0326cd2dbd
PSP_GAME/USRDIR/JPN/SCE_XA/MAGIC/PL03/096_03.AT3	21672	a0e37495897fafd5bcd029cc38870fd1a09d51d2c63d8b8744d3b5a8ca2f9a09
PSP_GAME/USRDIR/JPN/SCE_XA/MAGIC/PL03/097_03.AT3	13488	fbad9d26b586c98620769bfad6923a85a4765e49e48e9d9f9588a4d8e71a68a4
PSP_GAME/USRDIR/JPN/SCE_XA/MAGIC/PL03/098_03.AT3	13488	f269aebc284979eb35f4f42167b9778f570867448b38b9e41157d46aad813748
PSP_GAME/USRDIR/JPN/SCE_XA/MAGIC/PL03/099_03.AT3	21672	9bd5b25963491637cdc0bd88b628e81108952a5b7fe0f72b71c37f7ca3a2b58c
PSP_GAME/USRDIR/JPN/SCE_XA/MAGIC/PL03/100_03.AT3	17208	5ca1d31b8027c1901314d9650a881fdaab7d3cf26b9750fb1433499ad4cb88b6
PSP_GAME/USRDIR/JPN/SCE_XA/MAGIC/PL03/101_03.AT3	21672	19f71c8982e3fb9f4a49b74307b17e524789cec654325cf4b4ee40065c8eb766
PSP_GAME/USRDIR/JPN/SCE_XA/MAGIC/PL03/102_03.AT3	21672	b6ff9aed946a6fe6c23e4ef1819d9eba01dc6cb4f3126f25d8c38affabe5b2f7
PSP_GAME/USRDIR/JPN/SCE_XA/MAGIC/PL03/103_03.AT3	13488	623bf487101598857d051796a41b1172291543401bc6b30ca3413108623da387
PSP_GAME/USRDIR/JPN/SCE_XA/MAGIC/PL03/104_03.AT3	13488	9627d813fe0df672de9250175f0790640f721f5ee1a1b7f785622b1964649698
PSP_GAME/USRDIR/JPN/SCE_XA/MAGIC/PL03/105_03.AT3	13488	4d96bd1318bf21793f9c16b2e49e89547568abd07e4420026bd71fb079975931
PSP_GAME/USRDIR/JPN/SCE_XA/MAGIC/PL03/106_03.AT3	25392	5f381b203e2e400244ab2e3b967845654300bb7bb83c4fd960b4b7acc8794521
PSP_GAME/USRDIR/JPN/SCE_XA/MAGIC/PL03/107_03.AT3	17208	b07697c147ea95b6d12148fc04524b7218a901b666746a691395b2966e5f60c3
PSP_GAME/USRDIR/JPN/SCE_XA/MAGIC/PL03/108_03.AT3	13488	81902e5cd540e5be6d2b01176b73c826d5d27da0ff78d3c7cc092f8a230c080d
PSP_GAME/USRDIR/JPN/SCE_XA/MAGIC/PL03/109_03.AT3	17208	434fb9d117e4eb9f845e30d094609650259f8333d1abc64f943b218b192cd3b9
PSP_GAME/USRDIR/JPN/SCE_XA/MAGIC/PL03/110_03.AT3	13488	a53612d597404e735296483d47da27be8d863e4db25a4e294540023e26a8f19b
PSP_GAME/USRDIR/JPN/SCE_XA/MAGIC/PL03/111_03.AT3	17208	4c0fbc9d31270e96c3f97caaf42a0d3a164cfe07278753002b50d400e3e0e3d0
PSP_GAME/USRDIR/JPN/SCE_XA/MAGIC/PL03/112_03.AT3	13488	c60ce20b13f89daa62094678a2b511aa3cb64805f4d485c4155e12cfdf9cde7d
PSP_GAME/USRDIR/JPN/SCE_XA/MAGIC/PL03/113_03.AT3	25392	3881b751c2dd895cf390c7a261912fbdc23d81ff2c98a17f607e4ef16de4ad29
PSP_GAME/USRDIR/JPN/SCE_XA/MAGIC/PL03/114_03.AT3	21672	85800a217c953a97cc5f1167d9a2a0b389ec09d747059091260649d5f82b1379
PSP_GAME/USRDIR/JPN/SCE_XA/MAGIC/PL03/115_03.AT3	13488	160e42a1261af2472b2936a4a7c205b95454f88b83345b6a9c5c8566bcc8597b
PSP_GAME/USRDIR/JPN/SCE_XA/MAGIC/PL03/117_03.AT3	9024	df9025a22188faf505ca5c7681bc9f8a150c07c3627766c3bd6afe65a7d1500a
PSP_GAME/USRDIR/JPN/SCE_XA/MAGIC/PL03/118_03.AT3	9024	c6109c1dbe9fce6dfe2a49b3173719fc1d40d74c74ce91326482618de0ae7b53
PSP_GAME/USRDIR/JPN/SCE_XA/MAGIC/PL03/140_03.AT3	13488	669a45633b2f7b77a21721ae23848a4506dcd210d2c129a278a4cd6881bd1a6c
PSP_GAME/USRDIR/JPN/SCE_XA/MAGIC/PL03/142_03.AT3	9024	5a97fe7e2eae3f224e861f528ce592bdfd8e046bf0e69e8e5c172a470bb98cfd
PSP_GAME/USRDIR/JPN/SCE_XA/MAGIC/PL03/143_03.AT3	13488	20f4317bf675196fdb8ea989f3995b9523be3b6657894495290d6dedec3218ac
PSP_GAME/USRDIR/JPN/SCE_XA/MAGIC/PL03/144_03.AT3	17208	8b2f2c5e8f8dc1dbdac0da97ede5bf98d3f6ff11e4bdfbd5f89a4241d3c3472a
PSP_GAME/USRDIR/JPN/SCE_XA/MAGIC/PL03/145_03.AT3	13488	c82763942597a1be0c0158d171b6c8433c5fcf35df1b7f15abc5d29a908b9f54
PSP_GAME/USRDIR/JPN/SCE_XA/MAGIC/PL03/147_03.AT3	25392	4c67a1c736b54241b1070fa6f96cc0a38c7c2182d8117eb0076c2d7f90933b70
PSP_GAME/USRDIR/JPN/SCE_XA/MAGIC/PL03/149_03.AT3	13488	846ebf522d12d1e9be4296239819416d28e0e909b55d7ccf3177076603fb3644
PSP_GAME/USRDIR/JPN/SCE_XA/MAGIC/PL04/004_04.AT3	17208	3276bf6f63316c28b6dbd69cc06217adbd5370bb8d561bd580a3542a41bb6c88
PSP_GAME/USRDIR/JPN/SCE_XA/MAGIC/PL04/005_04.AT3	13488	3fa292eca3383021591eaca349d415bd69f535c3da9c20935ffa34b37310b1b2
PSP_GAME/USRDIR/JPN/SCE_XA/MAGIC/PL04/006_04.AT3	17208	6c8b0e2fdaabce0f45138d9460c9330ba505dbdb43f669e1e55364bdfc3a5a0d
PSP_GAME/USRDIR/JPN/SCE_XA/MAGIC/PL04/021_04.AT3	17208	eea3fb7d525c685079c4b273e0f51f4861b7cfbed7ad80471ed377a5169747e6
PSP_GAME/USRDIR/JPN/SCE_XA/MAGIC/PL04/027_04.AT3	13488	5620f2ee2ed1d0877da114e1a2b53216a810f2d42a20e9dfcbed90a6417bb0b5
PSP_GAME/USRDIR/JPN/SCE_XA/MAGIC/PL04/029_04.AT3	17208	95782a59c475853f8fc901714250b4e75536f146cc65cc895b8e072f9d7a5f7f
PSP_GAME/USRDIR/JPN/SCE_XA/MAGIC/PL04/030_04.AT3	21672	b84dbb966d41bb29d782454ed4c78b41ece6560d1b7f2a633af9f74cdb6186ab
PSP_GAME/USRDIR/JPN/SCE_XA/MAGIC/PL04/031_04.AT3	13488	1b9972b7d7403c83d4721cfd93a19e15fa081046518bdaad48562d743eff6cf0
PSP_GAME/USRDIR/JPN/SCE_XA/MAGIC/PL04/032_04.AT3	9024	9a47254209b82b6f38f95ae8435a25bebc0fe7be59cf84f10a04f20b1e2b6759
PSP_GAME/USRDIR/JPN/SCE_XA/MAGIC/PL04/033_04.AT3	13488	e00391ac901fca45ec8b596f313faa7a3ce04e0b236e06ffd2affe9c16ef6f3a
PSP_GAME/USRDIR/JPN/SCE_XA/MAGIC/PL04/034_04.AT3	9024	b762ccbcb47d35f75b5a3153a2427c90dd948aa709ff777f10b61ff81d242095
PSP_GAME/USRDIR/JPN/SCE_XA/MAGIC/PL04/035_04.AT3	13488	1c330740fad17459bd422480fd5f8631693903b18bafb75c6c482625c87757e7
PSP_GAME/USRDIR/JPN/SCE_XA/MAGIC/PL04/036_04.AT3	13488	3eb9cb0cc8729fa84de5cb30ab1c0abd872a7fd92680720e181707e8f4464dc4
PSP_GAME/USRDIR/JPN/SCE_XA/MAGIC/PL04/037_04.AT3	17208	43ab65982dee2d05fb70f13fc84940625b9385c7f8c3d675e6cd1f5161deed41
PSP_GAME/USRDIR/JPN/SCE_XA/MAGIC/PL04/038_04.AT3	13488	388afb2bd7f6f5fabd6ef9871085434b47cf9b010b1ed20f02d0889519322b38
PSP_GAME/USRDIR/JPN/SCE_XA/MAGIC/PL04/039_04.AT3	13488	a21a44f8adfe7079e957b6bd369d4a64aa776bd5f298457b0d19a3fc50248754
PSP_GAME/USRDIR/JPN/SCE_XA/MAGIC/PL04/040_04.AT3	13488	9e4c1a6348a656848582de3b3af137c4f770b5d08d6cb8739e5f7f463d192f50
PSP_GAME/USRDIR/JPN/SCE_XA/MAGIC/PL04/041_04.AT3	17208	f986d661950530546d4c5b9e09e8faefcdce11bb3936b2dabfab0e8a4851a599
PSP_GAME/USRDIR/JPN/SCE_XA/MAGIC/PL04/042_04.AT3	17208	37515543838174f5ea5472662044bc53f52f93171f27f3a4b07dc5fd19646260
PSP_GAME/USRDIR/JPN/SCE_XA/MAGIC/PL04/043_04.AT3	13488	fe992038ca3dc8d26a02df69e6f38340779efbb3526b4d6d5a13637723ad779c
PSP_GAME/USRDIR/JPN/SCE_XA/MAGIC/PL04/044_04.AT3	13488	3eb9cb0cc8729fa84de5cb30ab1c0abd872a7fd92680720e181707e8f4464dc4
PSP_GAME/USRDIR/JPN/SCE_XA/MAGIC/PL04/045_04.AT3	17208	9dd329b91e8556feb8204a7c38353ae64cc781573154f7001e9d5e82f1d02671
PSP_GAME/USRDIR/JPN/SCE_XA/MAGIC/PL04/046_04.AT3	13488	d4337be18c9b5d51634b45aecea0c4266e2b561318616fd3868081b0cfb42678
PSP_GAME/USRDIR/JPN/SCE_XA/MAGIC/PL04/047_04.AT3	9024	8cbbcf11e00a1582ffed599300d0f33be90bc84b1e41e87deb8389b097a18616
PSP_GAME/USRDIR/JPN/SCE_XA/MAGIC/PL04/048_04.AT3	13488	d6d62ad2531191a1e84d16214e5bc26b23aa2ff44119cec0c4ff56c29fa207b3
PSP_GAME/USRDIR/JPN/SCE_XA/MAGIC/PL04/049_04.AT3	17208	77e9e1ae6e4ac8dd0819832d5b03c4394b1424efa8c7842c81f971c294c60c73
PSP_GAME/USRDIR/JPN/SCE_XA/MAGIC/PL04/050_04.AT3	13488	ae0327456a7653e495f0ced064a758c5787a38fa50a3d4802ebff7e8db4d545a
PSP_GAME/USRDIR/JPN/SCE_XA/MAGIC/PL04/051_04.AT3	9024	1493f194308cc5ff2320eae5cab824e890ee5c68e69277795e19bd73d47bb3df
PSP_GAME/USRDIR/JPN/SCE_XA/MAGIC/PL04/052_04.AT3	17208	debfaad84f6c7a1d5b39032354f0fe306d2b617291b9f30b1824f8c778d37dda
PSP_GAME/USRDIR/JPN/SCE_XA/MAGIC/PL04/053_04.AT3	9024	c479b53e15c80fbf8d8d5a2d71e401ab2d67e718a289377787aea5ce0343548f
PSP_GAME/USRDIR/JPN/SCE_XA/MAGIC/PL04/054_04.AT3	13488	5aa47bab81ded01a0bf176420a476494f6ec878f5c33363287e9136d2811e6ad
PSP_GAME/USRDIR/JPN/SCE_XA/MAGIC/PL04/055_04.AT3	9024	04e49dbfb50d4e328012260de986758fd20f515ba0f0962d1be423e2219f134d
PSP_GAME/USRDIR/JPN/SCE_XA/MAGIC/PL04/056_04.AT3	13488	1802f5f61df5a1522e02a938e09d6b395ff80a5e706ae909a7137abcebd54496
PSP_GAME/USRDIR/JPN/SCE_XA/MAGIC/PL04/058_04.AT3	13488	eae5cf8da6c5c86661ac63f4209dea861cc71b02687828190b8454e2dd921d9b
PSP_GAME/USRDIR/JPN/SCE_XA/MAGIC/PL04/059_04.AT3	13488	4c1818b919a509e7c9566840ff0781daa80e76011c28eeedea687a280acc86b1
PSP_GAME/USRDIR/JPN/SCE_XA/MAGIC/PL04/061_04.AT3	13488	0d3f9a1d5f272c92e27f8237d2b99509f312e711a67f7a26c17bf8cb2bb1180e
PSP_GAME/USRDIR/JPN/SCE_XA/MAGIC/PL04/062_04.AT3	17208	556a325e11b0c62eb02dba74a422ebfbd8924dff533d49e23720324d3189c679
PSP_GAME/USRDIR/JPN/SCE_XA/MAGIC/PL04/063_04.AT3	17208	06ae472da2fe1fbff2f622ac1a1d5dea8967a4ae0f048e8c85319a2d0c1b0fc5
PSP_GAME/USRDIR/JPN/SCE_XA/MAGIC/PL04/064_04.AT3	101280	f60451f0ad75b7ef49d3e9a2d0dbe5f43f1bc8ce030063add25ebeb3a546317d
PSP_GAME/USRDIR/JPN/SCE_XA/MAGIC/PL04/065_04.AT3	17208	82bff6620f0ad3c442486bf60a066dab7266e2f147caa8ebad1bceed2bc09f1f
PSP_GAME/USRDIR/JPN/SCE_XA/MAGIC/PL04/066_04.AT3	9024	1b11a292288568d42daa40213be4092653b4cdc25493dad7a48dc2c8c84cf8f3
PSP_GAME/USRDIR/JPN/SCE_XA/MAGIC/PL04/067_04.AT3	13488	3c54348ed46838b65c9f669e2ef582c5fa5234f5ff023690323859dd689160a5
PSP_GAME/USRDIR/JPN/SCE_XA/MAGIC/PL04/070_04.AT3	13488	3b2a5147c800379994e87da9aabf23847f3f3772b4fd00e97fbf80098d3e3a29
PSP_GAME/USRDIR/JPN/SCE_XA/MAGIC/PL04/071_04.AT3	13488	b67abe44107f701691ed3711124ec1612ae92c1539c2643254f13b42b7cda40a
PSP_GAME/USRDIR/JPN/SCE_XA/MAGIC/PL04/072_04.AT3	13488	50bc28779380da6acb48c728dcb1dca008aa1e7169f24ecbf06eb1441b1a3502
PSP_GAME/USRDIR/JPN/SCE_XA/MAGIC/PL04/073_04.AT3	9024	497f993a71a200f0559e7b4fdefe74bbf73a37fe5da259385411106417e5fdd0
PSP_GAME/USRDIR/JPN/SCE_XA/MAGIC/PL04/074_04.AT3	13488	fb435cac81c525e7681a981c4919d936278a3426662c7cb00c0d6e6cad4ab303
PSP_GAME/USRDIR/JPN/SCE_XA/MAGIC/PL04/075_04.AT3	9024	96697ecc912b8ced147e3d8b76b9e4e018f4547973fe94afb162bf28afa4e255
PSP_GAME/USRDIR/JPN/SCE_XA/MAGIC/PL04/076_04.AT3	9024	89130c8894a2a99be0df2dec72c4922d04a1bdb3fa338a802259f65a710689cd
PSP_GAME/USRDIR/JPN/SCE_XA/MAGIC/PL04/077_04.AT3	13488	282fabfa80797924b6ef8931e70393c0e2dabfa4fcde7040ef005c6ad409bb45
PSP_GAME/USRDIR/JPN/SCE_XA/MAGIC/PL04/078_04.AT3	13488	d0ecc73aa9e0afc949fa7afd27dbd7f959fa6649c8af3ca1eca62ffc401ccadc
PSP_GAME/USRDIR/JPN/SCE_XA/MAGIC/PL04/079_04.AT3	13488	15e9d5ace12cc03ed62dc3e152a098eb5d2e4eaa794b1d90baff6b8fd8383bf0
PSP_GAME/USRDIR/JPN/SCE_XA/MAGIC/PL04/082_04.AT3	13488	7c5f3730d2dd80e0b47455e910dba00d9a13fe88e8e959eee6784c51a5db188c
PSP_GAME/USRDIR/JPN/SCE_XA/MAGIC/PL04/083_04.AT3	13488	62394c8600257b0dce063fe67a343cb6f3ec7a58fe39fea997a2470710a2daa3
PSP_GAME/USRDIR/JPN/SCE_XA/MAGIC/PL04/084_04.AT3	13488	6fa388f18cef57c22f556c9a1d0fe3b7f19620dc89a077fdb60e19bf10f9a72b
PSP_GAME/USRDIR/JPN/SCE_XA/MAGIC/PL04/085_04.AT3	9024	15dfaacb963034d65b99da4027d6cb3e3b4325eb98d2e8a943d0b83d7a05d1ae
PSP_GAME/USRDIR/JPN/SCE_XA/MAGIC/PL04/086_04.AT3	9024	69f75f2b219c70f3884ec862fc831e4db2ee273ad92d9e9dd55d30aa3c4bf53a
PSP_GAME/USRDIR/JPN/SCE_XA/MAGIC/PL04/087_04.AT3	13488	c35f78e2a7cec222c68417adbb3f890cea524a9c5f68d149c64eff882735e9f4
PSP_GAME/USRDIR/JPN/SCE_XA/MAGIC/PL04/088_04.AT3	9024	34482f077b0a8c85275d7f3f8402f38021ccf36fae232da4c6352fce3a723545
PSP_GAME/USRDIR/JPN/SCE_XA/MAGIC/PL04/089_04.AT3	9024	1bb393d2cd5bb19c60d729ac7db7f76f41b21f107e9da2e207b0b56f74c289cc
PSP_GAME/USRDIR/JPN/SCE_XA/MAGIC/PL04/090_04.AT3	9024	529cfe6ab434e0db2f73a0136b16ab32f91ead2c826c434276fc437aad3a7452
PSP_GAME/USRDIR/JPN/SCE_XA/MAGIC/PL04/091_04.AT3	9024	6be11cc2281c468b279ff2dd2bba47042a9729c5f31ef92f2444e5ddeb4f706e
PSP_GAME/USRDIR/JPN/SCE_XA/MAGIC/PL04/092_04.AT3	13488	4b1d00cd2d211791b0f5f91d81e6bab70c4fd801b345605a28e7dff0e9f2a174
PSP_GAME/USRDIR/JPN/SCE_XA/MAGIC/PL04/093_04.AT3	17208	c14b86fae0c0d53f1a38b0e368d9e2b29cc82b9f998675cfa8939b3fecfbc83c
PSP_GAME/USRDIR/JPN/SCE_XA/MAGIC/PL04/094_04.AT3	13488	9097b9158be2dd79df13a10b214bb7d153f8463bae64208d68b8ce6000c31885
PSP_GAME/USRDIR/JPN/SCE_XA/MAGIC/PL04/095_04.AT3	17208	0bac4ca3cda1b47eda39df988e33d11e479c7640a9371c41ca61e4fd7f21ce4c
PSP_GAME/USRDIR/JPN/SCE_XA/MAGIC/PL04/096_04.AT3	17208	de52551909a4bc595e43d9ace23abc7bd4af4e91e2fbab2c741f064125fb6fda
PSP_GAME/USRDIR/JPN/SCE_XA/MAGIC/PL04/097_04.AT3	9024	3ca5281ad05039f58a2455cb5aac5aa91ccbfad52e08ce7a8d4f3aea612601be
PSP_GAME/USRDIR/JPN/SCE_XA/MAGIC/PL04/098_04.AT3	9024	4d25691f0bed0ce88e63faf901e53cc1156947d5cdfc7a9d6d9cea6999b673cc
PSP_GAME/USRDIR/JPN/SCE_XA/MAGIC/PL04/099_04.AT3	13488	0e31d67af72dfd61efd88afc008def3f5dfbc801cbef7b6774797710eb43d2f2
PSP_GAME/USRDIR/JPN/SCE_XA/MAGIC/PL04/100_04.AT3	13488	f4097c5e91edca5c5460db3eb42097aec84338749a781f001fbd35a313862394
PSP_GAME/USRDIR/JPN/SCE_XA/MAGIC/PL04/101_04.AT3	13488	479f714f6846954c4232ae9007797f4597deb26279397b0be70d88f03564f185
PSP_GAME/USRDIR/JPN/SCE_XA/MAGIC/PL04/102_04.AT3	13488	dbdccd0c86ce27974785595eeb160dbaddf4b0557354a9116767d79989417b8f
PSP_GAME/USRDIR/JPN/SCE_XA/MAGIC/PL04/103_04.AT3	13488	6eadc8636d9825043b1097ab1f58a1acfc21be300c1eb7e0641180cdd75fbaf6
PSP_GAME/USRDIR/JPN/SCE_XA/MAGIC/PL04/104_04.AT3	13488	94d70f1051129b490cff9c04030d3eba1eef5b26f77ad7b5c0205abe6c091d73
PSP_GAME/USRDIR/JPN/SCE_XA/MAGIC/PL04/105_04.AT3	13488	e84889ba2aacbe3ed507a2ec3d851a32b0300548f0a09b042d2284a17d2e2260
PSP_GAME/USRDIR/JPN/SCE_XA/MAGIC/PL04/106_04.AT3	13488	f2177e419175d4a60ddc7348bf45f50f4a21b5530f1243ec71cf39a27d68518d
PSP_GAME/USRDIR/JPN/SCE_XA/MAGIC/PL04/107_04.AT3	17208	f1f3bfe5148e57a3ff13afdd680142faf02301194caa91b513eda04843d63956
PSP_GAME/USRDIR/JPN/SCE_XA/MAGIC/PL04/108_04.AT3	13488	877189247e1fe21763db44a96e31492cf297495e5e6b7d3682ea0778c9d37bdc
PSP_GAME/USRDIR/JPN/SCE_XA/MAGIC/PL04/109_04.AT3	13488	53d75964e18169981723cca8e2bbcacd2f8be793e5574af5127ec44bc5533310
PSP_GAME/USRDIR/JPN/SCE_XA/MAGIC/PL04/110_04.AT3	13488	ef5b61c835418e03151bca62b88143d0f32b9d840983ab5504856e9715cc3e98
PSP_GAME/USRDIR/JPN/SCE_XA/MAGIC/PL04/111_04.AT3	13488	d790b01b8d01e80c3a8e28358d1249b5e22f85b3b1195abed7f0973544b7ec09
PSP_GAME/USRDIR/JPN/SCE_XA/MAGIC/PL04/112_04.AT3	13488	c39e13b0cdcbf3195d22f204fb99e9827a0d9479904500e51a192795b845252c
PSP_GAME/USRDIR/JPN/SCE_XA/MAGIC/PL04/113_04.AT3	13488	5365756352e690f4c6e17bda881f6eab9898ec2d8bbdfb3979aaa47a2e2a55fa
PSP_GAME/USRDIR/JPN/SCE_XA/MAGIC/PL04/114_04.AT3	17208	1dc862df7920f80735d77458ffdf1dece9af50af88af8f052a974cebaedafac5
PSP_GAME/USRDIR/JPN/SCE_XA/MAGIC/PL04/115_04.AT3	13488	2e9d9acbeffdbc94344fc51f5fdb3a5c84cd483b341135165da1200c3922bb13
PSP_GAME/USRDIR/JPN/SCE_XA/MAGIC/PL04/117_04.AT3	9024	7b33f7e874183343a9d2475d3024b58dffa25b3b2d87f9ce6d3cdf2612b84b0f
PSP_GAME/USRDIR/JPN/SCE_XA/MAGIC/PL04/118_04.AT3	9024	c2efda0fafe8d40e7a5988795888fe8145af52e2d934a45abd3516b63f979a64
PSP_GAME/USRDIR/JPN/SCE_XA/MAGIC/PL04/140_04.AT3	13488	1802f5f61df5a1522e02a938e09d6b395ff80a5e706ae909a7137abcebd54496
PSP_GAME/USRDIR/JPN/SCE_XA/MAGIC/PL04/142_04.AT3	13488	32ea2b9ce5668076d1a227ae763e930f374e75c020593bf572a3d51619ca2d99
PSP_GAME/USRDIR/JPN/SCE_XA/MAGIC/PL04/143_04.AT3	17208	4653541cf05a6ee4bf33c8c657856c83dcdb98a28b0957e30e9e6e0972a50859
PSP_GAME/USRDIR/JPN/SCE_XA/MAGIC/PL04/144_04.AT3	17208	921d128a1e194df42788fb8174eb7125a065381858ecefa8018497647da973b1
PSP_GAME/USRDIR/JPN/SCE_XA/MAGIC/PL04/145_04.AT3	17208	2ae49acb9352a66ef2884621bd762940839b5ac43dc7d8343a486da5a9d71ea6
PSP_GAME/USRDIR/JPN/SCE_XA/MAGIC/PL04/147_04.AT3	9024	0382c03f0a1a03fb490b9eec707ce83d79a7f2e83a059cf454475707ed79f953
PSP_GAME/USRDIR/JPN/SCE_XA/MAGIC/PL04/149_04.AT3	13488	ae0327456a7653e495f0ced064a758c5787a38fa50a3d4802ebff7e8db4d545a
PSP_GAME/USRDIR/JPN/SCE_XA/MAGIC/PL04/152_04.AT3	9024	d693231a2221163692753cba41f5a271d3ec70eab679348c3a9d6142ebddbfac
PSP_GAME/USRDIR/JPN/SCE_XA/MAGIC/PL04/153_04.AT3	17208	8be92df721ad1010f9d13237083e15c3044c2dbc36438177bd765fddd87ad225
PSP_GAME/USRDIR/JPN/SCE_XA/MAGIC/PL04/158_04.AT3	9024	07c989fff23ebcc597f8b7b62e0fa798cc6715693d37b76d01d77f702d4c12d8
PSP_GAME/USRDIR/JPN/SCE_XA/MAGIC/PL04/162_04.AT3	13488	5407199d0a4120842aa66b38d9ac7d8831a9cf85989cccc3f8cb1a88c776850d
PSP_GAME/USRDIR/JPN/SCE_XA/MAGIC/PL04/163_04.AT3	17208	58604426e05c938234194a92180ef92c05a807764d188fb94f2069136b748a1c
PSP_GAME/USRDIR/JPN/SCE_XA/MAGIC/PL04/166_04.AT3	17208	c5ccb8c9205c61398fe169754b78a449b2417092d0986d41ca3a6c4e9ae95b86
PSP_GAME/USRDIR/JPN/SCE_XA/MAGIC/PL04/167_04.AT3	9024	2a88e84f2adea918fdd62ef3bd532ed0b853d55b53bbbed7eb7d204d92e3ac2c
PSP_GAME/USRDIR/JPN/SCE_XA/MAGIC/PL04/168_04.AT3	13488	5407199d0a4120842aa66b38d9ac7d8831a9cf85989cccc3f8cb1a88c776850d
PSP_GAME/USRDIR/JPN/SCE_XA/MAGIC/PL04/169_04.AT3	13488	d875f505f792bb3b25d880a805d4701755c4ebfb136a3d07067b567b80e99fd8
PSP_GAME/USRDIR/JPN/SCE_XA/MAGIC/PL04/172_04.AT3	17208	921d128a1e194df42788fb8174eb7125a065381858ecefa8018497647da973b1
PSP_GAME/USRDIR/JPN/SCE_XA/MAGIC/PL04/173_04.AT3	17208	debfaad84f6c7a1d5b39032354f0fe306d2b617291b9f30b1824f8c778d37dda
PSP_GAME/USRDIR/JPN/SCE_XA/MAGIC/PL04/216_04.AT3	13488	4e4fe973afbf1605550d665f52b253e414408ec4a15cec333712dc75f40f3162
PSP_GAME/USRDIR/JPN/SCE_XA/MAGIC/PL05/004_05.AT3	17208	46f5e19165c3e3ab315d94c67bba7ecb7bdc40dedd4de660c6440efa21752920
PSP_GAME/USRDIR/JPN/SCE_XA/MAGIC/PL05/005_05.AT3	17208	da9aadd98e692202ed4c67c6d45b1d87aaa7d80ff747f62b79b132529365c8fb
PSP_GAME/USRDIR/JPN/SCE_XA/MAGIC/PL05/006_05.AT3	21672	23bb3029af2c3421fea19a88b6d96b5bb808b472808502a1b4a30ae5b2bc2958
PSP_GAME/USRDIR/JPN/SCE_XA/MAGIC/PL05/021_05.AT3	17208	b0e13801beb2eff5ce6dfcd6bcbfd38aaa820fe985f8d9be0acd2f2305ee004e
PSP_GAME/USRDIR/JPN/SCE_XA/MAGIC/PL05/027_05.AT3	17208	5efdb8786672f65cab1df60ce1ff8e27fda99611f78c9c24975b7d82ab8d7f9c
PSP_GAME/USRDIR/JPN/SCE_XA/MAGIC/PL05/029_05.AT3	17208	782ec123c06f133c25c6201ee218edb595e1f5b4170613dc41a0e2fa29813599
PSP_GAME/USRDIR/JPN/SCE_XA/MAGIC/PL05/030_05.AT3	17208	49a1de058688ba1f073759555b61c197b89ba940fc6b873df3d98271010dc2b9
PSP_GAME/USRDIR/JPN/SCE_XA/MAGIC/PL05/031_05.AT3	13488	6b55a3b35c3f01d4f2867ce536491d277386803a5ea75a6be6755fa70874dd51
PSP_GAME/USRDIR/JPN/SCE_XA/MAGIC/PL05/032_05.AT3	13488	240cbfab7386c2b48d3891afae13e9acabb3dc773444a5cbbbafa54054a993eb
PSP_GAME/USRDIR/JPN/SCE_XA/MAGIC/PL05/033_05.AT3	9024	469bd4f20a09283b666e79069fa07df17210c7e3453f7ddcf5cf7693e5affebb
PSP_GAME/USRDIR/JPN/SCE_XA/MAGIC/PL05/034_05.AT3	13488	40960b8042eb607669be53a4335ae48a5adeecea0c6e9d28a3258b42d42044bf
PSP_GAME/USRDIR/JPN/SCE_XA/MAGIC/PL05/035_05.AT3	13488	2020c2929c52b176c5a59c3d94cf576cf854199f7a30408a599bc1fc50c5dcba
PSP_GAME/USRDIR/JPN/SCE_XA/MAGIC/PL05/036_05.AT3	13488	0cdaeae2e48e230e8ada1ac9252ff12da91c5f65425b17c980fe9ed2c5bb278c
PSP_GAME/USRDIR/JPN/SCE_XA/MAGIC/PL05/037_05.AT3	21672	760f9f8524dfa1cb886e094eec3047b48985db7e5077d46b8ffdd0517f53a31d
PSP_GAME/USRDIR/JPN/SCE_XA/MAGIC/PL05/038_05.AT3	17208	8b0ccc7ea0f2b774d31a00d9620eedd791280de5ea4f150554a622d1d9e3d77e
PSP_GAME/USRDIR/JPN/SCE_XA/MAGIC/PL05/039_05.AT3	17208	fb15fbb2627ce1e72eff1cd0b649d2bb703d5fa28628b061475faa3cceb356de
PSP_GAME/USRDIR/JPN/SCE_XA/MAGIC/PL05/040_05.AT3	13488	c0cc188a0bf3ca1e037096d29873e578e3444f3a6a6984dfa8b9802635bf394a
PSP_GAME/USRDIR/JPN/SCE_XA/MAGIC/PL05/041_05.AT3	17208	a09894beffd38d18777f730112c7513fe432278e4bc4e7e79fea0cd38c1b5b6b
PSP_GAME/USRDIR/JPN/SCE_XA/MAGIC/PL05/042_05.AT3	17208	a76bb2a8a80ce05e130af835d68d820401b1716a92ee8e6a7c0d72192bef4956
PSP_GAME/USRDIR/JPN/SCE_XA/MAGIC/PL05/043_05.AT3	17208	015b93bc45a215ae3c5e6ad36f030e07a5c0c9570cc41d17d6c94d3bf37593e5
PSP_GAME/USRDIR/JPN/SCE_XA/MAGIC/PL05/044_05.AT3	21672	0ac7620d043804c0dd6d2a2223c9877481b5a01bead7322ecdc967c0170c112c
PSP_GAME/USRDIR/JPN/SCE_XA/MAGIC/PL05/045_05.AT3	17208	cd4b6bdca72dacde0d417e63bb32f6e1b65884fd4aec85e0a470290ab6a49151
PSP_GAME/USRDIR/JPN/SCE_XA/MAGIC/PL05/046_05.AT3	17208	c1ff493eb2ce6515ccc2d8ce88517105e9c0a6a2f25a330bcf2cc01367a050da
PSP_GAME/USRDIR/JPN/SCE_XA/MAGIC/PL05/047_05.AT3	17208	dea5a199f038fe6607851a045df4cbf59b6e6489fc44d3bfe0aeda99ee1ea1e7
PSP_GAME/USRDIR/JPN/SCE_XA/MAGIC/PL05/048_05.AT3	13488	0883054c8db19e91ac7780d017846caa181045c02448eeadf1aa59bd30c229b8
PSP_GAME/USRDIR/JPN/SCE_XA/MAGIC/PL05/049_05.AT3	17208	84b0a0fcc28038cca0b3b558441c41502cac397a5cb4224c69562acdd4339f91
PSP_GAME/USRDIR/JPN/SCE_XA/MAGIC/PL05/050_05.AT3	17208	6862c9d5923ece4bb292fb43628422722fd8cfb59637e0cabc575e2eff7ff480
PSP_GAME/USRDIR/JPN/SCE_XA/MAGIC/PL05/051_05.AT3	17208	c67438008b0af095c5b14b757875a4d91d815ab07f6733eb21a610e049ab7240
PSP_GAME/USRDIR/JPN/SCE_XA/MAGIC/PL05/052_05.AT3	13488	d57669ad78a66b2f678ca7fc31cbab44eecf5e62d16520b8a92262e2415dab4c
PSP_GAME/USRDIR/JPN/SCE_XA/MAGIC/PL05/053_05.AT3	17208	24d5a1c91ae524d60107351d4c3bd525c1b84acb444940fa0945de3e2d996e2c
PSP_GAME/USRDIR/JPN/SCE_XA/MAGIC/PL05/054_05.AT3	17208	4ebf7c87f5d2f8d5d736f8153f0ce443fc4107c42d534e2c2893189044fba763
PSP_GAME/USRDIR/JPN/SCE_XA/MAGIC/PL05/055_05.AT3	17208	1549520a6aaac58b301297031ed40cd95e9d75fc3b0460d418b3fa0b0eb82a78
PSP_GAME/USRDIR/JPN/SCE_XA/MAGIC/PL05/056_05.AT3	13488	fefaf9ef721b56d388a0795de35dc7fc1bb611a3ea6f5cea2f6107a8ef8a56e3
PSP_GAME/USRDIR/JPN/SCE_XA/MAGIC/PL05/058_05.AT3	17208	836f87f89837b6708b4837ec9870d246e8de8a6e94b6389b1bce8838426664a5
PSP_GAME/USRDIR/JPN/SCE_XA/MAGIC/PL05/059_05.AT3	17208	f48f9bc462275801c384b4a0d1f655b55fe1f8ec3cfb6c6f8e31dd9c85589b3a
PSP_GAME/USRDIR/JPN/SCE_XA/MAGIC/PL05/060_05.AT3	21672	384ed3a4c0b908b24f40f0fa63f4f1cd9b7bfe273835ea2139a10501e0ede9ed
PSP_GAME/USRDIR/JPN/SCE_XA/MAGIC/PL05/061_05.AT3	17208	3afbe05f6dac0ac3cf1d8c475abfa81560b22f44007d38cd207d774f32709550
PSP_GAME/USRDIR/JPN/SCE_XA/MAGIC/PL05/062_05.AT3	13488	03195bb389ae6646f192ccc68b14cd6979ab7e083c1bff0e3d44e2cafc4a3996
PSP_GAME/USRDIR/JPN/SCE_XA/MAGIC/PL05/063_05.AT3	17208	2e87f50a41e3beb08ae48c40befa7ecd5d364238d4a88862c98d971870aa89c9
PSP_GAME/USRDIR/JPN/SCE_XA/MAGIC/PL05/066_05.AT3	21672	bb87ef9af83a0e56d59439d55fbd07a7902d5f29d293a705fd9bd233d241ebe8
PSP_GAME/USRDIR/JPN/SCE_XA/MAGIC/PL05/067_05.AT3	21672	0d04fd7323a1ef65e24bb6453158826baee956a8170004d947572c6b94e509ff
PSP_GAME/USRDIR/JPN/SCE_XA/MAGIC/PL05/070_05.AT3	13488	7598b296763685107d3b6b3eb70230ea08f28b714713836ce5ff0f9efa3f47a8
PSP_GAME/USRDIR/JPN/SCE_XA/MAGIC/PL05/071_05.AT3	17208	0cf980811e1274fe83bf71739d5f768dcf5c9401f357277131626326a2db2506
PSP_GAME/USRDIR/JPN/SCE_XA/MAGIC/PL05/072_05.AT3	13488	a125590ddde36eb515144bcaa137bb5a2bc40d81ef65149c11a591aa973e9df3
PSP_GAME/USRDIR/JPN/SCE_XA/MAGIC/PL05/073_05.AT3	13488	d6db3f0ef118b8b2c43cb53a4cc0e56d804662d7b434d79be6fe4046905abecd
PSP_GAME/USRDIR/JPN/SCE_XA/MAGIC/PL05/074_05.AT3	17208	b237a2a8a1d1f13981cd233113941bf356f8dd469322aa8cd7456d1dde694f18
PSP_GAME/USRDIR/JPN/SCE_XA/MAGIC/PL05/075_05.AT3	13488	141cf7f687b05820da6b43621fdd3ccf03296abdef997652fbd90b879bd5e6d0
PSP_GAME/USRDIR/JPN/SCE_XA/MAGIC/PL05/076_05.AT3	9024	2b4ecf245c64b9eafdc19b4c4fb4c23b45835669c3cbd20be8bee67757c46829
PSP_GAME/USRDIR/JPN/SCE_XA/MAGIC/PL05/077_05.AT3	13488	6b289dc64e604b4665124ae65e3359a6deac498452b7a776367c57866301e6ae
PSP_GAME/USRDIR/JPN/SCE_XA/MAGIC/PL05/078_05.AT3	17208	dff0fd7654c7ac31d91e2019e0c294b86da100536fe27c1c0d20a800045298e5
PSP_GAME/USRDIR/JPN/SCE_XA/MAGIC/PL05/079_05.AT3	13488	fd96da744701bfff9b9034056312ee9c94bbb426a7a582422d71d4fa5cb83e92
PSP_GAME/USRDIR/JPN/SCE_XA/MAGIC/PL05/082_05.AT3	13488	fcdcf29d8e96c6d62f02470ad15bfdf70c041fa488727f2da3f5be32e4efc6dd
PSP_GAME/USRDIR/JPN/SCE_XA/MAGIC/PL05/083_05.AT3	13488	e21d7e2a2a5449c001f39252d04b2c47687815413feea5bbfaedaea39abd4408
PSP_GAME/USRDIR/JPN/SCE_XA/MAGIC/PL05/084_05.AT3	17208	28d94be751dd4db9debd19d9d751c44ca6ec1233ab2635e3fb2e9965c880d68c
PSP_GAME/USRDIR/JPN/SCE_XA/MAGIC/PL05/085_05.AT3	13488	433560685c05dabd5634c2fd00f9813b047d873e027723b6ddcb5cb9d3093b35
PSP_GAME/USRDIR/JPN/SCE_XA/MAGIC/PL05/086_05.AT3	13488	166a6f4151328ed37eee403f464513fc184e1c47f14e63e494ec42cf04e59adf
PSP_GAME/USRDIR/JPN/SCE_XA/MAGIC/PL05/087_05.AT3	13488	94fc0607d72cf3d2806b5458f37e31dc05108cbc595045c489c1bcf3e1b8e8ea
PSP_GAME/USRDIR/JPN/SCE_XA/MAGIC/PL05/088_05.AT3	13488	7977ec16a539ffc3df09f07ba94e73bde0ce1b5414b39ba652c9e46eafb2532e
PSP_GAME/USRDIR/JPN/SCE_XA/MAGIC/PL05/089_05.AT3	17208	30273bde517b78d2e9858503a2bcce24b9810aaca83f97a52d5bdf21137354d5
PSP_GAME/USRDIR/JPN/SCE_XA/MAGIC/PL05/090_05.AT3	9024	b5d4c83471ba76380caadbb9d34c2f5b71b86ce063fe3e4fa564914cc3568959
PSP_GAME/USRDIR/JPN/SCE_XA/MAGIC/PL05/091_05.AT3	17208	2cb2bef741886be28411a924ef1ea96b11c5c4824964ce61cbb3130c0e719577
PSP_GAME/USRDIR/JPN/SCE_XA/MAGIC/PL05/092_05.AT3	13488	51b916b0fa1aa32f80771f95937deb2647559e7fea41a927e5da83e5c919974a
PSP_GAME/USRDIR/JPN/SCE_XA/MAGIC/PL05/093_05.AT3	17208	0763c9062741c3e7f1efd00ff05964a118c029bf3e5ee145de28dee3d8eada34
PSP_GAME/USRDIR/JPN/SCE_XA/MAGIC/PL05/094_05.AT3	13488	276ce58dd7f0d2c412881acd92e5c312b1d8cacd619853304ebc5812d9984288
PSP_GAME/USRDIR/JPN/SCE_XA/MAGIC/PL05/095_05.AT3	13488	39113feb8d89f878ab1bc41b6fa884faeda1be99559d30df27a7a53503e0e55e
PSP_GAME/USRDIR/JPN/SCE_XA/MAGIC/PL05/096_05.AT3	17208	e877395e329fdda8c47b455f0a7625a373cb377ee0c9e55be4cb3ee43a40c01b
PSP_GAME/USRDIR/JPN/SCE_XA/MAGIC/PL05/097_05.AT3	9024	7b560f676349710ebf339e1505da5be8c105f79bee9115cc53530f5f523978a6
PSP_GAME/USRDIR/JPN/SCE_XA/MAGIC/PL05/098_05.AT3	13488	3a50abc649b7bbbafaaac147947611055a5320bb11f55f7fb804e0af19e52be8
PSP_GAME/USRDIR/JPN/SCE_XA/MAGIC/PL05/099_05.AT3	17208	4ebf7c87f5d2f8d5d736f8153f0ce443fc4107c42d534e2c2893189044fba763
PSP_GAME/USRDIR/JPN/SCE_XA/MAGIC/PL05/100_05.AT3	13488	29187792638d5d4067f14fcdba516b4e00dc95e549d0158fe31495d4f98cb9c0
PSP_GAME/USRDIR/JPN/SCE_XA/MAGIC/PL05/101_05.AT3	17208	fa5d250b458628e27a1b3217a2deb4bc53acb5d36ae44fa4939b19eba183811f
PSP_GAME/USRDIR/JPN/SCE_XA/MAGIC/PL05/102_05.AT3	17208	09375bbc7e024f0a448bb9c57d327d6bfe6ea8bfb76ff5b2ab24ac4d1ca376c1
PSP_GAME/USRDIR/JPN/SCE_XA/MAGIC/PL05/103_05.AT3	9024	6dc6c0444dc0e3d50beb617648fef76ac1ee4c8f68336cc5dee5a69bca9bd14b
PSP_GAME/USRDIR/JPN/SCE_XA/MAGIC/PL05/104_05.AT3	13488	45124a5aa9926f8665d440a6cfc3cd15149957df6c5ac146d086e3df1d168ed6
PSP_GAME/USRDIR/JPN/SCE_XA/MAGIC/PL05/105_05.AT3	9024	5be67b61d24ecf70ff9f21e0428687657b531a94208bedc80cf14aea2aef02b5
PSP_GAME/USRDIR/JPN/SCE_XA/MAGIC/PL05/106_05.AT3	13488	f963ae22dfd7f51eacbd11cd30a94a31e60470b7a24edf371185d4f647a637c9
PSP_GAME/USRDIR/JPN/SCE_XA/MAGIC/PL05/107_05.AT3	17208	d01bd9a703a3bee91db2aa1467ec1eabea93f7dbb38db85cb3385cac275240c5
PSP_GAME/USRDIR/JPN/SCE_XA/MAGIC/PL05/108_05.AT3	13488	c612be46827d67bbe2406779d047ff6b3729a7b25f38d462ef1975bc3c4b4fdc
PSP_GAME/USRDIR/JPN/SCE_XA/MAGIC/PL05/109_05.AT3	17208	3175355035c8718c799fe5ea197dbb670760aab7c10d2c4345a1fc7ae9cb1289
PSP_GAME/USRDIR/JPN/SCE_XA/MAGIC/PL05/110_05.AT3	13488	b815870affffddd542c54a8e9801cd428ad358ac4fd4f93de0656a9edcb22cea
PSP_GAME/USRDIR/JPN/SCE_XA/MAGIC/PL05/111_05.AT3	13488	25f8c1b6c9a5e3147bb3bc28ef5f95097295e7389e516570e84e0b0a527d0749
PSP_GAME/USRDIR/JPN/SCE_XA/MAGIC/PL05/112_05.AT3	13488	f1edb0233deab9eb9cbc98fd02030f6cec998d7d350649876d6a0426f2db2639
PSP_GAME/USRDIR/JPN/SCE_XA/MAGIC/PL05/113_05.AT3	17208	1549520a6aaac58b301297031ed40cd95e9d75fc3b0460d418b3fa0b0eb82a78
PSP_GAME/USRDIR/JPN/SCE_XA/MAGIC/PL05/114_05.AT3	17208	c8e1378e1fa12f2b737babbb7533bf3bb01d2f2b98e01fd894a1ea81024a2932
PSP_GAME/USRDIR/JPN/SCE_XA/MAGIC/PL05/115_05.AT3	17208	9f48e40453432a610a8c5d330ee0e53c2a363c2e0bc5c52e30cc719290cda9da
PSP_GAME/USRDIR/JPN/SCE_XA/MAGIC/PL05/117_05.AT3	13488	c59f7303202d3c616d23e2307368b6a5d530fb0ce5c3341b93fdb0f4e0a41c32
PSP_GAME/USRDIR/JPN/SCE_XA/MAGIC/PL05/118_05.AT3	9024	a959b22fa519eb334417f78f45d80c4943989da1daaf049bbddcf13f1265c4e5
PSP_GAME/USRDIR/JPN/SCE_XA/MAGIC/PL05/140_05.AT3	17208	ec2264ec185651a8c7d6003aa53fe4bf7d32132b13c7547069b2f04029f31977
PSP_GAME/USRDIR/JPN/SCE_XA/MAGIC/PL05/142_05.AT3	17208	1736cff5fe855dec7523d523aafed50de312d57c0f75ba85e70248d0de64a0f1
PSP_GAME/USRDIR/JPN/SCE_XA/MAGIC/PL05/143_05.AT3	17208	cef352f2b2eec78e07ac14cc68a4321e6cdb28876e5cf23a1e7b3ffda3b989c3
PSP_GAME/USRDIR/JPN/SCE_XA/MAGIC/PL05/144_05.AT3	17208	95f7f5235fb9a0bc6dca2d78f585336ee314fe0963b4eba4235cbd2a53d891b6
PSP_GAME/USRDIR/JPN/SCE_XA/MAGIC/PL05/145_05.AT3	17208	1de4fa46f809444a0e7f6fd5282d946a376c8a3ed8d725ffe7a85869ecda5643
PSP_GAME/USRDIR/JPN/SCE_XA/MAGIC/PL05/147_05.AT3	17208	522d3d0c10e3d3439ec190585f050bc5a30bc2c628aa6f24458c1db78faf3bfe
PSP_GAME/USRDIR/JPN/SCE_XA/MAGIC/PL05/149_05.AT3	13488	d65cbff6f6d12088bc74ebddc9d62b1c31356e698978ca2614e4dfd9322560a5
PSP_GAME/USRDIR/JPN/SCE_XA/MAGIC/PL05/152_05.AT3	13488	2730ae17a74868c80476e033992e860f826a1a7adf56b534a361e10a749249f6
PSP_GAME/USRDIR/JPN/SCE_XA/MAGIC/PL05/153_05.AT3	13488	97e9eed0ea2b9a704ee44e38405e80a52cc22bae3e499e2bf17001ee50a1655b
PSP_GAME/USRDIR/JPN/SCE_XA/MAGIC/PL05/158_05.AT3	17208	7e8b77401d3476ad50873a99de7ea7bb0ccea4d7e72e6896e446510c41645d1a
PSP_GAME/USRDIR/JPN/SCE_XA/MAGIC/PL05/162_05.AT3	17208	07891d9a0159d1a8f9301d3ae0a584939471d6fd74589e1b04ba54ecce19a4f7
PSP_GAME/USRDIR/JPN/SCE_XA/MAGIC/PL05/163_05.AT3	17208	b003f699224c74fd7e392052e797cf2eea1607eacd426921d807102a08757d2e
PSP_GAME/USRDIR/JPN/SCE_XA/MAGIC/PL05/166_05.AT3	13488	ecbcf1c1fb243e31c3ab1a4e02b6e754fc1d62560bc898e7049e5db422dfbaf1
PSP_GAME/USRDIR/JPN/SCE_XA/MAGIC/PL05/167_05.AT3	17208	9ed7f33ce66fa4fcb1e38727db46680df2f1ea7bbb130e0db7807da4cf770bc8
PSP_GAME/USRDIR/JPN/SCE_XA/MAGIC/PL05/168_05.AT3	17208	07891d9a0159d1a8f9301d3ae0a584939471d6fd74589e1b04ba54ecce19a4f7
PSP_GAME/USRDIR/JPN/SCE_XA/MAGIC/PL05/169_05.AT3	17208	5efdb8786672f65cab1df60ce1ff8e27fda99611f78c9c24975b7d82ab8d7f9c
PSP_GAME/USRDIR/JPN/SCE_XA/MAGIC/PL05/172_05.AT3	13488	c1aa383c93ecdbddc809b6404838ac36248312aed5b206dcfcc7c5ed1fc2f9d7
PSP_GAME/USRDIR/JPN/SCE_XA/MAGIC/PL05/173_05.AT3	13488	9b67c707523193d3a3941f47466eb8a88a8037f694fb66de1ed67e1195ad0cd9
PSP_GAME/USRDIR/JPN/SCE_XA/MAGIC/PL05/216_05.AT3	13488	9249ef54f24c95ff6df2419dac00f1220c6c8048d86fac16a2798f744e6dd5a6
PSP_GAME/USRDIR/JPN/SCE_XA/MAGIC/PL06/004_06.AT3	13488	f8746deff5e03bdcd46d52ce508ed34d4c0354fb257f7c7638769b14ed30a757
PSP_GAME/USRDIR/JPN/SCE_XA/MAGIC/PL06/005_06.AT3	17208	3cd25f9e2ccc9473a054bdcd5d886f132364dcc15eafed5358cbf422b595caa5
PSP_GAME/USRDIR/JPN/SCE_XA/MAGIC/PL06/006_06.AT3	13488	6d52d0ec9c1cad11f76cc673058f8e95f498e39de0599df0d27ef6aa9a7ae9d4
PSP_GAME/USRDIR/JPN/SCE_XA/MAGIC/PL06/021_06.AT3	13488	bbc0b91a2b45854d8aa8dfdc6d083f7d0bef21e88baad701e08d0aaad53cc42b
PSP_GAME/USRDIR/JPN/SCE_XA/MAGIC/PL06/027_06.AT3	17208	08b830771ebe031e051ba0b8b45c998bb6683c8c1c3cce2eeb9fa359fb7f5796
PSP_GAME/USRDIR/JPN/SCE_XA/MAGIC/PL06/029_06.AT3	9024	f275b905db5afff1e5e5baee048059598c5e2df5d77f10797921bc5ad05ce5c1
PSP_GAME/USRDIR/JPN/SCE_XA/MAGIC/PL06/030_06.AT3	13488	ae94de6b855c5f0567cd1cee2adf076a5f5335fc60f3d536394bc989e4a8e31d
PSP_GAME/USRDIR/JPN/SCE_XA/MAGIC/PL06/031_06.AT3	13488	9c9ad982531a6bb0621a676e21f91002aa1445d256d98ab7a1c7d85e70a26d6a
PSP_GAME/USRDIR/JPN/SCE_XA/MAGIC/PL06/032_06.AT3	13488	087abb0aa9aadd841dac24d662c09b4ead35ab76fc49bb1a67fb20c5d458d2cb
PSP_GAME/USRDIR/JPN/SCE_XA/MAGIC/PL06/033_06.AT3	13488	ef4c7f3bc25812bda875e3fbab60d7310033410b48d0c8a091043620f930d6e7
PSP_GAME/USRDIR/JPN/SCE_XA/MAGIC/PL06/034_06.AT3	13488	2f0b282e7f8d307e6c920028ac041e41871a2af23424cdd963fda112143669c2
PSP_GAME/USRDIR/JPN/SCE_XA/MAGIC/PL06/035_06.AT3	13488	1f0360602ae54eba07227f33d983f0bc7dc0eef2fc579dfeae6b0a025d460402
PSP_GAME/USRDIR/JPN/SCE_XA/MAGIC/PL06/036_06.AT3	13488	091a520a3b1c29052f5148fdce288b69315bcc265acae1032fadc5e0519049fe
PSP_GAME/USRDIR/JPN/SCE_XA/MAGIC/PL06/037_06.AT3	21672	91ffe2806d6e5bdba2a9768ec22dbbfc03432760e738acd7bcb0756e9de71833
PSP_GAME/USRDIR/JPN/SCE_XA/MAGIC/PL06/038_06.AT3	21672	065b5fdcdd6d63de68a671147326b92fffadcedd37481928cebc9b92a232f207
PSP_GAME/USRDIR/JPN/SCE_XA/MAGIC/PL06/039_06.AT3	25392	5f80105ac30c1b4cd1ec4ab7912cd69b47c912310c3b7edd9681e79ab7371dd2
PSP_GAME/USRDIR/JPN/SCE_XA/MAGIC/PL06/040_06.AT3	21672	c721d459a2ec6ae27f56f96d99029c96671f77565ddc3b527e65bde691dcea67
PSP_GAME/USRDIR/JPN/SCE_XA/MAGIC/PL06/041_06.AT3	21672	219d8ba004b889ea822a0a7cb5cf97f2525d69de36a25e17a89c83983e57195c
PSP_GAME/USRDIR/JPN/SCE_XA/MAGIC/PL06/042_06.AT3	21672	6917e80aa41a69ed6b8138280c0c88d995baa945270e6722f1ffdb8faacd3ea4
PSP_GAME/USRDIR/JPN/SCE_XA/MAGIC/PL06/043_06.AT3	13488	9bc03b4b6bbd9d7b33097d2b0816482c79bd21ec2e11ceda8a574b2d35bf9b41
PSP_GAME/USRDIR/JPN/SCE_XA/MAGIC/PL06/044_06.AT3	13488	2b4e972c4a88269e59e55d195e3bb9a08851f543841ccfa183b37a11b9067564
PSP_GAME/USRDIR/JPN/SCE_XA/MAGIC/PL06/045_06.AT3	17208	c04f18d9445f131a65f014b8f2b90d3bd1077df6197ed7756abe0e66362ddbde
PSP_GAME/USRDIR/JPN/SCE_XA/MAGIC/PL06/046_06.AT3	21672	487f07d53e42ad02985c3a1ed03847de80c01722f22d6b7abc34ef11c2686250
PSP_GAME/USRDIR/JPN/SCE_XA/MAGIC/PL06/047_06.AT3	17208	ac131fa8246d9769f1ddb2b45274eee74ca45b0ef58238f28710b6854a6b1ef8
PSP_GAME/USRDIR/JPN/SCE_XA/MAGIC/PL06/048_06.AT3	17208	5a286ba9c2dc28c2b6e6ebf761767e842463f9a1690d636426a8060935504af4
PSP_GAME/USRDIR/JPN/SCE_XA/MAGIC/PL06/049_06.AT3	21672	9ab44d2c2b063f5516a90bd612b0d80a3c304a8705b0ccf8e5a0600081e3facd
PSP_GAME/USRDIR/JPN/SCE_XA/MAGIC/PL06/050_06.AT3	13488	adff5e5f2fccf67186f75f2f1ec8ed3e58f6d2895981dc5ef65586986a54956f
PSP_GAME/USRDIR/JPN/SCE_XA/MAGIC/PL06/051_06.AT3	13488	fb7393da2b9fe1e98933bbde390ce39140f193769df4cbd21ed69f89a5681737
PSP_GAME/USRDIR/JPN/SCE_XA/MAGIC/PL06/052_06.AT3	13488	701eb7ca9409d06e155e7804d046fba04bcc85b22eb1c753a1b611a39fc40f9b
PSP_GAME/USRDIR/JPN/SCE_XA/MAGIC/PL06/053_06.AT3	13488	ba664121b78db8cda3cc51d2f10958ce600c363950ce5990c34d80528fc60272
PSP_GAME/USRDIR/JPN/SCE_XA/MAGIC/PL06/054_06.AT3	17208	b563b99ca544082ef2323e5797927f9ee83cb98cb3ac2b5dd2ca447f51076303
PSP_GAME/USRDIR/JPN/SCE_XA/MAGIC/PL06/055_06.AT3	13488	5ba4d8bda20758b877447ab3e7468bbc4baa8f3029e4f512b4663f9dbf0ec63c
PSP_GAME/USRDIR/JPN/SCE_XA/MAGIC/PL06/056_06.AT3	29112	6169314428e0d2b09a9879651c94384d3e0e8c8098070fd43de185c803817bc9
PSP_GAME/USRDIR/JPN/SCE_XA/MAGIC/PL06/058_06.AT3	17208	0e2885d4f468ad8d192d397fbaeb5cee0b7ff1854dfd890950df505806b7aaaf
PSP_GAME/USRDIR/JPN/SCE_XA/MAGIC/PL06/059_06.AT3	17208	d481b6ebc27e60b480999145c9d70c34101fcbb7ee2fd651075fdbd45ba11192
PSP_GAME/USRDIR/JPN/SCE_XA/MAGIC/PL06/061_06.AT3	17208	26b787fc00198683e9f98181ad046fc4b45544851af9c98ca7f968eff6fe439d
PSP_GAME/USRDIR/JPN/SCE_XA/MAGIC/PL06/062_06.AT3	13488	f57a640660edf53187a22fb49ca4fd6fd1928a35c583bc7eddf1a18640358212
PSP_GAME/USRDIR/JPN/SCE_XA/MAGIC/PL06/063_06.AT3	13488	69de71f3bda8def92ba22edac873db496749f996ee361594e31c5b0175b15f4b
PSP_GAME/USRDIR/JPN/SCE_XA/MAGIC/PL06/066_06.AT3	17208	bf601fada18709af837c372baff4cf47dba92c75f160d08f4fbbe982677ae252
PSP_GAME/USRDIR/JPN/SCE_XA/MAGIC/PL06/067_06.AT3	13488	96f0a17b5a82ef3fcbca18883c5d65554203586bdff1b703e32c5ad5dad9fd13
PSP_GAME/USRDIR/JPN/SCE_XA/MAGIC/PL06/070_06.AT3	13488	9e1eb0c9fd0060b1df6f1161a3961696228745bd3b969c975b022d99a818ce74
PSP_GAME/USRDIR/JPN/SCE_XA/MAGIC/PL06/071_06.AT3	21672	3ad0ab4702bd307dde2d984aec123ad5d3f8082f96cc9bf56acc45a68d526b1b
PSP_GAME/USRDIR/JPN/SCE_XA/MAGIC/PL06/072_06.AT3	13488	6cef63de5ad74174d89925f1a5a40dd8a54779daabdf27e518b04aa1ef3dbc7b
PSP_GAME/USRDIR/JPN/SCE_XA/MAGIC/PL06/073_06.AT3	13488	6ea408c358c2f7bd1ea6c238d568d724ec934de342af0ae974819cb676c32864
PSP_GAME/USRDIR/JPN/SCE_XA/MAGIC/PL06/074_06.AT3	17208	1c15cbe27e50b3df3b030691621509925484b39a034b9c020128e7842fdfcfba
PSP_GAME/USRDIR/JPN/SCE_XA/MAGIC/PL06/075_06.AT3	13488	a8e41cb82ad5f15113a0c62039973a64f26a703955809c8755c3e59b0cd8aaab
PSP_GAME/USRDIR/JPN/SCE_XA/MAGIC/PL06/076_06.AT3	17208	b8b043ad6aa40e3c18876cb86e93476b3a65eb0700dff6b0a63db7053602c186
PSP_GAME/USRDIR/JPN/SCE_XA/MAGIC/PL06/077_06.AT3	13488	ef1ebc73842812c5018c696674db74db0727f0e45f59f7c9c0239990f6ae08de
PSP_GAME/USRDIR/JPN/SCE_XA/MAGIC/PL06/078_06.AT3	17208	359f9e23c761984c05b2311b51a96145deae7d2a96361e0d05f9699b951e01be
PSP_GAME/USRDIR/JPN/SCE_XA/MAGIC/PL06/079_06.AT3	21672	42acff548d1c111fe30a6f8e305069bb8f5f031f8c7ebed082d7e64020f744e3
PSP_GAME/USRDIR/JPN/SCE_XA/MAGIC/PL06/082_06.AT3	17208	960a2e6f308d0aec541effc69b96873abdef5984c35502d13e4ad3d0617ac2d3
PSP_GAME/USRDIR/JPN/SCE_XA/MAGIC/PL06/083_06.AT3	21672	dd3f5d6a3f871a99427847240ea4534b7fcf59e1bce83c63e8604badd5725aea
PSP_GAME/USRDIR/JPN/SCE_XA/MAGIC/PL06/084_06.AT3	13488	bbd1a3de0a3138c5e5b997e8f81d95f26b45c4b8f01fe3e5b5508409e44ff3ea
PSP_GAME/USRDIR/JPN/SCE_XA/MAGIC/PL06/085_06.AT3	17208	66ec50357064ae287fedc11c787080c4f117312827c4d8a66042fbe80f81148c
PSP_GAME/USRDIR/JPN/SCE_XA/MAGIC/PL06/086_06.AT3	17208	f057f331e2e3dc7980249bfa4d8037603530ca17164da3c31c4af1bdb225bde6
PSP_GAME/USRDIR/JPN/SCE_XA/MAGIC/PL06/087_06.AT3	29112	0115916cd658ce149c65b277e297d6873c6101acec1df5e088f3c380f03387ec
PSP_GAME/USRDIR/JPN/SCE_XA/MAGIC/PL06/088_06.AT3	21672	ca269457a5dfe24e02a14eadb4220a1b8fa23a96c004ce20fde66d5df776d295
PSP_GAME/USRDIR/JPN/SCE_XA/MAGIC/PL06/089_06.AT3	13488	884a83c6e3f08ed1f73e4012d1e4d20bb369a2a49a56b3506e3d3cc0be2767fc
PSP_GAME/USRDIR/JPN/SCE_XA/MAGIC/PL06/090_06.AT3	13488	8f62c9f2f4e6c9968771d9698535c373ba7ffc667d2921c45c7918b55c45efb6
PSP_GAME/USRDIR/JPN/SCE_XA/MAGIC/PL06/091_06.AT3	13488	ffea2b0ff63c46e9ef8ed23c80caeb72fc8b4d846aedf4c3ecf0eb0befd6403c
PSP_GAME/USRDIR/JPN/SCE_XA/MAGIC/PL06/092_06.AT3	13488	6cef63de5ad74174d89925f1a5a40dd8a54779daabdf27e518b04aa1ef3dbc7b
PSP_GAME/USRDIR/JPN/SCE_XA/MAGIC/PL06/093_06.AT3	17208	7ca34306a3ea3c7b4620b740cab8fac796e0c37b41119d280f4023905fd3b33e
PSP_GAME/USRDIR/JPN/SCE_XA/MAGIC/PL06/094_06.AT3	13488	86600bcf1e754285b62a5a342e64e79792cbb6245630924c102ef57a0699e82e
PSP_GAME/USRDIR/JPN/SCE_XA/MAGIC/PL06/095_06.AT3	13488	067e51710e8ad630293b555f9ad99b74a40ab46ce064abb8a0563c1f7cb294b9
PSP_GAME/USRDIR/JPN/SCE_XA/MAGIC/PL06/096_06.AT3	13488	aed76943d6d9338036ccb55e34d267174b427e8fb2299ed1b802421cb6246686
PSP_GAME/USRDIR/JPN/SCE_XA/MAGIC/PL06/097_06.AT3	13488	874e1223c2c2055b4cd6dc2742f205979cd87ca104b3e2d2cd52a1685b5468a2
PSP_GAME/USRDIR/JPN/SCE_XA/MAGIC/PL06/098_06.AT3	17208	76c69630c30a422debedf090af603eee889de605df6578ff0a747455c557d817
PSP_GAME/USRDIR/JPN/SCE_XA/MAGIC/PL06/099_06.AT3	17208	cbf8bbeb9b98f36e8086a41276f12a34a000a2a60fe7cb8f79f193cd01c3dae7
PSP_GAME/USRDIR/JPN/SCE_XA/MAGIC/PL06/100_06.AT3	13488	6a6e1a9396fe129d6c03c97d8257c1d093f84c502bb1dba8254ed8aac644308b
PSP_GAME/USRDIR/JPN/SCE_XA/MAGIC/PL06/101_06.AT3	13488	bd4378c9233251d274548f02e41508cea8dde0ee192d4b65d404b0ffef5004fc
PSP_GAME/USRDIR/JPN/SCE_XA/MAGIC/PL06/102_06.AT3	13488	cf31ca5d1ac7ab3ac46d148917803aec472a4253e4e49007654830ecf7be3b03
PSP_GAME/USRDIR/JPN/SCE_XA/MAGIC/PL06/103_06.AT3	9024	3daedf536a0a18fb2218eaa9d4014f7e6a9157f3e98043c7d78b77185af8f39d
PSP_GAME/USRDIR/JPN/SCE_XA/MAGIC/PL06/104_06.AT3	17208	c16199b2ba5c93d9ae996b9a5923b8825f23cc37e1cf56722d22a68b1d37ea66
PSP_GAME/USRDIR/JPN/SCE_XA/MAGIC/PL06/105_06.AT3	17208	a895327f1f6e792b43c26e02942d4741b480152038c7a16b78bb46d8e96a12af
PSP_GAME/USRDIR/JPN/SCE_XA/MAGIC/PL06/106_06.AT3	17208	fb918d06fa12736294300d442f6961de2db592c386b27ac9626088b8524e1569
PSP_GAME/USRDIR/JPN/SCE_XA/MAGIC/PL06/107_06.AT3	13488	6e04ee2b278095d5d3ddcd0e54ddd270b860b69149052ba989aca72ef3cf1cf1
PSP_GAME/USRDIR/JPN/SCE_XA/MAGIC/PL06/108_06.AT3	13488	ba664121b78db8cda3cc51d2f10958ce600c363950ce5990c34d80528fc60272
PSP_GAME/USRDIR/JPN/SCE_XA/MAGIC/PL06/109_06.AT3	13488	647c7f9508cd7083b3770e71dd890634515f76acf9e30166bd2ee50fe6f137bb
PSP_GAME/USRDIR/JPN/SCE_XA/MAGIC/PL06/110_06.AT3	13488	b08e7ed6ffed245ead0a339e75ce8d3578b819a1e29edd4d17699d2de00edb98
PSP_GAME/USRDIR/JPN/SCE_XA/MAGIC/PL06/111_06.AT3	17208	a6d4fd2d46220c5163d49fe5acb6c08c6405ba947a66dbd4654132ea7ad29100
PSP_GAME/USRDIR/JPN/SCE_XA/MAGIC/PL06/112_06.AT3	13488	92e86b0bc860b8bd013ebefaa4a12325dd15d8640762722f0afbc2535e494e27
PSP_GAME/USRDIR/JPN/SCE_XA/MAGIC/PL06/113_06.AT3	17208	8a1059cb9719b60250663e49a1a4fb96d53d731fcd9a3f860cd1653a3a1c275b
PSP_GAME/USRDIR/JPN/SCE_XA/MAGIC/PL06/114_06.AT3	29112	8d4fa07482e8dd957671726ea1c8bbedeb911e6c38cbb62a30f50840187a738f
PSP_GAME/USRDIR/JPN/SCE_XA/MAGIC/PL06/115_06.AT3	17208	0db3dc1500c97aea468fdf1c357e236c59b5aef2bf26d74d3d0286d79370cef8
PSP_GAME/USRDIR/JPN/SCE_XA/MAGIC/PL06/117_06.AT3	17208	00cf3aeb5f18f4b5c73ec77f660c40cf359fb6c6168d97f0ecc8ed673c276865
PSP_GAME/USRDIR/JPN/SCE_XA/MAGIC/PL06/118_06.AT3	17208	0241ccbc2fcb1a0a9bd777cabde125bc59c9c78c394f5362ca55c7f1bf9da7cf
PSP_GAME/USRDIR/JPN/SCE_XA/MAGIC/PL06/140_06.AT3	17208	644f8898a2e490a77e7da82e94e21c689a152286d5ff2d5bb6f6b79b48368689
PSP_GAME/USRDIR/JPN/SCE_XA/MAGIC/PL06/142_06.AT3	13488	091ed32a0f7b39f63f9cb3f7368cd739a5ffafc71c433845053132a09c1a9392
PSP_GAME/USRDIR/JPN/SCE_XA/MAGIC/PL06/143_06.AT3	13488	e5a4adc39ea15fe57a4568d6c2424b47f106efc4b71eaa6bcef8c50672415d2f
PSP_GAME/USRDIR/JPN/SCE_XA/MAGIC/PL06/144_06.AT3	13488	f57a640660edf53187a22fb49ca4fd6fd1928a35c583bc7eddf1a18640358212
PSP_GAME/USRDIR/JPN/SCE_XA/MAGIC/PL06/145_06.AT3	9024	0c31a2c58516ac5106ef7bdb0fe34e888407445b3a55ac1abfa1cf5ba6eee2bb
PSP_GAME/USRDIR/JPN/SCE_XA/MAGIC/PL06/147_06.AT3	13488	bad9f2ae91b4bb1edea1990d97cdc7011cbd1e1707853d7830c1497c8cb07f05
PSP_GAME/USRDIR/JPN/SCE_XA/MAGIC/PL06/149_06.AT3	13488	266350ed37d8f87f1197769b96e28b5be10dc513a35be8f5afa167d28d86c1af
PSP_GAME/USRDIR/JPN/SCE_XA/MAGIC/PL06/152_06.AT3	17208	03df3405957b5c2ea260e45a8d4373abb293702320f79fb24e31a397d488a4a6
PSP_GAME/USRDIR/JPN/SCE_XA/MAGIC/PL06/153_06.AT3	17208	62b3975c255321db754f076d1d19a45d474a38feb6e826774e163f410bd12be3
PSP_GAME/USRDIR/JPN/SCE_XA/MAGIC/PL06/158_06.AT3	13488	4220007de34b1bfb9ee5c6dab2a0e49f5c132c85609818208d0d81200131ef60
PSP_GAME/USRDIR/JPN/SCE_XA/MAGIC/PL06/162_06.AT3	13488	73fca1c995a8624e2cbfd2dbae87236aeb4c1021d47714f8e795b9545c50a915
PSP_GAME/USRDIR/JPN/SCE_XA/MAGIC/PL06/163_06.AT3	17208	f4f30c4b403ad8e670be912fbeac13d6c220e015f4a14afc436a0e51703c61de
PSP_GAME/USRDIR/JPN/SCE_XA/MAGIC/PL06/166_06.AT3	13488	e4345a62b5b2f4df2b0de71d8ba3905a4ed3bbd31fb9300f8e5fa8dbb049e53e
PSP_GAME/USRDIR/JPN/SCE_XA/MAGIC/PL06/167_06.AT3	13488	df5c3cb5e9684daaaf1919edfb313209a455cd0baa586260540b31614200a008
PSP_GAME/USRDIR/JPN/SCE_XA/MAGIC/PL06/168_06.AT3	13488	73fca1c995a8624e2cbfd2dbae87236aeb4c1021d47714f8e795b9545c50a915
PSP_GAME/USRDIR/JPN/SCE_XA/MAGIC/PL06/169_06.AT3	13488	a4b504b17a8be2afcd56657f5ce2918d3c495644d1324532faa7a01a695dbafa
PSP_GAME/USRDIR/JPN/SCE_XA/MAGIC/PL06/172_06.AT3	17208	e30ac677accb5ba5ba99a3cf327af18c6cfa4ec626b998f9090bc84e311e3874
PSP_GAME/USRDIR/JPN/SCE_XA/MAGIC/PL06/173_06.AT3	13488	7752a80606c6701fa4cd91f859e0d86deb0cfb8ddb8e87fb41e866dab9244280
PSP_GAME/USRDIR/JPN/SCE_XA/MAGIC/PL06/216_06.AT3	17208	fa4c9776681673d56191f03553cce65a0b3a99eb5105beed63ddec720883eacd
PSP_GAME/USRDIR/JPN/SCE_XA/MAGIC/PL07/004_07.AT3	17208	dd9cbf6c6429acfd5360027a99c35050564212b60f7fe8d0abd35f8250fd2cdb
PSP_GAME/USRDIR/JPN/SCE_XA/MAGIC/PL07/005_07.AT3	17208	748a3e3b920510bce98673995f668e80b3dc70b9df015a5cd0bafe5bb3a207ba
PSP_GAME/USRDIR/JPN/SCE_XA/MAGIC/PL07/006_07.AT3	17208	f792be0b429cbcb2ed7f0f681c8a8cc9f6b6fb23ec6373d6326399a5870e066c
PSP_GAME/USRDIR/JPN/SCE_XA/MAGIC/PL07/021_07.AT3	17208	f319d24f0a1cf18c227bc8d8ac4bba3023a7c56967d62269da6a569c4f44e210
PSP_GAME/USRDIR/JPN/SCE_XA/MAGIC/PL07/027_07.AT3	17208	06f7432fa14d89aa858c8a4937ae0b0a9f78fe4e70f36266eba2129999a92536
PSP_GAME/USRDIR/JPN/SCE_XA/MAGIC/PL07/029_07.AT3	17208	6b378157cee3d42e802f21aa01d661044929fe89b3687f3fd842a7fa3a76d615
PSP_GAME/USRDIR/JPN/SCE_XA/MAGIC/PL07/030_07.AT3	13488	45fd2310573798762578dac6ba9d969c88cced943e3b1f1ca75f692fbb56f87d
PSP_GAME/USRDIR/JPN/SCE_XA/MAGIC/PL07/031_07.AT3	9024	3b35c377b81a021981faef80c38f00d9dcdb85bb534c83bec5ad9160510b99e7
PSP_GAME/USRDIR/JPN/SCE_XA/MAGIC/PL07/032_07.AT3	9024	3573a56df40c7dc9725417de88c25f4b28bdaf27a7c76d904f0801025783588b
PSP_GAME/USRDIR/JPN/SCE_XA/MAGIC/PL07/033_07.AT3	9024	ab949707210005f6757be2d334721e9bdcb47c23479ebf628e418a9962b7b509
PSP_GAME/USRDIR/JPN/SCE_XA/MAGIC/PL07/034_07.AT3	13488	e64ce2e685d29bd9fb28e38b7d848a9365295fc6d63e6a00d5e17637dfa9a8bf
PSP_GAME/USRDIR/JPN/SCE_XA/MAGIC/PL07/035_07.AT3	21672	c37f7e00f73537a0a34d85d4d98c1e6f706d9ffffbc89b348e191363b5f9b082
PSP_GAME/USRDIR/JPN/SCE_XA/MAGIC/PL07/036_07.AT3	13488	cb114200126a9cf1bfbe852e4e42c7c1b7c6432992653199bb43b634e785acfd
PSP_GAME/USRDIR/JPN/SCE_XA/MAGIC/PL07/037_07.AT3	17208	8468b952ddf86cc7f94597047b796e049ef53e12fc0a945f6f3807d634b75329
PSP_GAME/USRDIR/JPN/SCE_XA/MAGIC/PL07/038_07.AT3	17208	1b4e0b9a6f57bfde307942d1a0682a127500837f01de85690c65284db5cd3d91
PSP_GAME/USRDIR/JPN/SCE_XA/MAGIC/PL07/039_07.AT3	13488	01243886f24ec87d6635a76c02fb5c18b96d66e3ffd1197a1a6df90e9b4ad960
PSP_GAME/USRDIR/JPN/SCE_XA/MAGIC/PL07/040_07.AT3	13488	6584e2a8542338e96ca3debb707699b9ebef2768ec9d434d5301f664744cfe69
PSP_GAME/USRDIR/JPN/SCE_XA/MAGIC/PL07/041_07.AT3	13488	4ddc045f4c13abd259248b3a29d7fd9b1d1e2a728ec3513195aafae9dd5cd640
PSP_GAME/USRDIR/JPN/SCE_XA/MAGIC/PL07/042_07.AT3	13488	300eb79c888f7e4f23728dd917820248a9c9e3323e48a6989297b7d3a5cbce08
PSP_GAME/USRDIR/JPN/SCE_XA/MAGIC/PL07/043_07.AT3	17208	0e34ed5357d60fd90d3dfbe63d7f0bc4f7f3c334e14c049cc351f2381b7d868b
PSP_GAME/USRDIR/JPN/SCE_XA/MAGIC/PL07/044_07.AT3	17208	56cbe82335819d357ee2d6e49cac02dd25da4891ff0218681cfd76321fb974bc
PSP_GAME/USRDIR/JPN/SCE_XA/MAGIC/PL07/045_07.AT3	17208	e539d7959eea976735e8c696ae0f2cf1b32c7047d123963b3e852f406abdd55c
PSP_GAME/USRDIR/JPN/SCE_XA/MAGIC/PL07/046_07.AT3	21672	e491866443bc175b61c2a7b3486d753a982b50a8a12452b98bc055b6c5f27e1d
PSP_GAME/USRDIR/JPN/SCE_XA/MAGIC/PL07/047_07.AT3	17208	991ea924cf0ee217c605262f66cf00aad42e84e97df2a29908d80520ff614b3b
PSP_GAME/USRDIR/JPN/SCE_XA/MAGIC/PL07/048_07.AT3	17208	c8dd67fcf4f69e4dfd6a9fb520e0c6dbac7c13032952e29b95e38ac255c9c28b
PSP_GAME/USRDIR/JPN/SCE_XA/MAGIC/PL07/049_07.AT3	13488	13db4dd88da7694ab4e4c72924833d0bc659f5b6bb3387fdcf7002c8b09dc271
PSP_GAME/USRDIR/JPN/SCE_XA/MAGIC/PL07/050_07.AT3	17208	22d105ee7278e4259295ed23e8b1e2ea1903c6a16616297da07154be51b521ad
PSP_GAME/USRDIR/JPN/SCE_XA/MAGIC/PL07/051_07.AT3	17208	3dc57c4cf26ffc76e992e23a845df9835352e7708db22a276d8ffc1a210ef502
PSP_GAME/USRDIR/JPN/SCE_XA/MAGIC/PL07/052_07.AT3	13488	699af59d581bf076edd37e9532f34b9370adcd4903da65513f533ae55567f67b
PSP_GAME/USRDIR/JPN/SCE_XA/MAGIC/PL07/053_07.AT3	17208	6a591476796c09c9fc394059f746a6dd392f8e2653b1e627ad16c25ab5ab3127
PSP_GAME/USRDIR/JPN/SCE_XA/MAGIC/PL07/054_07.AT3	17208	bfae1f32855f7a72abbf03ed3e2f748491445dee110feba2b1ecb3abc25c7b2d
PSP_GAME/USRDIR/JPN/SCE_XA/MAGIC/PL07/055_07.AT3	21672	3f86de3b4709c08e6c6c7de57100540ed8e980cef163985022032c087c85c48e
PSP_GAME/USRDIR/JPN/SCE_XA/MAGIC/PL07/056_07.AT3	17208	c4a14d96cbb219810031b04266a998584f320e56ac930841517f429ec987e8bb
PSP_GAME/USRDIR/JPN/SCE_XA/MAGIC/PL07/058_07.AT3	13488	9af031f36ddd15128d1b1aab56db30cba850111400d716e3cf456e7f8e893fd7
PSP_GAME/USRDIR/JPN/SCE_XA/MAGIC/PL07/059_07.AT3	13488	4fca6c2a7652d3069a12ee5e8569ef6afc0164d446810b4eda8273b312c4f3f9
PSP_GAME/USRDIR/JPN/SCE_XA/MAGIC/PL07/061_07.AT3	17208	23f18fdea724d0daac32e84d0912db53fdcc80c4efea265a3221fd5722e09729
PSP_GAME/USRDIR/JPN/SCE_XA/MAGIC/PL07/062_07.AT3	21672	5a0688350306313753b20bf909e8480c365f7659d9b2464af9fa42f893c25135
PSP_GAME/USRDIR/JPN/SCE_XA/MAGIC/PL07/063_07.AT3	17208	8cd717b1807951097103a38f82947b053708a2156043e891869771af4fd7a177
PSP_GAME/USRDIR/JPN/SCE_XA/MAGIC/PL07/066_07.AT3	13488	2be4fd072f47a91cf272df1520f94151ff7573863059686f249a3ae2a4347202
PSP_GAME/USRDIR/JPN/SCE_XA/MAGIC/PL07/067_07.AT3	13488	1862f48b13e71ba6768024742a8f4a076918ba96172a44a2530ae2d0cf392d17
PSP_GAME/USRDIR/JPN/SCE_XA/MAGIC/PL07/070_07.AT3	13488	89f422c4f10565537714bffd47b0884ae4139ef86a7886e2df597794727da981
PSP_GAME/USRDIR/JPN/SCE_XA/MAGIC/PL07/071_07.AT3	13488	af9c61b02473fd035fa6f2eb49c3b97f945fd94614f3294ec1d16d456f400569
PSP_GAME/USRDIR/JPN/SCE_XA/MAGIC/PL07/072_07.AT3	13488	dde2673e7238af8182bfe1227fa590bc59b9ac7d94f317c69ee606564c3a7181
PSP_GAME/USRDIR/JPN/SCE_XA/MAGIC/PL07/073_07.AT3	13488	b0cd7ed0532156945dc7c79d9d19c5b246da0b941bf7e5801903ddf06b08e78d
PSP_GAME/USRDIR/JPN/SCE_XA/MAGIC/PL07/074_07.AT3	17208	0619135b19e55b7c9711b6428734879f50bbff3c00d4590b5ad7b35ad0cad390
PSP_GAME/USRDIR/JPN/SCE_XA/MAGIC/PL07/075_07.AT3	9024	9687a8de1f47c1ef33e3ca6c5a3e3ac3a3ffba7fbaab5f7b9b2b1732c15ab392
PSP_GAME/USRDIR/JPN/SCE_XA/MAGIC/PL07/076_07.AT3	13488	da14314296f400e3d521d163bfa86fa8f05c711b3730416d2698b25d651b6b2d
PSP_GAME/USRDIR/JPN/SCE_XA/MAGIC/PL07/077_07.AT3	13488	3b0e15e7881be0a6298b1449b6be2f7ce8d3dc896194863366002d1c958a6ed6
PSP_GAME/USRDIR/JPN/SCE_XA/MAGIC/PL07/078_07.AT3	13488	b17955b78922b6b4bd058e263389bc7fb1b45050be5742935426e9d8566bc95f
PSP_GAME/USRDIR/JPN/SCE_XA/MAGIC/PL07/079_07.AT3	13488	61e81dfde98e72c8bb101de48519e78937363d10a3bfcded36395c387f2a3cdc
PSP_GAME/USRDIR/JPN/SCE_XA/MAGIC/PL07/082_07.AT3	13488	b07fbc52606d1eeabe752bf7865fc286271507b293b3596d5457a34ea796253b
PSP_GAME/USRDIR/JPN/SCE_XA/MAGIC/PL07/083_07.AT3	17208	bf7df86a7b11713f8227f1604ba0a61dc7b0b4f4f5ce1ca2e6f158e2cafbccbd
PSP_GAME/USRDIR/JPN/SCE_XA/MAGIC/PL07/084_07.AT3	17208	aa27a4e01eb6645fd040c905debffae9ebc371c80b3ea9527fd6378895eebc9b
PSP_GAME/USRDIR/JPN/SCE_XA/MAGIC/PL07/085_07.AT3	13488	46e38463775810cfd9bf62d673e856bb09f627f2eab8e7c16deaeeb34f4bfc4d
PSP_GAME/USRDIR/JPN/SCE_XA/MAGIC/PL07/086_07.AT3	9024	6aae0a2f50fac3f4f3c8841ef50c402c4afb3f7c41cfc543bc60cd5188934900
PSP_GAME/USRDIR/JPN/SCE_XA/MAGIC/PL07/087_07.AT3	17208	c746ede10d15a2207ffd16bb270292735a99244db98e54d5f41c5ab9f9737d23
PSP_GAME/USRDIR/JPN/SCE_XA/MAGIC/PL07/088_07.AT3	13488	f9bc440bbc1feb9cf700523857fbda692d66cd20633beec705b32f41b8117342
PSP_GAME/USRDIR/JPN/SCE_XA/MAGIC/PL07/089_07.AT3	13488	4d9c846351423d43acd45e2ad599908110ba34f393d00f052cbf4b96fea5e163
PSP_GAME/USRDIR/JPN/SCE_XA/MAGIC/PL07/090_07.AT3	9024	3d2659a7b41e6d01583a22ee783195dcf9c6fe6ee420782318d54da0f8868425
PSP_GAME/USRDIR/JPN/SCE_XA/MAGIC/PL07/091_07.AT3	13488	97a679355bfb55184a11be59d1b3ae314b158c6d620985cfb6798b07d88f2b22
PSP_GAME/USRDIR/JPN/SCE_XA/MAGIC/PL07/092_07.AT3	13488	b3e0f40ddb47b3e899ea4604e7e3bfefe1c11747e611090c65cb69fac16128df
PSP_GAME/USRDIR/JPN/SCE_XA/MAGIC/PL07/093_07.AT3	17208	0cd03c97ee70d5960b22deae61d9448573c4934082338018aa206481a865184d
PSP_GAME/USRDIR/JPN/SCE_XA/MAGIC/PL07/094_07.AT3	9024	6c44cfbbe4a9de6cac365005e7ba5e78cbf0891ac7048946d01b5802ad979c69
PSP_GAME/USRDIR/JPN/SCE_XA/MAGIC/PL07/095_07.AT3	13488	7e0e70b3f7dc4f41af5c9acf1052769d26ea3967616111c0e2532dc1fb17a139
PSP_GAME/USRDIR/JPN/SCE_XA/MAGIC/PL07/096_07.AT3	17208	3155f07e7e6fa02b725956e001d68079795c0c44913c3c84bb3342929a766b39
PSP_GAME/USRDIR/JPN/SCE_XA/MAGIC/PL07/097_07.AT3	9024	1b1c37ca7686677092c9eed120ac0b8cf0eda72f391c5e91ce0b0d9fa80ef78f
PSP_GAME/USRDIR/JPN/SCE_XA/MAGIC/PL07/098_07.AT3	9024	94d8605736d673345011292b7a07d2a41d3aab9e1e92535795693f6b2ef6a6d9
PSP_GAME/USRDIR/JPN/SCE_XA/MAGIC/PL07/099_07.AT3	17208	d35fc29bedf0ecd2029afbbc0254854bef002811f67d0a5aac7b31de40545b0e
PSP_GAME/USRDIR/JPN/SCE_XA/MAGIC/PL07/100_07.AT3	17208	c3c2613b9579fc6e862ae6a1086c3d17eb9c639159b7f5363fe0276e7089790c
PSP_GAME/USRDIR/JPN/SCE_XA/MAGIC/PL07/101_07.AT3	17208	76938f067e8f85926184677a424ca2dab712ea16a624b8d2a8cb79df69846374
PSP_GAME/USRDIR/JPN/SCE_XA/MAGIC/PL07/102_07.AT3	17208	dfe8d71a960db5e3c1a246994430d045cfe27bbc292b1d29116673026443a3af
PSP_GAME/USRDIR/JPN/SCE_XA/MAGIC/PL07/103_07.AT3	9024	61154effa40aad34592878863094c6173ad6cedda5e81e61ed9161f3d36996ef
PSP_GAME/USRDIR/JPN/SCE_XA/MAGIC/PL07/104_07.AT3	13488	5463bdc9ad655bec5fae88954362519eed46da9a7c687dbed66a62b29e770aa4
PSP_GAME/USRDIR/JPN/SCE_XA/MAGIC/PL07/105_07.AT3	13488	57fb537362dd2e05dc9a2c07a5a2f3b38836d122aa714a7c046eb11e59ee6591
PSP_GAME/USRDIR/JPN/SCE_XA/MAGIC/PL07/106_07.AT3	13488	4110f94af00c4e39ced3b3972e739b4b79e98782fce03efd3788e9b93815ea51
PSP_GAME/USRDIR/JPN/SCE_XA/MAGIC/PL07/107_07.AT3	13488	c6e0a675c03100434fbda605ca4b8b8b255d6d96c006715b9bd87957a9f99162
PSP_GAME/USRDIR/JPN/SCE_XA/MAGIC/PL07/108_07.AT3	13488	6c39dcb8d0a9c22f9b38f17474577c5d45418f2499ba4f6b2d254f6be8294260
PSP_GAME/USRDIR/JPN/SCE_XA/MAGIC/PL07/109_07.AT3	17208	8b7b37eafc360e4c04bb27426bc1f66378e17264d03af2e097e086a5523bd246
PSP_GAME/USRDIR/JPN/SCE_XA/MAGIC/PL07/110_07.AT3	13488	e5c00faa6767d997d428ad6da795f52f61bb0eced84bf8fe9fcf463b806d1e38
PSP_GAME/USRDIR/JPN/SCE_XA/MAGIC/PL07/111_07.AT3	17208	8c19e6fa83b1180d4d5668ce097c04e9ce5d92eb356063caeadb9ea428c20d1a
PSP_GAME/USRDIR/JPN/SCE_XA/MAGIC/PL07/112_07.AT3	13488	02e0922829f61b114883612d8bd7593c14ee5cf4ab653f714b26903660c95ddd
PSP_GAME/USRDIR/JPN/SCE_XA/MAGIC/PL07/113_07.AT3	17208	c6de3aee124b885480fca9f071f1fb081e2509c86322f4e473643d870e066d85
PSP_GAME/USRDIR/JPN/SCE_XA/MAGIC/PL07/114_07.AT3	13488	bda430a62dc74cd781506dca4b6d706b024651ed0c6179290e9af6fcc4b2ed74
PSP_GAME/USRDIR/JPN/SCE_XA/MAGIC/PL07/115_07.AT3	13488	9a75e37c4806cc20b3692ddfd2ba44e975659fba2d7698b3fd97aef3ccbf1e41
PSP_GAME/USRDIR/JPN/SCE_XA/MAGIC/PL07/117_07.AT3	9024	718154d294e4479d751c079ea2a8f38efe6f04d01f1657c79a0b16cf7dfc1dc8
PSP_GAME/USRDIR/JPN/SCE_XA/MAGIC/PL07/118_07.AT3	13488	92d922db90a0036b7013123e179a15a65518e2c96f67c4249d3062082f9608d8
PSP_GAME/USRDIR/JPN/SCE_XA/MAGIC/PL07/140_07.AT3	17208	ac69737459d96ab433d85ffd25e0d999c41bcd86fb671d512e01f1e22e7210d8
PSP_GAME/USRDIR/JPN/SCE_XA/MAGIC/PL07/142_07.AT3	13488	7fac6807978f9b409da4aa4597161dd098ad3619701463e31138faeaceb562c8
PSP_GAME/USRDIR/JPN/SCE_XA/MAGIC/PL07/143_07.AT3	17208	d76ab583e06e5b252b5f6c225e906380b88ea58c3d0b5b0540d76fff1ff67bbd
PSP_GAME/USRDIR/JPN/SCE_XA/MAGIC/PL07/144_07.AT3	17208	4236dcc71e482607617e58b5a9f0dc31f9ebaed44c6014ab2733035451e07df9
PSP_GAME/USRDIR/JPN/SCE_XA/MAGIC/PL07/145_07.AT3	13488	d18598797e0b8a1ad1bafd2318cc0a721bf5e911149f6fbe373e417b3d3f6824
PSP_GAME/USRDIR/JPN/SCE_XA/MAGIC/PL07/147_07.AT3	17208	51b47fe75bc81f4a0353abbcac0ed02079a500ed963fc373690a6afcdf0500aa
PSP_GAME/USRDIR/JPN/SCE_XA/MAGIC/PL07/149_07.AT3	13488	7890695d6e66a7a5b5ed86b531d2f5858d15890a33594908f703e4ef531f362b
PSP_GAME/USRDIR/JPN/SCE_XA/MAGIC/PL07/152_07.AT3	13488	85e4baff06ee56c701dfe5f1a0718223c880409e83b3a5e019cd901164cd7d45
PSP_GAME/USRDIR/JPN/SCE_XA/MAGIC/PL07/153_07.AT3	13488	afad18f9df0950f6f864bd0b1686666ec68041a65cfa7da153319429cfc8912a
PSP_GAME/USRDIR/JPN/SCE_XA/MAGIC/PL07/158_07.AT3	9024	e6ae03ef086b42217f20fda53f3cce41b6a4eae8968bc73e8ddec872bcf2f0aa
PSP_GAME/USRDIR/JPN/SCE_XA/MAGIC/PL07/162_07.AT3	9024	80c7cb927b4e72a4a3c91376343537c409a460fa2458f93cd0a021a87e6e4b9e
PSP_GAME/USRDIR/JPN/SCE_XA/MAGIC/PL07/163_07.AT3	13488	e6834436ef80bd04022641753653d35e5393288d685ee90293ac7cbed3857665
PSP_GAME/USRDIR/JPN/SCE_XA/MAGIC/PL07/166_07.AT3	9024	e592ca8b8def35c348c073bbdee130a66bba4aff9b385c6ac6b230283d6c4094
PSP_GAME/USRDIR/JPN/SCE_XA/MAGIC/PL07/167_07.AT3	9024	3b51323a9f5b3c3879d68c2c9ee470494340f888bfe510967d5a30c0ae767235
PSP_GAME/USRDIR/JPN/SCE_XA/MAGIC/PL07/168_07.AT3	9024	80c7cb927b4e72a4a3c91376343537c409a460fa2458f93cd0a021a87e6e4b9e
PSP_GAME/USRDIR/JPN/SCE_XA/MAGIC/PL07/169_07.AT3	13488	161bd2d438b2a63fb10140e7cd4cfdd1f954e86350cf8dbf36bc285d30eddf9f
PSP_GAME/USRDIR/JPN/SCE_XA/MAGIC/PL07/172_07.AT3	13488	dea40bdd7ccd18ac8b8c6144762f57d973ca21877c5111e0097f7d48f02ec4c2
PSP_GAME/USRDIR/JPN/SCE_XA/MAGIC/PL07/173_07.AT3	17208	5ed88db9e06510031abf10eb43c3da6fa685f572a1b6809a1599f394ca4257ea
PSP_GAME/USRDIR/JPN/SCE_XA/MAGIC/PL07/216_07.AT3	13488	eb6b5f1023daf21b5aa0a1d90025645dbaeaee98c0424e5b1a2ed99a957a5de9
PSP_GAME/USRDIR/JPN/SCE_XA/MAGIC/PL08/004_08.AT3	17208	1a54a24da3397456d68511c92442163ab2465ffdccf64bae5a6ba503dfa70470
PSP_GAME/USRDIR/JPN/SCE_XA/MAGIC/PL08/005_08.AT3	13488	04a0cf22cf3bf02dc229f1ebd6906af93230d1a4e17402715f1a8dd0233a978e
PSP_GAME/USRDIR/JPN/SCE_XA/MAGIC/PL08/006_08.AT3	17208	1431364a1c0d748ab7f58f18a6adc4057b6a17790a8dac56918723925a5e5b5e
PSP_GAME/USRDIR/JPN/SCE_XA/MAGIC/PL08/021_08.AT3	17208	c332b07d1343bc6de815fa439c1d2f17e9a1b6c4a856e60f4230c6cc75084bdb
PSP_GAME/USRDIR/JPN/SCE_XA/MAGIC/PL08/027_08.AT3	13488	45ea0cbea0185e3052382c15f54bd3b2ecf16d125554fd637a059627fd79a068
PSP_GAME/USRDIR/JPN/SCE_XA/MAGIC/PL08/029_08.AT3	17208	67ceb46630b5e05664f65155358930d5dfd8d73a9a24e3c628742cd2b0220632
PSP_GAME/USRDIR/JPN/SCE_XA/MAGIC/PL08/030_08.AT3	17208	74da1e0d93b9070db95d8f4bf37aeaf86e51231ce56f0ba69a13f1fe3855fdba
PSP_GAME/USRDIR/JPN/SCE_XA/MAGIC/PL08/031_08.AT3	13488	455c55f7285d4de56c99ed6bd1500086ac3f0b874525d84f85a5b198fca22564
PSP_GAME/USRDIR/JPN/SCE_XA/MAGIC/PL08/032_08.AT3	5304	11a4435686f8a50c2e33568126affc1a88d3eb48c31503bfa3051ae71cdaf90b
PSP_GAME/USRDIR/JPN/SCE_XA/MAGIC/PL08/033_08.AT3	9024	83ac7b17ca3b1306cac5ea45d26f8dd50c876ed68acd7ef505fb260e71af1f61
PSP_GAME/USRDIR/JPN/SCE_XA/MAGIC/PL08/034_08.AT3	9024	3117f5581cf2fa3c79342a561a3c6a0bd661316859dd28fb2d0b4b83d4ead069
PSP_GAME/USRDIR/JPN/SCE_XA/MAGIC/PL08/035_08.AT3	17208	d1f14d37966939ee4d7baea08390785d637de3a3e2bb7f89d2936da01f8359b8
PSP_GAME/USRDIR/JPN/SCE_XA/MAGIC/PL08/036_08.AT3	9024	399597f5ebed47c5bece5280532af108f6e7e73f1aa9e95f364d471643b577dd
PSP_GAME/USRDIR/JPN/SCE_XA/MAGIC/PL08/037_08.AT3	21672	8d2607a3bcde437fef0edfdccf1dd50b2a63ac6d19bb0d9b6fdb30c098148bd9
PSP_GAME/USRDIR/JPN/SCE_XA/MAGIC/PL08/038_08.AT3	17208	489fd0cd1093e8654a74710cb47fb6989a0ee3d3cdc67763bb2fd119f0d2afee
PSP_GAME/USRDIR/JPN/SCE_XA/MAGIC/PL08/039_08.AT3	17208	f4fbd12d77bba651a342337db173ba56c9d7dbf48e54a27a0117d8a79352c510
PSP_GAME/USRDIR/JPN/SCE_XA/MAGIC/PL08/040_08.AT3	13488	a3d829b1e00644106ae93184bd881c22b63ae246c9c9ea399244bdeb1b8403ed
PSP_GAME/USRDIR/JPN/SCE_XA/MAGIC/PL08/041_08.AT3	17208	101abe3becaad2438389e242865ae4334f8faa1dc3ad9b691789f846c50899ca
PSP_GAME/USRDIR/JPN/SCE_XA/MAGIC/PL08/042_08.AT3	17208	94215fe822956701fd18988a228bf58062e80ae8e98dde56223604d9814494c7
PSP_GAME/USRDIR/JPN/SCE_XA/MAGIC/PL08/043_08.AT3	21672	7bb6f5788b72ed11a5465f77a7bfd4332cfa2a4a4abe7fcf424edf9ceb4b51b4
PSP_GAME/USRDIR/JPN/SCE_XA/MAGIC/PL08/044_08.AT3	21672	f4413f38848ff8571608b3bf5cdea40480080bf46e9f259bfdc6696c9fe919a4
PSP_GAME/USRDIR/JPN/SCE_XA/MAGIC/PL08/045_08.AT3	21672	a4d2f82fba4ae39df8dbb7d0e674d14cd8c729bafda9a5e432dd18ed6a499b42
PSP_GAME/USRDIR/JPN/SCE_XA/MAGIC/PL08/046_08.AT3	21672	1b4752694b9023d893bdfa408c6d7dbee88288ed2290b6e76ec89ba6590335e2
PSP_GAME/USRDIR/JPN/SCE_XA/MAGIC/PL08/047_08.AT3	17208	a96c7a925bfe440e49d18a10c37a7621fe9a9ea5c9c9059e98c43900fc2db3ed
PSP_GAME/USRDIR/JPN/SCE_XA/MAGIC/PL08/048_08.AT3	25392	04c179aa598d549f775f09bb794c69113bfd330d28531c952938cc8005df23a7
PSP_GAME/USRDIR/JPN/SCE_XA/MAGIC/PL08/049_08.AT3	17208	c631aaaef2060e3e13e735575bd41459769e2370a761410a2526a7e25b9d6b46
PSP_GAME/USRDIR/JPN/SCE_XA/MAGIC/PL08/050_08.AT3	13488	f4dfa33ad8a7ffdf3aac0cf0f14de74dce87ae3405ebfd184b129a68470ea39e
PSP_GAME/USRDIR/JPN/SCE_XA/MAGIC/PL08/051_08.AT3	13488	8fb344994865d6c40f125db6165d7727ea5bca722186d2ba02e8d5d805378a01
PSP_GAME/USRDIR/JPN/SCE_XA/MAGIC/PL08/052_08.AT3	13488	54365ed5f8171ea9a45ee464ee542222cdeac2434138de15057faf06b55929bd
PSP_GAME/USRDIR/JPN/SCE_XA/MAGIC/PL08/053_08.AT3	21672	2c7eb1908e7a68a3fb3b337878f326504ba587b652828414df290da84614c5c2
PSP_GAME/USRDIR/JPN/SCE_XA/MAGIC/PL08/054_08.AT3	13488	2b2452b4c971224a5efc86e9f3feeb4c5c4fcd5831893394943fad185e915524
PSP_GAME/USRDIR/JPN/SCE_XA/MAGIC/PL08/055_08.AT3	21672	b8af50339d9881412cf40ffe670b4578029f24b11b65154fe9fc3dd5d193b801
PSP_GAME/USRDIR/JPN/SCE_XA/MAGIC/PL08/056_08.AT3	13488	634f0f7874bb36ed06264bf1f6095e01b3d14c84dd7811dc6652e1e16cbbd460
PSP_GAME/USRDIR/JPN/SCE_XA/MAGIC/PL08/058_08.AT3	13488	cfc06f2ef48c332a8107c4b481811718b9bc07f3b77b64eb982550fabacd5339
PSP_GAME/USRDIR/JPN/SCE_XA/MAGIC/PL08/059_08.AT3	17208	8bd1b51d6e7168616374f5f70c280ef6dbbdaa401e5b05b2bc966c1ec0cdee8f
PSP_GAME/USRDIR/JPN/SCE_XA/MAGIC/PL08/061_08.AT3	13488	76a239feb637037fe2cd272ee196765d2343f8b31796260a8bcc49b9c6ed057d
PSP_GAME/USRDIR/JPN/SCE_XA/MAGIC/PL08/062_08.AT3	25392	b4175c81225e38e995c4ba43b07d18009558edfe51ae8da7b46b7b7858f94d21
PSP_GAME/USRDIR/JPN/SCE_XA/MAGIC/PL08/063_08.AT3	21672	34f5074038b4581d98e2126476c7a27e9cb1c0d51db2ea9c7ca23ab59def5eac
PSP_GAME/USRDIR/JPN/SCE_XA/MAGIC/PL08/066_08.AT3	13488	dad90ec37cba04c802cc8a674ce26934e42616da31bdfe33e4d22b16921e7d91
PSP_GAME/USRDIR/JPN/SCE_XA/MAGIC/PL08/067_08.AT3	13488	795c1f68ad64d6eb0ab1f2c091aa910fc32612266839c2fbf098f3c1fb50ed8c
PSP_GAME/USRDIR/JPN/SCE_XA/MAGIC/PL08/070_08.AT3	13488	f898c453b1aaa01c8631ad6346d449bb67051945fd4bf333578c28dceba88090
PSP_GAME/USRDIR/JPN/SCE_XA/MAGIC/PL08/071_08.AT3	13488	8dd805eb6d44eafb0c0b01f1c276ac8e8483294cee65958e4837f2d0f3b84c89
PSP_GAME/USRDIR/JPN/SCE_XA/MAGIC/PL08/072_08.AT3	21672	405c6d973ca2856471539998f5d4bda4c30404ac34c060fb067be9b7371d4595
PSP_GAME/USRDIR/JPN/SCE_XA/MAGIC/PL08/073_08.AT3	13488	024251c3b560553c0bdb1220c5d8e008a31e03aa2b991786a0629a22585ab579
PSP_GAME/USRDIR/JPN/SCE_XA/MAGIC/PL08/074_08.AT3	17208	d1180d6a5ddd837a1c102feca34e29c1272b2252c7675e6d167422598b54cb35
PSP_GAME/USRDIR/JPN/SCE_XA/MAGIC/PL08/075_08.AT3	13488	bb5cb98bcdeb3efd0c1d9fe48ca91095f3cb05129bec0f953d6637aac1e19161
PSP_GAME/USRDIR/JPN/SCE_XA/MAGIC/PL08/076_08.AT3	9024	d76dfbeccdcf47d222cb559ad90a3f29e1aa842aada62c92a9b0b7953c8d7ce7
PSP_GAME/USRDIR/JPN/SCE_XA/MAGIC/PL08/077_08.AT3	13488	67c0f2a32575927430966a0bd2dfd1964943cb852cceea8f88b65a63aa732d6d
PSP_GAME/USRDIR/JPN/SCE_XA/MAGIC/PL08/078_08.AT3	13488	e508a9c73bda038a87d693ed7304d8c2a0c9648e6e0bfd14b719e4ea372d322e
PSP_GAME/USRDIR/JPN/SCE_XA/MAGIC/PL08/079_08.AT3	13488	4717b9773d5bbb2cc57ed0a97938c4233c7e29fee99bdce6daf1727b8021c73f
PSP_GAME/USRDIR/JPN/SCE_XA/MAGIC/PL08/082_08.AT3	13488	cc0521280535d8ce5ea6abea46cc29d14dcab63339d00c72145160d5e59520cc
PSP_GAME/USRDIR/JPN/SCE_XA/MAGIC/PL08/083_08.AT3	13488	51b0805c4da00e8eef9d3f0886e432d562c32f77793bf373d05e86d7223171b0
PSP_GAME/USRDIR/JPN/SCE_XA/MAGIC/PL08/084_08.AT3	13488	ece54b18e8b3f4351c6779fc984943df734a2462cfb43f5d75ef0534027cbdbd
PSP_GAME/USRDIR/JPN/SCE_XA/MAGIC/PL08/085_08.AT3	17208	86d605a2309b63c6310f334d2454cc9d3b4f0e8323042960bd7509f39b5510a2
PSP_GAME/USRDIR/JPN/SCE_XA/MAGIC/PL08/086_08.AT3	13488	ea8f5a2223c03be6f8c0177a45a992e054334d01bced8e1210c67084aeb125ad
PSP_GAME/USRDIR/JPN/SCE_XA/MAGIC/PL08/087_08.AT3	17208	2935262fd93c91bb843ac2b841182f13f9956776d8da6d541dec1c039b3fa4c2
PSP_GAME/USRDIR/JPN/SCE_XA/MAGIC/PL08/088_08.AT3	13488	a795e12bf1007d7cb0b181aa189c929f5ab21a8d08e8df0f380ce1dbc1b259c7
PSP_GAME/USRDIR/JPN/SCE_XA/MAGIC/PL08/089_08.AT3	17208	9b19ea53d16ca58a81945663558ab7240ef2ba9de1fd4ed9cf7cbbeed586e6c6
PSP_GAME/USRDIR/JPN/SCE_XA/MAGIC/PL08/090_08.AT3	13488	d3324bbf5fd328dd7864f0f02f972995a24bb5c93d9ef175092fd5721fa43217
PSP_GAME/USRDIR/JPN/SCE_XA/MAGIC/PL08/091_08.AT3	13488	896b144038e5ca393fe0ce57e7bd90f78341cb7caccdbf5b1c473a55ee338913
PSP_GAME/USRDIR/JPN/SCE_XA/MAGIC/PL08/092_08.AT3	13488	644171d3fd076ad19b0509ec7f648f9c8cdae4de34316e28297dedb474c2573f
PSP_GAME/USRDIR/JPN/SCE_XA/MAGIC/PL08/093_08.AT3	17208	52b71f34c8f7093b2754d8696564147af45f805bf604842e72a340de13bf4d18
PSP_GAME/USRDIR/JPN/SCE_XA/MAGIC/PL08/094_08.AT3	13488	13271aa3ef1fb6584c1d7a44528fcf284e7b61cc6e94c2b65c024eb95792b8eb
PSP_GAME/USRDIR/JPN/SCE_XA/MAGIC/PL08/095_08.AT3	17208	55dbf39f9b672c8b9502a923d15c7aa021a87d65337665cfb8faacf0ace0cc2b
PSP_GAME/USRDIR/JPN/SCE_XA/MAGIC/PL08/096_08.AT3	17208	a16d2c610f0df9bc55eb9c70b9cb649890658335382ee42233f1564d8efed0e5
PSP_GAME/USRDIR/JPN/SCE_XA/MAGIC/PL08/097_08.AT3	13488	86067b03f1a141520b5c2cad211bb0cc32943882ad5f82ff716403c56facdbe2
PSP_GAME/USRDIR/JPN/SCE_XA/MAGIC/PL08/098_08.AT3	17208	ee64545f8adebe9cf30d82d8cdcbb322c4880618fa4b5cf1e5d6eb8e23956423
PSP_GAME/USRDIR/JPN/SCE_XA/MAGIC/PL08/099_08.AT3	17208	4573d2c8680caddb9351eb43761d7fa7f6597c2bf6c782d509a54f204608403f
PSP_GAME/USRDIR/JPN/SCE_XA/MAGIC/PL08/100_08.AT3	13488	c9ef11b8b596b0fc8ef63722451d9a0dc931d57f2e94f7a2a74d0183b02ba2b8
PSP_GAME/USRDIR/JPN/SCE_XA/MAGIC/PL08/101_08.AT3	17208	e53098ee91200a9dd6c803b9f47d6c4c19da9a4c6795f95dfe4c0e7f3d37fc76
PSP_GAME/USRDIR/JPN/SCE_XA/MAGIC/PL08/102_08.AT3	21672	0c5d673008d704108d30b95621e4a0ab034921eb01841e339ecbdaa19f3a3346
PSP_GAME/USRDIR/JPN/SCE_XA/MAGIC/PL08/103_08.AT3	13488	298c24c41200ecaf5f2fad5e8f6163fcc4e29a207614070c94bf5754a09b5b0b
PSP_GAME/USRDIR/JPN/SCE_XA/MAGIC/PL08/104_08.AT3	17208	40a74d69adedca5df81e7dd96cff944589be3e014b5f0f1d5e245a94fea8c8a0
PSP_GAME/USRDIR/JPN/SCE_XA/MAGIC/PL08/105_08.AT3	13488	e374feb6112088ce4daa46acb8835988a71e3b8074c90d5d36566cfed0e88975
PSP_GAME/USRDIR/JPN/SCE_XA/MAGIC/PL08/106_08.AT3	13488	7606269b57652d50c01605bd726550b05a72f93f0036ad2e585dfb37ba239c11
PSP_GAME/USRDIR/JPN/SCE_XA/MAGIC/PL08/107_08.AT3	17208	4d317d8a79e025d8d3f4d5e05e5a9ed93cf4c17c4cac8cb70539a74933f01d8c
PSP_GAME/USRDIR/JPN/SCE_XA/MAGIC/PL08/108_08.AT3	9024	f5203483f688a2c641a2368704f922a3d70cd71f3f1602dd9d5c2d086891ba88
PSP_GAME/USRDIR/JPN/SCE_XA/MAGIC/PL08/109_08.AT3	21672	63dd2b2f78f2bd0805d87674dfc9422e4f67f2c609e6d04f2312973996c64403
PSP_GAME/USRDIR/JPN/SCE_XA/MAGIC/PL08/110_08.AT3	17208	4b2b74ff7c630268e6cfda92c38c14417e2c72d7d5888059e573cd511f6ab687
PSP_GAME/USRDIR/JPN/SCE_XA/MAGIC/PL08/111_08.AT3	17208	3b84e2fe9bbd5d7b2597d909b3e62db0f8a7ce251e1f72afb1184d19b74497ba
PSP_GAME/USRDIR/JPN/SCE_XA/MAGIC/PL08/112_08.AT3	13488	d46703b14dad93411471aaa5cda6945aeccaeba1da2a82992da8c03171a06218
PSP_GAME/USRDIR/JPN/SCE_XA/MAGIC/PL08/113_08.AT3	21672	bca009f588154d7ad96821e55debdafcdc2f77b2379ff94c32e165e928150d47
PSP_GAME/USRDIR/JPN/SCE_XA/MAGIC/PL08/114_08.AT3	17208	f845ee1e44e7c53c9fa0529d793ed062f62d9be1d463c72d3c1d80d6cccc78c7
PSP_GAME/USRDIR/JPN/SCE_XA/MAGIC/PL08/115_08.AT3	17208	c9714fa071a8b079f709e4203f820f1ff55854be9e478cbd16a6059365727e06
PSP_GAME/USRDIR/JPN/SCE_XA/MAGIC/PL08/117_08.AT3	9024	18cd260436634a8f7d5856e960f9af3f9c16d302e9cb6a98cc9955c11b6284dd
PSP_GAME/USRDIR/JPN/SCE_XA/MAGIC/PL08/118_08.AT3	13488	832b760d900b7b824e55688195c66c223618d9f231a79b49d97a03fe41ba2cdd
PSP_GAME/USRDIR/JPN/SCE_XA/MAGIC/PL08/140_08.AT3	17208	93767ef6308efedc031087e43eb09e2b6e8d369dc3bea0727c64e22048f2ee69
PSP_GAME/USRDIR/JPN/SCE_XA/MAGIC/PL08/142_08.AT3	13488	4eeb16f55ba2c77ef1c6e4131c3a6fc7b534771e01fee6ccdbc87b38b1408c9a
PSP_GAME/USRDIR/JPN/SCE_XA/MAGIC/PL08/143_08.AT3	13488	ecf3fccd767a8233b46e57faf0a86bb9f138460d4c09f99062a9e5a950da67a0
PSP_GAME/USRDIR/JPN/SCE_XA/MAGIC/PL08/144_08.AT3	13488	881f7e49a2314e94710dcba61cd9628f5256928f59ef053144afeb0104528d7f
PSP_GAME/USRDIR/JPN/SCE_XA/MAGIC/PL08/145_08.AT3	17208	8a47eecaa4d7f91c7ffce3b77dc6f467f9dd6e188f47029f8f44bd4c4d0697e7
PSP_GAME/USRDIR/JPN/SCE_XA/MAGIC/PL08/147_08.AT3	17208	175ecbc8aeba3b05c0601871753153a21bd1217d619a23b98a9041e1a9d1b616
PSP_GAME/USRDIR/JPN/SCE_XA/MAGIC/PL08/149_08.AT3	13488	b85fe109388b4bdcc319ffa7dfdbcce6d60ff572a8944d1d390db0aa36c19c3a
PSP_GAME/USRDIR/JPN/SCE_XA/MAGIC/PL08/152_08.AT3	9024	34831f1176352603878108466bd6376843d2ba36e7ec0df6f1a84b1e6b6ab723
PSP_GAME/USRDIR/JPN/SCE_XA/MAGIC/PL08/153_08.AT3	9024	dec86d672ce4105eae08dca64f8034efffe063399d0f43a33bd54627a64fe774
PSP_GAME/USRDIR/JPN/SCE_XA/MAGIC/PL08/158_08.AT3	13488	d87a54db7ada4f109dac8381c1c15fb065712d31642700ae424e36bdb5c60a05
PSP_GAME/USRDIR/JPN/SCE_XA/MAGIC/PL08/162_08.AT3	13488	c29bc66dbc93bed799e42be3862723fea97d72a322e139bfa371af22fc86a5ef
PSP_GAME/USRDIR/JPN/SCE_XA/MAGIC/PL08/163_08.AT3	21672	c773e4342afc65eab73ed4567adcc75b565c6bea52189c2a4e151a4a5bb7b13a
PSP_GAME/USRDIR/JPN/SCE_XA/MAGIC/PL08/166_08.AT3	5304	f15ddab180ca0a779e28084b4321c86d8682e403e4686e49d5485005db7d5e94
PSP_GAME/USRDIR/JPN/SCE_XA/MAGIC/PL08/167_08.AT3	13488	d87a54db7ada4f109dac8381c1c15fb065712d31642700ae424e36bdb5c60a05
PSP_GAME/USRDIR/JPN/SCE_XA/MAGIC/PL08/168_08.AT3	13488	c29bc66dbc93bed799e42be3862723fea97d72a322e139bfa371af22fc86a5ef
PSP_GAME/USRDIR/JPN/SCE_XA/MAGIC/PL08/169_08.AT3	9024	56c81823870d79189fa311c75b7c5cfa5d98e39fc62ddf7a9ecea2690deae1a3
PSP_GAME/USRDIR/JPN/SCE_XA/MAGIC/PL08/172_08.AT3	13488	833c144de87c0eaf68ee7af2e97e42a368d2f319d987f5fbc2a42b84a6e3c759
PSP_GAME/USRDIR/JPN/SCE_XA/MAGIC/PL08/173_08.AT3	13488	082bd203af4f2467ee2e8aed2e8f8509dfef41d0d1b5f1061ab08f77f0f4de54
PSP_GAME/USRDIR/JPN/SCE_XA/MAGIC/PL08/216_08.AT3	9024	e8c7a1a32698a4ec4eaee8c5a2beded2d16e58eefe6cf22ec8bafb579e148982
PSP_GAME/USRDIR/JPN/SCE_XA/MUSIC/AKURYOU.AT3	125832	86fd8a3fb237f114984705e6917742aced3ab24eaa626e1c8717066b4b6719c3
PSP_GAME/USRDIR/JPN/SCE_XA/MUSIC/DRAGON.AT3	78216	a804d289dcf9bc5fbe4c3668a84ca7589d880cd461e3b39acf885c558f775e31
PSP_GAME/USRDIR/JPN/SCE_XA/MUSIC/GAAN01.AT3	33576	f97f3675b20cb7cc5ceec943225ac9653a8ad419b11cc1f5c121dc3779ca28d4
PSP_GAME/USRDIR/JPN/SCE_XA/MUSIC/ITEM01.AT3	37296	7a2180295245eab921f53fb950d64f4b09501ece5d897b5dc796a4dc8f858553
PSP_GAME/USRDIR/JPN/SCE_XA/MUSIC/KARA.AT3	4318272	918e3b391d37f580d56a91d5e5dce611a676f7f91bc3ac3ec2aff47b35bb912b
PSP_GAME/USRDIR/JPN/SCE_XA/MUSIC/MIMI01.AT3	89376	0646b9f24024aed1572247b9b42f958487186261c1f08413146ae408a7e69777
PSP_GAME/USRDIR/JPN/SCE_XA/MUSIC/NAKAMA02.AT3	49200	736c3d2e2933faab87ffe0cd23052722f7324d46ecc45b570bf51705402c58ff
PSP_GAME/USRDIR/JPN/SCE_XA/MUSIC/OYASUMI.AT3	81192	0f342823911d719a62e12c9ee41f910e907de318c3130c1c9fab327547d1025a
PSP_GAME/USRDIR/JPN/SCE_XA/MUSIC/PURE.AT3	4312320	9590530017fd517f69fc9fb6ca6cbf22d6dff3648627274b05b6b78d984c58ff
PSP_GAME/USRDIR/JPN/SCE_XA/MUSIC/SIPPAI01.AT3	41760	196161fb89972b34d0a9a697efee4ee6aec3e5595adc851fd9c00b3803872533
PSP_GAME/USRDIR/JPN/SCE_XA/MUSIC/WIN.AT3	33576	1cd09b4b45bbe357711f2824535b444e4de7f604a9e064d3a2d2ee81c8ae1462
PSP_GAME/USRDIR/JPN/SCE_XA/OTHER/WHISTLE.AT3	31344	9462063467db1c2bd01b27768792a240656a9f03ce3e72de6f9d632892d5ca96
PSP_GAME/USRDIR/JPN/SCE_XA/VOICE/NA01.AT3	122856	7e6eea517e4b9594872fc0179f6efd31b65fd324fe5d5c670f1cb43c421d5274
PSP_GAME/USRDIR/JPN/SCE_XA/VOICE/NA02.AT3	108720	6d652031ec19f1e8af0e16f5f7ce2ec9ce2bbcdf9f84612708dc306e733db76b
PSP_GAME/USRDIR/JPN/SCE_XA/VOICE/NA03.AT3	105744	dc33323ec14fdc58dec94eb93f478676912adaae6c652516f592fa81bada119b
PSP_GAME/USRDIR/JPN/SCE_XA/VOICE/NA04.AT3	103512	632947dbea36d5b596c497ea5677b74315686486bc09e3246a3b168fcb4db844
PSP_GAME/USRDIR/JPN/SCE_XA/VOICE/NA05.AT3	73008	e1144c69c18f6f4722b37970e834fb5c758fd7875cabd6bdd61cea8b6e8358ee
PSP_GAME/USRDIR/JPN/SHARING/BOF3GS.BIN	2919904	20016eb1094b386836399ec6b6b7fdffcaad1262c0f7574699480963eef22e86
PSP_GAME/USRDIR/JPN/WORLD00/AREA000.EMI	831488	6496448c57b01adbacfecd8ecc0120fe502ac63017355c15fccb5844d6e1f12f
PSP_GAME/USRDIR/JPN/WORLD00/AREA001.EMI	811008	72dc533b271f3939695273e27dbe65d17fa6beafd312e1f38a25c234862401bc
PSP_GAME/USRDIR/JPN/WORLD00/AREA002.EMI	804864	36282c1f0b1adbbba2070f10974dce1cadb68eeddb13751a160e04fc170a2590
PSP_GAME/USRDIR/JPN/WORLD00/AREA003.EMI	774144	7ce553c9f79b77cc1e43152c952027c1af92c20817a350f6664707bd83839b5c
PSP_GAME/USRDIR/JPN/WORLD00/AREA004.EMI	884736	7624e709f8ce49c7f4b19a9743923f6ee0bc99fe53cad27b5e92e0cd5339a6fa
PSP_GAME/USRDIR/JPN/WORLD00/AREA005.EMI	702464	ef831472dd708041e3f11a3ce600330209bb20913bf8c81a9bc4f1b47da4e951
PSP_GAME/USRDIR/JPN/WORLD00/AREA006.EMI	796672	03cd805606160a3d163bb0a0c8721f3b64e4ac89958665658ff2603f1f88b568
PSP_GAME/USRDIR/JPN/WORLD00/AREA007.EMI	733184	682b71ddcca43c6952b80049283d5fd6b7474d5b616b4dd4736fe67ad4dad6e3
PSP_GAME/USRDIR/JPN/WORLD00/AREA008.EMI	786432	73b29b59b75bf0376e9049dd15ca7c9ae8643f19dbb0ca947a0c872ccf2bd419
PSP_GAME/USRDIR/JPN/WORLD00/AREA009.EMI	765952	9e9f9465f62bfbb7e13c50ff2f4330a3fbde739f9c1fcff241af755f56ec76bf
PSP_GAME/USRDIR/JPN/WORLD00/AREA010.EMI	804864	020665079beb88310409833e01b650d22aad99cc62c971b3c744725c5d2f4778
PSP_GAME/USRDIR/JPN/WORLD00/AREA011.EMI	763904	57f8011f786171f76be3c295ff9281b334ec5a52b560a17b4cb30e801ac6a65b
PSP_GAME/USRDIR/JPN/WORLD00/AREA012.EMI	724992	cced06fc2a575671f731af41a7bc96a91fc4ea1aee257907c1912f82b521f5c0
PSP_GAME/USRDIR/JPN/WORLD00/AREA013.EMI	733184	5518a1f0c45c1a063c5e181b768562a385ab21fe5a92fb022e828c80fdc59c78
PSP_GAME/USRDIR/JPN/WORLD00/AREA014.EMI	722944	d7e9422bbfbe1c054637884f4bac230d03e9e7db98c21b98fe6c942643078260
PSP_GAME/USRDIR/JPN/WORLD00/AREA015.EMI	671744	020b770b3ba0f0ef9cdd0adf2332d6aa8bd826fd1ad0f2a3c14c81fb591c20a4
PSP_GAME/USRDIR/JPN/WORLD00/AREA016.EMI	811008	f01c24705225e9d525c7c1639a3b8c8c3689e60bb9ccf70693b0262ca9d06667
PSP_GAME/USRDIR/JPN/WORLD00/AREA017.EMI	651264	a875ff23406fb62a0833b74534ac9e67541bd580e3be7e9be6258197bc664c41
PSP_GAME/USRDIR/JPN/WORLD00/AREA018.EMI	798720	1815cc1dddce168fb894eda45a60248f9eca14326edea81822328b68231fb74d
PSP_GAME/USRDIR/JPN/WORLD00/AREA019.EMI	641024	3dae3f65beb07ca349cc14739c1689c68530ac22ac9e8979802251d198af91f8
PSP_GAME/USRDIR/JPN/WORLD00/AREA020.EMI	790528	90588b1d4bd12d0bf8abd84607d9298d232a199cca215cfabe53febdb5b103db
PSP_GAME/USRDIR/JPN/WORLD00/AREA021.EMI	786432	60d6d72a609ee017d78495df25179a315ad62e254d08c4434122228fd05b8db3
PSP_GAME/USRDIR/JPN/WORLD00/AREA022.EMI	849920	d086aa42a077d3bca03fdb88da42113634948a576387a2af684b0a4997e5a149
PSP_GAME/USRDIR/JPN/WORLD00/AREA023.EMI	866304	76dcdc22c6d2dcd71e0917299a250f7f03981c342491ca565205adda1fea5b5d
PSP_GAME/USRDIR/JPN/WORLD00/AREA024.EMI	894976	7cc1c169eaa001305fca65cb066445fc76610204b229bf6f4e339c10b6eb15c8
PSP_GAME/USRDIR/JPN/WORLD00/AREA025.EMI	782336	c3a6d2c543bc19e7d3e1e8934850e517025699572582855e47c555af24c4d394
PSP_GAME/USRDIR/JPN/WORLD00/AREA026.EMI	833536	3b260867daf00a88bec84905553a96877ca713a8573a86319a56f022d55666b6
PSP_GAME/USRDIR/JPN/WORLD00/AREA027.EMI	839680	1154d537beebcab3b615bfd9fa3155a109053d21a728ef372a9f0025fba9e213
PSP_GAME/USRDIR/JPN/WORLD00/AREA028.EMI	841728	19d1788d52d23826af52ee8c4ea4d28b54f8313846120c7edca8013601e21ebf
PSP_GAME/USRDIR/JPN/WORLD00/AREA029.EMI	800768	184c684553699e8fbef70a618c17c5674582fafd1744b430f5be0c171cc74b77
PSP_GAME/USRDIR/JPN/WORLD00/AREA030.EMI	1007616	8a056eba59d923721ccd9bce4b1e0ee6d1f4f65844e554d8242bbb4cb79f1fa5
PSP_GAME/USRDIR/JPN/WORLD00/AREA031.EMI	768000	eb2299d0080334509d560507294aa54a60ecc648d691c95122097489534b48ed
PSP_GAME/USRDIR/JPN/WORLD00/AREA032.EMI	851968	7a4dc495cdb5ea6b4bb163aafc30e00ca6ecb10a278ff78df59f5e4d56c084f0
PSP_GAME/USRDIR/JPN/WORLD00/AREA033.EMI	811008	205d51e318f636812e6b60e823f729218af446ba5c179460cb85bd4e1657b38c
PSP_GAME/USRDIR/JPN/WORLD00/AREA034.EMI	663552	cc071582410a1c06d0b021ba65f3b2963069b7519d00aee5b2cd55801fc18c98
PSP_GAME/USRDIR/JPN/WORLD00/AREA035.EMI	714752	9bad124fd859dfacc474c1193fecff5d71dd5726310f736a0412bc88d5980eff
PSP_GAME/USRDIR/JPN/WORLD00/AREA036.EMI	620544	83b9c977c5ba454c1bfdff4b8886a79656ecb71ec5c434c679bbfe962c113da3
PSP_GAME/USRDIR/JPN/WORLD00/AREA037.EMI	841728	615b50d6bb61a9839a6e1c1ff8c3b37a4d0bda7d11a20554aee17718cf9642b0
PSP_GAME/USRDIR/JPN/WORLD01/AREA038.EMI	811008	c503c32d4d24a62cd1e73a17c8e6b76d8fac59a8296978c322a37dafeb6bf61b
PSP_GAME/USRDIR/JPN/WORLD01/AREA039.EMI	823296	8f7550bd9cb708a6a618ff874dd3d7017d5fb42a6b32d138e38f3aac3328cf9f
PSP_GAME/USRDIR/JPN/WORLD01/AREA040.EMI	802816	0be7f2cb0d6df4e4eafe39d98550f9ce8adff6bfac491640880f739bd0848fdc
PSP_GAME/USRDIR/JPN/WORLD01/AREA041.EMI	829440	131668c4751fdeeacfca13d3aba37b7bc5e9955db7cca1f728cd536c22cfedc3
PSP_GAME/USRDIR/JPN/WORLD01/AREA042.EMI	794624	9b6acf7345ebcc4705359710da9fa031ff8e691df49d91c527845dba6f2e9039
PSP_GAME/USRDIR/JPN/WORLD01/AREA043.EMI	761856	e0094234e308375a220d5c07dfddd704d17afdc444f83798ed1b0c87977794bf
PSP_GAME/USRDIR/JPN/WORLD01/AREA044.EMI	845824	59c959d8b271cad18feb41d827dd84a3aecdf10237a1bff32dfcfe8aecfc2fc1
PSP_GAME/USRDIR/JPN/WORLD01/AREA045.EMI	815104	8efa2140bbe0e26553e9864d97f1903ca1b7afc04b70f409d11eb3d13590cd95
PSP_GAME/USRDIR/JPN/WORLD01/AREA046.EMI	815104	ba2064795f1e530e2fedce8d7af3f048dbb9018c07d3dd957436726446ef2d40
PSP_GAME/USRDIR/JPN/WORLD01/AREA047.EMI	768000	0b95ebd3cf33764ff6a3af13324cd4964b1db4d12cb285a91879016d26e3cee9
PSP_GAME/USRDIR/JPN/WORLD01/AREA048.EMI	854016	2a71b572ca9b4a3b4591e74468e206df1e8875a387cce0feb85a08cf82d71545
PSP_GAME/USRDIR/JPN/WORLD01/AREA049.EMI	837632	53c683057cc6b244a56cf5c5fce5db126d200dda23d4c5a1acc40bb591ce0a09
PSP_GAME/USRDIR/JPN/WORLD01/AREA050.EMI	755712	4d48ffc0fca24f64e6fd58f753f4fb91314d2dd636a74dd8a7333a9f41872afe
PSP_GAME/USRDIR/JPN/WORLD01/AREA051.EMI	733184	2f7bfc3a921037429262219bf33edb6808fed8a3c75f810704cb484f37fb93f0
PSP_GAME/USRDIR/JPN/WORLD01/AREA052.EMI	823296	20e7d5521cc2387b92fce4e341623e380a985ab940ec3ad042c01474dca4cf4c
PSP_GAME/USRDIR/JPN/WORLD01/AREA053.EMI	616448	cb253ae9746637d2662d7596efa5e4fe2d8521a87417f79e57d2d385d897272c
PSP_GAME/USRDIR/JPN/WORLD01/AREA054.EMI	815104	32925db337d789ae80c99df36e5a73e168e7a117bc119dc73b0d329bb2731d2c
PSP_GAME/USRDIR/JPN/WORLD01/AREA055.EMI	770048	1c93da218ff51881e34836fdeabbcbadefba9c98a2ead69ef006c2356910216a
PSP_GAME/USRDIR/JPN/WORLD01/AREA056.EMI	831488	421c3789bdade25a347837f00f15c9983663c935247fd974b75f822025ee7006
PSP_GAME/USRDIR/JPN/WORLD01/AREA057.EMI	839680	213bcbb03c8980453013fa1a4f11e48d903b8d3c686f8e4139be0682f458a8b3
PSP_GAME/USRDIR/JPN/WORLD01/AREA058.EMI	827392	137b3643a607c64709f946b8f03e89ae62afe90deb18bf43c1c381d0c6933284
PSP_GAME/USRDIR/JPN/WORLD01/AREA059.EMI	628736	99a9218304d86ce4a1aedccb239f4cbba0157e2cf1ad1ce4fa7e0f6bd8e5133f
PSP_GAME/USRDIR/JPN/WORLD01/AREA060.EMI	806912	86eef65fa9ae1b4abd0c243f630ffcfad631b727f9452ca08bb095a0b628bc34
PSP_GAME/USRDIR/JPN/WORLD01/AREA061.EMI	774144	a9bb940015ded6ac89b30c05bf60ae438cf92dfb8a9b67e8cad2797d96367473
PSP_GAME/USRDIR/JPN/WORLD01/AREA062.EMI	782336	b0f7dd9513c33c2cae4390564c48b4ddb6da92e4e77e57139992db87b0eccf57
PSP_GAME/USRDIR/JPN/WORLD01/AREA063.EMI	792576	2dde846fa1148f6bd11d9b1a5dd6f8373225377057c189a20d59c0a508aada21
PSP_GAME/USRDIR/JPN/WORLD01/AREA064.EMI	806912	8cd935190f40fe33ce9ae50c02f6bd0f6af8ee23516776cd6ec734801dd2a066
PSP_GAME/USRDIR/JPN/WORLD01/AREA065.EMI	792576	064f195e162170c90fb3a70a31153ee298fb9739034c65b54d8f42f4a56f5558
PSP_GAME/USRDIR/JPN/WORLD01/AREA066.EMI	661504	d34ae61dbfb2c571e7908c283bfa291d29b878a3205121751f8c272be79bb5d0
PSP_GAME/USRDIR/JPN/WORLD01/AREA067.EMI	856064	fad236dcd91fd465ace1fed810ad8cf6260d0effab8522677d7c360a883f5389
PSP_GAME/USRDIR/JPN/WORLD01/AREA068.EMI	698368	b9483c2e24af965957c51a77fd3a470a59b822ea7ab7d374f3c7bcc9f68accdf
PSP_GAME/USRDIR/JPN/WORLD01/AREA069.EMI	692224	d6f5ad79911fab64b01e9395b92c80c8f5e5280ac541bfb22d08741d795cdc57
PSP_GAME/USRDIR/JPN/WORLD01/AREA070.EMI	829440	ef3050a415dd110fe68ac12dfde591df4c5b96dffdd6a448c4fd405049841499
PSP_GAME/USRDIR/JPN/WORLD01/AREA071.EMI	831488	a4e9b44b857a3ebc7be8370f8791117bdbc40786660ee7595e237f9834a6ed1a
PSP_GAME/USRDIR/JPN/WORLD01/AREA072.EMI	802816	588c813a0e716805481f850185175b29b17003b81ac8124b03c191065f1f4ad1
PSP_GAME/USRDIR/JPN/WORLD01/AREA073.EMI	823296	de5c8e0403a9eddf89bc5068ba7237660a86c6a13d8cf10a8dab2def7f5b6e77
PSP_GAME/USRDIR/JPN/WORLD01/AREA074.EMI	829440	492f1e035a2d0ad87b623164061dd8bf941af2a24a1de4d535e044d371c419b1
PSP_GAME/USRDIR/JPN/WORLD01/AREA075.EMI	804864	c38117f8ed936199fe9dcac49854243edd1444194d2d672b395203d9a16b1f10
PSP_GAME/USRDIR/JPN/WORLD02/AREA076.EMI	819200	81404d89d2eccf048122512d35e117479523d9515d7e802dd21aa878f41964bb
PSP_GAME/USRDIR/JPN/WORLD02/AREA077.EMI	833536	be4bddb6f9e7894735308b1f91d39cacd3253060f883515d37d13ca1fe43e7a3
PSP_GAME/USRDIR/JPN/WORLD02/AREA078.EMI	829440	932fc39711117f41fe5d508726d6455d79eb3a4403427316adf9b1697afc01a7
PSP_GAME/USRDIR/JPN/WORLD02/AREA079.EMI	837632	87a9512f9d2cd8d7e6d0c1240ea51964e45918c068fffc6902e08e343f8ed2d0
PSP_GAME/USRDIR/JPN/WORLD02/AREA080.EMI	835584	052069437c2c381ee654492b1610513b38ca44c39387b876b48496c47e2e7cb8
PSP_GAME/USRDIR/JPN/WORLD02/AREA081.EMI	827392	adfeaff2293b40a6f67942c80254ab097060f7f378e2b0cf7b39559396044cf3
PSP_GAME/USRDIR/JPN/WORLD02/AREA082.EMI	872448	6ba67bb98c584f8151ffe61c824540ab7333add142a6903941a6f7cd1b822a16
PSP_GAME/USRDIR/JPN/WORLD02/AREA083.EMI	860160	91b4e1cd83dbd81d18b7f4876b078aa1298a9c7255bfc533189a869f8659ae9b
PSP_GAME/USRDIR/JPN/WORLD02/AREA084.EMI	851968	39563bb1a59ae75a3fae7b21a32fb328e29d206074cf4bdfd17b9254de95a856
PSP_GAME/USRDIR/JPN/WORLD02/AREA085.EMI	833536	4d55f3ad8b230a1e836ae38576d30da6acf769783e29973d516bd6ad98fc2e63
PSP_GAME/USRDIR/JPN/WORLD02/AREA086.EMI	649216	7b30eacdad8d58c7c140ba3901ef1733652d323bd3c1ffbfb02e6e991b345d25
PSP_GAME/USRDIR/JPN/WORLD02/AREA087.EMI	808960	91673f7ca32fb2f8849cb3e34ca280ba740fdb8331d19ee19a1e4c8d0f15cdd4
PSP_GAME/USRDIR/JPN/WORLD02/AREA088.EMI	655360	0929962ff8fd983c1a5b8f48bb83b1b1dcdba78d4837525093210ca788d33730
PSP_GAME/USRDIR/JPN/WORLD02/AREA089.EMI	1007616	8a638af80f41605dfde124f18e984f56660bd86082e2e11024715d71ee60d5d1
PSP_GAME/USRDIR/JPN/WORLD02/AREA090.EMI	802816	ef3dffbe4f471c31b8513fcd8bcbffaeabb2d30426f6552fa2c633742420706f
PSP_GAME/USRDIR/JPN/WORLD02/AREA091.EMI	698368	3182e8eff0ff4f6a10a1e625d53545970d5957cc4569875fd501405414de1d60
PSP_GAME/USRDIR/JPN/WORLD02/AREA092.EMI	661504	e610e05ed49e2c773218cea93f8918f388a61a536d845f2f1c8f72ba1acc619b
PSP_GAME/USRDIR/JPN/WORLD02/AREA093.EMI	765952	6abdb23499a80b676a629e2ff41d557238a916cb3bba375e60813f64ab70ed78
PSP_GAME/USRDIR/JPN/WORLD02/AREA094.EMI	843776	ac9b8aa687863a77a4551fe25563a53deaae0774fb6dd1d5c1e744d324c24e77
PSP_GAME/USRDIR/JPN/WORLD02/AREA095.EMI	720896	a6fe596e663a1fd71fe9f360036a4249e639cfabce55529e517ed9179cab2f94
PSP_GAME/USRDIR/JPN/WORLD02/AREA096.EMI	720896	fcdcf1f07b47c15c61365f52430669604fe60270157ab326c770e430fe7e43ee
PSP_GAME/USRDIR/JPN/WORLD02/AREA097.EMI	804864	d8d25cc558ced593e90b74b77aeb61ba9a5798c2ca13738bedf3ab2b6d4ac495
PSP_GAME/USRDIR/JPN/WORLD02/AREA098.EMI	819200	7b97db576349af0b675ced0b48cfbb3c40dafb64bf8cb6ebe7b1cde761b662f2
PSP_GAME/USRDIR/JPN/WORLD02/AREA099.EMI	860160	c1c3e4ebb756d0936fa5183f49036581e8a6e5f06d66d258ca32951dfd71eafe
PSP_GAME/USRDIR/JPN/WORLD02/AREA100.EMI	774144	6fc0e6ef3b9ae4a1a0557cc7dada305fb9766edc81f596d1c8d0634260fe57ab
PSP_GAME/USRDIR/JPN/WORLD02/AREA101.EMI	645120	a0b80acd604ad2026004532de0951efce5d0145df78da6d721e44045141d5870
PSP_GAME/USRDIR/JPN/WORLD02/AREA102.EMI	655360	9e42a7dde6245656a4fe939e77942eaefeb7fc48d4598f7364a6dbe476ce527c
PSP_GAME/USRDIR/JPN/WORLD02/AREA103.EMI	841728	36bec4d287f49fe0efdc075fada4e4a1dcb67dfb128d867f51e00e7948c8e619
PSP_GAME/USRDIR/JPN/WORLD02/AREA104.EMI	817152	2aa5564972066c9545ff2124032a1f3454d5599d7e1d00cd8458fe151756f2b2
PSP_GAME/USRDIR/JPN/WORLD02/AREA105.EMI	790528	94a51725f943f3fefe5678311e5aa21d071815b6aba51ae0aa9542c32c433dcc
PSP_GAME/USRDIR/JPN/WORLD02/AREA106.EMI	792576	a76c1363423e31ac945df65936ffd727f132809c98cef916e6dccaf5de89a77c
PSP_GAME/USRDIR/JPN/WORLD02/AREA107.EMI	772096	b7afe9c43a32d0ec28f0910fb429d5e16ecb079d036db1b35a9219420bc48144
PSP_GAME/USRDIR/JPN/WORLD02/AREA108.EMI	886784	fd9771d7782e78078520659276f555c81e9977f36df45d9fbf6fb92865bc97e9
PSP_GAME/USRDIR/JPN/WORLD02/AREA109.EMI	817152	731e20ff3636c13434f973cfd1f97da0404a05efe659db7ec3c216e71ce952b6
PSP_GAME/USRDIR/JPN/WORLD02/AREA110.EMI	784384	4262d6c9c9574f97b0f5a595cad56fa45bf757c520764c3289f7070c1bfdefc8
PSP_GAME/USRDIR/JPN/WORLD02/AREA111.EMI	847872	a860b1f4a6d55625c96255e82071c0a307cb495838977377418a1d6d9495b989
PSP_GAME/USRDIR/JPN/WORLD02/AREA112.EMI	804864	426bec9376a9c7e0acefe0bd0a0974774277e2c6718a45da5f1eae717b79f8d0
PSP_GAME/USRDIR/JPN/WORLD02/AREA113.EMI	768000	65e6878d85d67e1e4f5a3bd1fac3d3d82aef179f97d60483ee0f77dcc15065fc
PSP_GAME/USRDIR/JPN/WORLD03/AREA114.EMI	780288	ebff4152d805ecd2974721af2119697ef0ee0660f7ea40a73f7e3fbcbc72047c
PSP_GAME/USRDIR/JPN/WORLD03/AREA115.EMI	808960	96ad09b38d5f2af5ec907cd6be9562295c2d81ec234386eebf6daeb778c9d6a5
PSP_GAME/USRDIR/JPN/WORLD03/AREA116.EMI	634880	ca119b5d1402930cc5bb3b214889c94670cb5f998549d8ce92209ee8788f5af6
PSP_GAME/USRDIR/JPN/WORLD03/AREA117.EMI	704512	bc00d851d83f9f22bde1a64b2f1956ef7bef6eb7de73cff4d83ab50b4a80715c
PSP_GAME/USRDIR/JPN/WORLD03/AREA118.EMI	708608	e6978d572c4c3829be7cdad2f79757c465111965f7247950fa0f552ca8a35947
PSP_GAME/USRDIR/JPN/WORLD03/AREA119.EMI	864256	fc8e9032722eef68200de62ac0ef3be1c1540e3710a9d45ae576f1de7a02e72e
PSP_GAME/USRDIR/JPN/WORLD03/AREA120.EMI	806912	42b56b4391aa35db8d83f1744abfcf09b1c86977d3853063701145cd02dda01f
PSP_GAME/USRDIR/JPN/WORLD03/AREA121.EMI	831488	721d63a6d5290e5c6216acdb14e33af6ab3c9819bac60f774768f3f697dfd22b
PSP_GAME/USRDIR/JPN/WORLD03/AREA122.EMI	763904	64d0ef4910ffc57f39303beb8b0a6c311a62f364a49bff36ca15613ca7c77e81
PSP_GAME/USRDIR/JPN/WORLD03/AREA123.EMI	763904	93fff623e36fbae42765e8e2aea82620e5cc62110b9b01a77e77a773cc1c9e86
PSP_GAME/USRDIR/JPN/WORLD03/AREA124.EMI	796672	72a8a5e774a62d69fafca4242c9bdddb71d50268a072ff10c1eb923956ef0c9e
PSP_GAME/USRDIR/JPN/WORLD03/AREA125.EMI	792576	3b3a9030ef74cc6c6d551409a284577801685ebe14a7c7538cd73e399c14b7ed
PSP_GAME/USRDIR/JPN/WORLD03/AREA126.EMI	827392	7f21de43954f6668cf614f899ae653a119ad7e8b0ff6b5bf9706617152115409
PSP_GAME/USRDIR/JPN/WORLD03/AREA127.EMI	837632	3294218bb8e60ebaa2ad5f859cb0b0f44ebe5ea8a64ceb1304eca5f288e4c078
PSP_GAME/USRDIR/JPN/WORLD03/AREA128.EMI	772096	6e503674f4f31929218ed5cbb2016d2a38f7876cffd04b3039c821ecf5e26df3
PSP_GAME/USRDIR/JPN/WORLD03/AREA129.EMI	1007616	7fafd181fbca5228cfbc06c96b491744bcc959605a87791391987c43c4168831
PSP_GAME/USRDIR/JPN/WORLD03/AREA130.EMI	667648	01b382f021204df2a6569ae52f74adc63011317727eb710f429cd419b1a6d28e
PSP_GAME/USRDIR/JPN/WORLD03/AREA131.EMI	827392	e010915999617888726fbd939213725a53d701f61d39f2eea20d44d97b60e427
PSP_GAME/USRDIR/JPN/WORLD03/AREA132.EMI	837632	9c618620adb0d0892aba0a1dd526acc8e730e882cbbb18acc0ca5a0d156fb390
PSP_GAME/USRDIR/JPN/WORLD03/AREA133.EMI	829440	3bb40a0b65142051a2e3294e2d34ec8be79c052c3d937fc89a71fda520a3ee24
PSP_GAME/USRDIR/JPN/WORLD03/AREA134.EMI	825344	e87f454a8ba2bf8cee153662299977b73e0e5e3fab9acdfcfdac18e639cd1797
PSP_GAME/USRDIR/JPN/WORLD03/AREA135.EMI	878592	80e5e6d7c18bcdc428fa89d6f428d3fbfc81da88ee79e3c9ecef850a18150905
PSP_GAME/USRDIR/JPN/WORLD03/AREA136.EMI	854016	98e27dbf3758bbca8c3e13bf463d55d8b14e19b8cbccf9fdd60656019a2d100d
PSP_GAME/USRDIR/JPN/WORLD03/AREA137.EMI	831488	ce3dfc92546959919a318ef69141a67d2611a79de487a36c5ff6931aeff12758
PSP_GAME/USRDIR/JPN/WORLD03/AREA138.EMI	724992	aac17b34e13be2ac8e4de288791510408a6cecd7779888db138caed40f9f50bd
PSP_GAME/USRDIR/JPN/WORLD03/AREA139.EMI	739328	943da2c596e8099de1d8ef192357509e937763d3597ae668672c4784b36e821e
PSP_GAME/USRDIR/JPN/WORLD03/AREA140.EMI	747520	0e11fe339319e736af4656cbb7c06765947ed7a39b514dee9f4e7e5e9ff6372f
PSP_GAME/USRDIR/JPN/WORLD03/AREA141.EMI	751616	7095dc5434d285af2b02b57faef9fefb342eb9614bf465f948bc119343d25f07
PSP_GAME/USRDIR/JPN/WORLD03/AREA142.EMI	845824	2526cda442bfdf1cfa182c39e1c0352e42bfa891fffe7d2dd43fd3a59da30d1c
PSP_GAME/USRDIR/JPN/WORLD03/AREA143.EMI	794624	2314260b72eded0bb803c27646d837951fca1f8793d5c69cab6930ed1fc41a50
PSP_GAME/USRDIR/JPN/WORLD03/AREA144.EMI	741376	46da6e3ef822926c6028bfb201972af3d1438548e59a13a486cad5f5de29145b
PSP_GAME/USRDIR/JPN/WORLD03/AREA145.EMI	837632	6d81c5270088b249fa1f9c06a5411842a7c4570cb00355e49591bba512b26106
PSP_GAME/USRDIR/JPN/WORLD03/AREA146.EMI	661504	5e8700e2bb3cf4af83e0d2e9c9b9140c27de195570169654992b170ff78bcbb6
PSP_GAME/USRDIR/JPN/WORLD03/AREA147.EMI	831488	735921cca93a95745fb07e9cc20f0a9b9080f09300e751aca738af2fd59a83b9
PSP_GAME/USRDIR/JPN/WORLD03/AREA148.EMI	866304	3a06130f74f0eda4cfa8a8aa6aab3744880b77bc0aa59ba090330238b9d4fe7e
PSP_GAME/USRDIR/JPN/WORLD03/AREA149.EMI	755712	2d69257e444f46f566439ead9e6a1525c63d13ea791ba5ebb0a2fce5b4b09eb9
PSP_GAME/USRDIR/JPN/WORLD03/AREA150.EMI	823296	14583de5a25aa336498f86a8520e2ac365a2fc3f7712332ac221aecd230e9ad0
PSP_GAME/USRDIR/JPN/WORLD03/AREA151.EMI	808960	95db14a9d2dc7e74f01ce2fde11b435b094f4d82eb98a4f23446640df4f6ea05
PSP_GAME/USRDIR/JPN/WORLD04/AREA152.EMI	804864	0327633c9c3a92c832af8d38b6c1df2bf266854a4054649ec7768cdcec134a33
PSP_GAME/USRDIR/JPN/WORLD04/AREA153.EMI	802816	e2b00836befee66273f1381ef170a56e2be812b83fc08228ae05b9d5c6df167a
PSP_GAME/USRDIR/JPN/WORLD04/AREA154.EMI	796672	89159470467171418b3a45c9c78d0565daf8e2213058956050504d6c0123b554
PSP_GAME/USRDIR/JPN/WORLD04/AREA155.EMI	817152	dedf0976c0148fcab6120dcf91368c11c71e04b7e0dc3eb0814b713fb939a67a
PSP_GAME/USRDIR/JPN/WORLD04/AREA156.EMI	776192	796fba6b845fd77e16fbb4a0809915ec53e51a2fcfb8e5186cbb672c4c4ca7e9
PSP_GAME/USRDIR/JPN/WORLD04/AREA157.EMI	622592	047cbef1f7a16cc7b81f0038d8f2a3c902e997ee4f49b0c15f8d9bcece9a4816
PSP_GAME/USRDIR/JPN/WORLD04/AREA158.EMI	604160	ebce4683e5b9c151e9eee52b564f23fc65e576a068e1e2f7faed9905703e5686
PSP_GAME/USRDIR/JPN/WORLD04/AREA159.EMI	589824	657a01c0e3045118997050d3ab5c351c0502b12f362226ebfbdeaef5378527e8
PSP_GAME/USRDIR/JPN/WORLD04/AREA160.EMI	598016	a425fda81b22566da09a2e06635728a05e995ec04162c719eacff6589c4ec214
PSP_GAME/USRDIR/JPN/WORLD04/AREA161.EMI	606208	ca0b3d4cc6a069fac4f6a23abc1ef8c494c1a5b82612e944cab4bb2ab06f86a7
PSP_GAME/USRDIR/JPN/WORLD04/AREA162.EMI	618496	8e04b4cffd55e7827e396040c755616515221f05bd05e59d43f42062a45c30c9
PSP_GAME/USRDIR/JPN/WORLD04/AREA163.EMI	593920	b93ec1571e7e424ccf59a8c455272935a43cc164a3e6a384daf8c0b0e9a68f30
PSP_GAME/USRDIR/JPN/WORLD04/AREA164.EMI	583680	683b27abb531834f0bd2d85d97f148e9607fdd22cc1a60def875d51578c469de
PSP_GAME/USRDIR/JPN/WORLD04/AREA165.EMI	614400	f9de87594e870b8abee6b36f986a50fd1b6351a0a96ac1d5e701014f5eb7d302
PSP_GAME/USRDIR/JPN/WORLD04/AREA166.EMI	602112	0b4b59b4470d6eeb1aceac4044a72f52114ea87d5a02fdee7b1d48598f6c65cb
PSP_GAME/USRDIR/JPN/WORLD04/AREA167.EMI	862208	6ee351b892603050e36bd5190e754e0f3794afbbf3abf64af3545417ab0508c7
PSP_GAME/USRDIR/JPN/WORLD04/AREA168.EMI	761856	bbf585f0cb76a45199fa930776ebf0eef84d7e1b4c4eff1c5254ef078fd28f13
PSP_GAME/USRDIR/JPN/WORLD04/AREA169.EMI	659456	763b93c3e64d4097617d15b6cb06e8b93fd6b92506d24af7dd195a6249ce1511
PSP_GAME/USRDIR/JPN/WORLD04/AREA170.EMI	841728	240ffa1552ffd021dbe89a2c0be9345d76aef228f68454dfdabf82ef6e50f241
PSP_GAME/USRDIR/JPN/WORLD04/AREA171.EMI	700416	93a05eb1034f90df73c769f728cd34bda8aab4dc29f5e108df544072bde55ad9
PSP_GAME/USRDIR/JPN/WORLD04/AREA172.EMI	794624	286eccd12277dd39e12f19a7d23dda1b95a73fa18924dc775cc72e880803fb5b
PSP_GAME/USRDIR/JPN/WORLD04/AREA173.EMI	821248	77487df9809403736c4ecc2b6bd7d133e1c0607acf01bf1f33268c654b785662
PSP_GAME/USRDIR/JPN/WORLD04/AREA174.EMI	862208	7a0058c67241349d49c7ea1f2437ae9e473d08b29685c82c3973b5d216a181aa
PSP_GAME/USRDIR/JPN/WORLD04/AREA175.EMI	839680	63b0ca44cc3cd7d72906f471f548db62673324146ebabe4b9e7f76953ee90e4a
PSP_GAME/USRDIR/JPN/WORLD04/AREA176.EMI	819200	587e35ebe55c881596b567b92ebc71d8fe6e7e8d63ec381a0cdcada54d33fdb4
PSP_GAME/USRDIR/JPN/WORLD04/AREA177.EMI	821248	3dff8f6b7d49ce5706aa78a8fc4c0f86ac5a34cfb667c9dc0ee8f0406e2110a1
PSP_GAME/USRDIR/JPN/WORLD04/AREA178.EMI	821248	1ccf997b81810d1fed35be66693e3bfdf6c74e78cc8b064530138d6842620935
PSP_GAME/USRDIR/JPN/WORLD04/AREA179.EMI	821248	7964030bcc345c9cf126c8e57341b275f59427a1bf1b446d1b96b465c046c27f
PSP_GAME/USRDIR/JPN/WORLD04/AREA180.EMI	821248	f4cb39024cbdeb9e3c2e27823f32f85837cfade0a0b73af5144120551cd3eb00
PSP_GAME/USRDIR/JPN/WORLD04/AREA181.EMI	821248	0b163ddcf907b769a2a41a4020b92e4fc7566be1a5707542de8513c945c36040
PSP_GAME/USRDIR/JPN/WORLD04/AREA182.EMI	821248	993e89f1dbedf6c61fe7c5f8b9b1bd45227a68e860bdf6451bc0a1b44e6cd02c
PSP_GAME/USRDIR/JPN/WORLD04/AREA183.EMI	823296	457480039b66e5dbe40f05bccf91201478c84f4f15c5959c9c64dd2154bb26b8
PSP_GAME/USRDIR/JPN/WORLD04/AREA184.EMI	823296	dfb65811be42cb2fee83757e661f3a727390eb22f17a23bba75ecdcf7c40e680
PSP_GAME/USRDIR/JPN/WORLD04/AREA185.EMI	823296	00d9e9ae33cfe0b47157eeb8d35e2828a45e740f281d646a9d126b590d22c2af
PSP_GAME/USRDIR/JPN/WORLD04/AREA186.EMI	747520	211c6392853edbfe303132095e075716546063649616f133c9a72d6bff7b3683
PSP_GAME/USRDIR/JPN/WORLD04/AREA187.EMI	763904	bd251e577e7ea5b42efae229564b4ba0e643d730ce99736c441c96f37a3afebf
PSP_GAME/USRDIR/JPN/WORLD04/AREA188.EMI	839680	e596308c43fac5f7affed6dd83e864ac500f76bcdeac7524f4947ec2e13c7247
PSP_GAME/USRDIR/JPN/WORLD04/AREA189.EMI	821248	e375e459b941f7f26dae0b96e7702b814360743cbe56ec4fec593104de17afa4
PSP_GAME/USRDIR/JPN/WORLD04/AREA190.EMI	798720	a887a663d8ed004aae406d145d945a2a62375707cb40e8be9f5459eeaff1d87f
PSP_GAME/USRDIR/JPN/WORLD04/AREA191.EMI	626688	10ae165810e2a9c2128b5edb3dd8f30f0d593564a9bf9a9b8ac41789bce68742
PSP_GAME/USRDIR/JPN/WORLD04/AREA192.EMI	796672	61ead50bdfc17c9b8368069b9ace9afa0ea6eab1c0d1527a7321023690934bf6
PSP_GAME/USRDIR/JPN/WORLD04/AREA193.EMI	772096	b14cdda8976737d7f3ff21b5465879b9d90a40c2c134151051392fab62655145
PSP_GAME/USRDIR/JPN/WORLD04/AREA194.EMI	649216	e7cdef3807e827cadf129db5aadf0aeff3e5025739de7f0745e0d6907a77e3b1
PSP_GAME/USRDIR/JPN/WORLD04/AREA195.EMI	804864	f1e366e03cd2cb2900cdf3ca48992f120d32a0cc0bbede75071f21ce88da2df5
PSP_GAME/USRDIR/JPN/WORLD04/AREA196.EMI	667648	407c7c83dae36452c2684c6be012b1f6c325fa3e6b59d2caf37f2100ec6f80e5
PSP_GAME/USRDIR/JPN/WORLD04/AREA197.EMI	866304	de3365a6162915af5771bb976c30d5b99975de17cb6a931e87dea9f7b1520c46
PSP_GAME/USRDIR/JPN/WORLD04/AREA198.EMI	722944	cfef0b71b061ba7f4f7d7010be73ff4d3cb2783f3c108997974776a60965e562
PSP_GAME/USRDIR/JPN/WORLD04/AREA199.EMI	819200	2eab8f7dbe6a446e7b0063e42f003579581f555c56315b33bedca48ad88b3caa
UMD_DATA.BIN	48	63c20e706fcebae0eda3828aac9368d1156941e2204adf8f4e56090e570fa360
