PSP_GAME/ICON0.PNG	32986	caa8bf23d38583754ca9e023160eae40f042c1f23d8492ad364d9bc49ffc979c
PSP_GAME/PARAM.SFO	472	2870b1997bdcffa49bf677ccbbfbf019bd4427cb51d2ea3326b7863c4ef14af1
PSP_GAME/PIC1.PNG	248431	cca3bfe0bfb23e5c1c63b5f8ce02670e8d4cf29ebf2c05fffe26ed19c42f0f8f
PSP_GAME/SYSDIR/BOOT.BIN	5075540	a462c0e83472bad5e6edafc56a817592f9c3b9b137e95af8b3fb56a0fed0495c
PSP_GAME/SYSDIR/EBOOT.BIN	5075888	0e1fadb7b1f275a3e3a429dffec648bf5d7479c09c2d217dbde0437bfd82d4d9
PSP_GAME/SYSDIR/UPDATE/DATA.BIN	13182464	106952a0e423936e07a5a0985ab7d862f37fb0d852146de6d6e7700d76864a8d
PSP_GAME/SYSDIR/UPDATE/EBOOT.BIN	3536480	ffe065e885db9bc5aaa0e7385fc58d435e374bffa505ef218f675ffa05a946c0
PSP_GAME/SYSDIR/UPDATE/PARAM.SFO	1772	01a261e22bb4271d79a60dd907ac4efbd3161128aab8f392dceb7417da84acb5
PSP_GAME/USRDIR/USA/BATTLE/BATL_DRA.EMI	71680	129fe50eb80147c81b5b00c7786e1bdab64d7b14a7e1af3aaf85daf348ef32cb
PSP_GAME/USRDIR/USA/BATTLE/BATL_END.EMI	81920	c3d81d3ae350e7a65d250de89262cdfe1eeb6c93f420a013485f03e40642103b
PSP_GAME/USRDIR/USA/BATTLE/BATL_OVR.EMI	73728	7be8ff340348b787f49dcc712ac59a114eb890212d5144aac3e8fd33012a37e8
PSP_GAME/USRDIR/USA/BATTLE/BATL_RE2.EMI	36864	da4ea4ddd15ccddefacaf273f272e4569305cc2497589dc772123aaffe9a0660
PSP_GAME/USRDIR/USA/BATTLE/BATL_RET.EMI	98304	81ecb78e01837625e0e34ed32a5f704719a115b9a5a82d69cba3bcfc0e5ad03c
PSP_GAME/USRDIR/USA/BATTLE/BATL_SE.EMI	61440	71b37f81fcdb752f4fd3da159a3e1f6ea9ba6817e51bedfc9952afcc45058493
PSP_GAME/USRDIR/USA/BATTLE/BATTLE.EMI	698368	e7aba6d29016f616b8298b10f75c50b6507fa7c752b3879dc6d1d37c45736bec
PSP_GAME/USRDIR/USA/BATTLE/BATTLE2.EMI	698368	3e9d4bc72cb9ff8e3c2105dbfdce3856aed818e200bd4fec11da4cc0129d8d89
PSP_GAME/USRDIR/USA/BATTLE/COMN_SE.EMI	106496	78084ec1ba0b83a37aa52d76992b08d8a001ca8fb9d8f35e541c6e3d49ac0149
PSP_GAME/USRDIR/USA/BENEMY/ENEMY000.EMI	14336	9d2921378b0fb679fd86a386dce46ac4ca24cc925a5df062de6520c3e02e79b5
PSP_GAME/USRDIR/USA/BENEMY/ENEMY001.EMI	14336	9d2921378b0fb679fd86a386dce46ac4ca24cc925a5df062de6520c3e02e79b5
PSP_GAME/USRDIR/USA/BENEMY/ENEMY002.EMI	14336	9d2921378b0fb679fd86a386dce46ac4ca24cc925a5df062de6520c3e02e79b5
PSP_GAME/USRDIR/USA/BENEMY/ENEMY003.EMI	43008	faa02964a15a7366557f485779299117e0c724fdbfffadeef83827b480705331
PSP_GAME/USRDIR/USA/BENEMY/ENEMY004.EMI	14336	9d2921378b0fb679fd86a386dce46ac4ca24cc925a5df062de6520c3e02e79b5
PSP_GAME/USRDIR/USA/BENEMY/ENEMY005.EMI	43008	faa02964a15a7366557f485779299117e0c724fdbfffadeef83827b480705331
PSP_GAME/USRDIR/USA/BENEMY/ENEMY006.EMI	43008	faa02964a15a7366557f485779299117e0c724fdbfffadeef83827b480705331
PSP_GAME/USRDIR/USA/BENEMY/ENEMY007.EMI	14336	9d2921378b0fb679fd86a386dce46ac4ca24cc925a5df062de6520c3e02e79b5
PSP_GAME/USRDIR/USA/BENEMY/ENEMY008.EMI	43008	faa02964a15a7366557f485779299117e0c724fdbfffadeef83827b480705331
PSP_GAME/USRDIR/USA/BENEMY/ENEMY009.EMI	43008	faa02964a15a7366557f485779299117e0c724fdbfffadeef83827b480705331
PSP_GAME/USRDIR/USA/BENEMY/ENEMY010.EMI	43008	faa02964a15a7366557f485779299117e0c724fdbfffadeef83827b480705331
PSP_GAME/USRDIR/USA/BENEMY/ENEMY011.EMI	14336	9d2921378b0fb679fd86a386dce46ac4ca24cc925a5df062de6520c3e02e79b5
PSP_GAME/USRDIR/USA/BENEMY/ENEMY012.EMI	43008	faa02964a15a7366557f485779299117e0c724fdbfffadeef83827b480705331
PSP_GAME/USRDIR/USA/BENEMY/ENEMY013.EMI	14336	9d2921378b0fb679fd86a386dce46ac4ca24cc925a5df062de6520c3e02e79b5
PSP_GAME/USRDIR/USA/BENEMY/ENEMY014.EMI	14336	9d2921378b0fb679fd86a386dce46ac4ca24cc925a5df062de6520c3e02e79b5
PSP_GAME/USRDIR/USA/BENEMY/ENEMY015.EMI	38912	6ee1e55d82685d5bc940c4af8d1d0a5c42834737ad13c616d5b5b77b8c69ad05
PSP_GAME/USRDIR/USA/BENEMY/ENEMY016.EMI	14336	9d2921378b0fb679fd86a386dce46ac4ca24cc925a5df062de6520c3e02e79b5
PSP_GAME/USRDIR/USA/BENEMY/ENEMY017.EMI	14336	9d2921378b0fb679fd86a386dce46ac4ca24cc925a5df062de6520c3e02e79b5
PSP_GAME/USRDIR/USA/BENEMY/ENEMY018.EMI	43008	faa02964a15a7366557f485779299117e0c724fdbfffadeef83827b480705331
PSP_GAME/USRDIR/USA/BENEMY/ENEMY019.EMI	43008	faa02964a15a7366557f485779299117e0c724fdbfffadeef83827b480705331
PSP_GAME/USRDIR/USA/BENEMY/ENEMY020.EMI	47104	408ae3660888b2e113c7b0b34c17ef6164b0067dd68b1d891bf11a99ab2b50e1
PSP_GAME/USRDIR/USA/BENEMY/ENEMY021.EMI	14336	9d2921378b0fb679fd86a386dce46ac4ca24cc925a5df062de6520c3e02e79b5
PSP_GAME/USRDIR/USA/BENEMY/ENEMY022.EMI	28672	3534082c8be7ff683a32f126b0c8fa51fa02b522f1b2172ec1ebcccaec3c653c
PSP_GAME/USRDIR/USA/BENEMY/ENEMY023.EMI	36864	d564e4ec28f4459ecccf966d158801ee2cbe571f86b15b2f5a47b35fa78869a4
PSP_GAME/USRDIR/USA/BENEMY/ENEMY024.EMI	14336	9d2921378b0fb679fd86a386dce46ac4ca24cc925a5df062de6520c3e02e79b5
PSP_GAME/USRDIR/USA/BENEMY/ENEMY025.EMI	14336	9d2921378b0fb679fd86a386dce46ac4ca24cc925a5df062de6520c3e02e79b5
PSP_GAME/USRDIR/USA/BENEMY/ENEMY026.EMI	14336	9d2921378b0fb679fd86a386dce46ac4ca24cc925a5df062de6520c3e02e79b5
PSP_GAME/USRDIR/USA/BENEMY/ENEMY027.EMI	28672	c0de23a684e09e6a1d7c21b73d99b6bec6fe2858e0b793f9c48b0dd005e1051a
PSP_GAME/USRDIR/USA/BENEMY/ENEMY028.EMI	26624	62ec309828dc5a5b79ff3d19b2ff4e97f0d87f350f90e11ee2015db275f2fc70
PSP_GAME/USRDIR/USA/BENEMY/ENEMY029.EMI	47104	408ae3660888b2e113c7b0b34c17ef6164b0067dd68b1d891bf11a99ab2b50e1
PSP_GAME/USRDIR/USA/BENEMY/ENEMY030.EMI	14336	9d2921378b0fb679fd86a386dce46ac4ca24cc925a5df062de6520c3e02e79b5
PSP_GAME/USRDIR/USA/BENEMY/ENEMY031.EMI	14336	9d2921378b0fb679fd86a386dce46ac4ca24cc925a5df062de6520c3e02e79b5
PSP_GAME/USRDIR/USA/BENEMY/ENEMY032.EMI	14336	9d2921378b0fb679fd86a386dce46ac4ca24cc925a5df062de6520c3e02e79b5
PSP_GAME/USRDIR/USA/BENEMY/ENEMY033.EMI	14336	9d2921378b0fb679fd86a386dce46ac4ca24cc925a5df062de6520c3e02e79b5
PSP_GAME/USRDIR/USA/BENEMY/ENEMY034.EMI	14336	9d2921378b0fb679fd86a386dce46ac4ca24cc925a5df062de6520c3e02e79b5
PSP_GAME/USRDIR/USA/BENEMY/ENEMY035.EMI	32768	c18e65a3139884556a8b2b02f59e00de07331fb3d9c8b7d9577982f29cff7663
PSP_GAME/USRDIR/USA/BENEMY/ENEMY036.EMI	14336	9d2921378b0fb679fd86a386dce46ac4ca24cc925a5df062de6520c3e02e79b5
PSP_GAME/USRDIR/USA/BENEMY/ENEMY037.EMI	14336	9d2921378b0fb679fd86a386dce46ac4ca24cc925a5df062de6520c3e02e79b5
PSP_GAME/USRDIR/USA/BENEMY/ENEMY038.EMI	14336	9d2921378b0fb679fd86a386dce46ac4ca24cc925a5df062de6520c3e02e79b5
PSP_GAME/USRDIR/USA/BENEMY/ENEMY039.EMI	14336	9d2921378b0fb679fd86a386dce46ac4ca24cc925a5df062de6520c3e02e79b5
PSP_GAME/USRDIR/USA/BENEMY/ENEMY040.EMI	45056	1aa05d5406c0f7a08f1ddbf595cecfed0ba453454014648972adb3fda4a3bb72
PSP_GAME/USRDIR/USA/BENEMY/ENEMY041.EMI	14336	9d2921378b0fb679fd86a386dce46ac4ca24cc925a5df062de6520c3e02e79b5
PSP_GAME/USRDIR/USA/BENEMY/ENEMY042.EMI	34816	6000fbe7a8b7b42a03f401797b08f579e27eb01cbeac95060055b60b63137ec8
PSP_GAME/USRDIR/USA/BENEMY/ENEMY043.EMI	14336	9d2921378b0fb679fd86a386dce46ac4ca24cc925a5df062de6520c3e02e79b5
PSP_GAME/USRDIR/USA/BENEMY/ENEMY044.EMI	47104	64d9f0715ca38b3b3b4ce4d7a973f73d02801d8435141a426185a0ddf2232fae
PSP_GAME/USRDIR/USA/BENEMY/ENEMY045.EMI	14336	9d2921378b0fb679fd86a386dce46ac4ca24cc925a5df062de6520c3e02e79b5
PSP_GAME/USRDIR/USA/BENEMY/ENEMY046.EMI	14336	9d2921378b0fb679fd86a386dce46ac4ca24cc925a5df062de6520c3e02e79b5
PSP_GAME/USRDIR/USA/BENEMY/ENEMY047.EMI	14336	9d2921378b0fb679fd86a386dce46ac4ca24cc925a5df062de6520c3e02e79b5
PSP_GAME/USRDIR/USA/BENEMY/ENEMY048.EMI	47104	64d9f0715ca38b3b3b4ce4d7a973f73d02801d8435141a426185a0ddf2232fae
PSP_GAME/USRDIR/USA/BENEMY/ENEMY049.EMI	14336	9d2921378b0fb679fd86a386dce46ac4ca24cc925a5df062de6520c3e02e79b5
PSP_GAME/USRDIR/USA/BENEMY/ENEMY050.EMI	14336	9d2921378b0fb679fd86a386dce46ac4ca24cc925a5df062de6520c3e02e79b5
PSP_GAME/USRDIR/USA/BENEMY/ENEMY051.EMI	30720	0bfc3660c406715071fdcd7bb204c0c751c1022c5ad9b3f091dd0f747783f55a
PSP_GAME/USRDIR/USA/BENEMY/ENEMY052.EMI	38912	e8464a15d35713959f066604760c4de8559e2495efd552c1a7c42ddecb3920c3
PSP_GAME/USRDIR/USA/BENEMY/ENEMY053.EMI	14336	9d2921378b0fb679fd86a386dce46ac4ca24cc925a5df062de6520c3e02e79b5
PSP_GAME/USRDIR/USA/BENEMY/ENEMY054.EMI	43008	b5fd9de54c5c6b6847e7a510cddd2e79ba8e696b3977b5a1f05c2a42342ad29b
PSP_GAME/USRDIR/USA/BENEMY/ENEMY055.EMI	14336	9d2921378b0fb679fd86a386dce46ac4ca24cc925a5df062de6520c3e02e79b5
PSP_GAME/USRDIR/USA/BENEMY/ENEMY056.EMI	43008	b3765feab71ed563fee802a74859be93dfd31043bee9ce20e5a922d571ea77f0
PSP_GAME/USRDIR/USA/BENEMY/ENEMY057.EMI	14336	9d2921378b0fb679fd86a386dce46ac4ca24cc925a5df062de6520c3e02e79b5
PSP_GAME/USRDIR/USA/BENEMY/ENEMY058.EMI	14336	9d2921378b0fb679fd86a386dce46ac4ca24cc925a5df062de6520c3e02e79b5
PSP_GAME/USRDIR/USA/BENEMY/ENEMY059.EMI	14336	9d2921378b0fb679fd86a386dce46ac4ca24cc925a5df062de6520c3e02e79b5
PSP_GAME/USRDIR/USA/BENEMY/ENEMY060.EMI	14336	9d2921378b0fb679fd86a386dce46ac4ca24cc925a5df062de6520c3e02e79b5
PSP_GAME/USRDIR/USA/BENEMY/ENEMY061.EMI	14336	9d2921378b0fb679fd86a386dce46ac4ca24cc925a5df062de6520c3e02e79b5
PSP_GAME/USRDIR/USA/BENEMY/ENEMY062.EMI	14336	9d2921378b0fb679fd86a386dce46ac4ca24cc925a5df062de6520c3e02e79b5
PSP_GAME/USRDIR/USA/BENEMY/ENEMY063.EMI	43008	5bcbdee6844af19672e0bdc29eb0b0ea879bb7c0b0f0202f4643e45702cb3c32
PSP_GAME/USRDIR/USA/BENEMY/ENEMY064.EMI	40960	f8113a45014ecef9732db254d9753257e4b50665eed05fd77b0c93c31a84521a
PSP_GAME/USRDIR/USA/BENEMY/ENEMY065.EMI	14336	9d2921378b0fb679fd86a386dce46ac4ca24cc925a5df062de6520c3e02e79b5
PSP_GAME/USRDIR/USA/BENEMY/ENEMY066.EMI	14336	9d2921378b0fb679fd86a386dce46ac4ca24cc925a5df062de6520c3e02e79b5
PSP_GAME/USRDIR/USA/BENEMY/ENEMY067.EMI	14336	9d2921378b0fb679fd86a386dce46ac4ca24cc925a5df062de6520c3e02e79b5
PSP_GAME/USRDIR/USA/BENEMY/ENEMY068.EMI	14336	9d2921378b0fb679fd86a386dce46ac4ca24cc925a5df062de6520c3e02e79b5
PSP_GAME/USRDIR/USA/BENEMY/ENEMY069.EMI	34816	ff3e127080f0e4b992ac7684f7e68c8586d30d3f0981e4e5b32803b716856748
PSP_GAME/USRDIR/USA/BENEMY/ENEMY070.EMI	40960	0000e5cbcb9cb888d3f92422642cc52acbc064fe42bde8e888b6bc6407fedb0c
PSP_GAME/USRDIR/USA/BENEMY/ENEMY071.EMI	36864	b41f7d7827b0a8fbacc5371085294f5bc4fccb8cdf3608a7637ec3a54d716df9
PSP_GAME/USRDIR/USA/BENEMY/ENEMY072.EMI	40960	7cc56e6c7444eb5d8a2c753527d068497bd3d4a76883f727071e503e2e248f56
PSP_GAME/USRDIR/USA/BENEMY/ENEMY073.EMI	40960	9bf90346cc074a3d674f55e17e1cbd0fda9835126e00944579b57bb54a6c4a47
PSP_GAME/USRDIR/USA/BENEMY/ENEMY074.EMI	14336	9d2921378b0fb679fd86a386dce46ac4ca24cc925a5df062de6520c3e02e79b5
PSP_GAME/USRDIR/USA/BENEMY/ENEMY075.EMI	14336	9d2921378b0fb679fd86a386dce46ac4ca24cc925a5df062de6520c3e02e79b5
PSP_GAME/USRDIR/USA/BENEMY/ENEMY076.EMI	43008	7e0df12ef63f39f038c80a263d5138bc6bf36f4f9f01852d000ccbfd140a5784
PSP_GAME/USRDIR/USA/BENEMY/ENEMY077.EMI	30720	85e6728f7fa69062fbe908f04378b43994bc85ed01ee33207681cf4d90fd8288
PSP_GAME/USRDIR/USA/BENEMY/ENEMY078.EMI	14336	9d2921378b0fb679fd86a386dce46ac4ca24cc925a5df062de6520c3e02e79b5
PSP_GAME/USRDIR/USA/BENEMY/ENEMY079.EMI	14336	9d2921378b0fb679fd86a386dce46ac4ca24cc925a5df062de6520c3e02e79b5
PSP_GAME/USRDIR/USA/BENEMY/ENEMY080.EMI	14336	9d2921378b0fb679fd86a386dce46ac4ca24cc925a5df062de6520c3e02e79b5
PSP_GAME/USRDIR/USA/BENEMY/ENEMY081.EMI	14336	9d2921378b0fb679fd86a386dce46ac4ca24cc925a5df062de6520c3e02e79b5
PSP_GAME/USRDIR/USA/BENEMY/ENEMY082.EMI	28672	5e8dc72628924f012439be55f66f34e24ebeca0fc127758925e9f0529265288e
PSP_GAME/USRDIR/USA/BENEMY/ENEMY083.EMI	32768	8378a49c5081e21810f16bb2e913a206f73678b4bc68a4d207a3da6092070c0b
PSP_GAME/USRDIR/USA/BENEMY/ENEMY084.EMI	28672	3426ba9b8d5b40b16f4383ba2fc2169bebc4ef22e8ca2442372b6d91b8dca6f0
PSP_GAME/USRDIR/USA/BENEMY/ENEMY085.EMI	14336	9d2921378b0fb679fd86a386dce46ac4ca24cc925a5df062de6520c3e02e79b5
PSP_GAME/USRDIR/USA/BENEMY/ENEMY086.EMI	24576	85fe27847b019ae94f24f4c3626bbcf6902a9cdd71e92a4897852fc911f914e7
PSP_GAME/USRDIR/USA/BENEMY/ENEMY087.EMI	14336	9d2921378b0fb679fd86a386dce46ac4ca24cc925a5df062de6520c3e02e79b5
PSP_GAME/USRDIR/USA/BENEMY/ENEMY088.EMI	14336	9d2921378b0fb679fd86a386dce46ac4ca24cc925a5df062de6520c3e02e79b5
PSP_GAME/USRDIR/USA/BENEMY/ENEMY089.EMI	14336	9d2921378b0fb679fd86a386dce46ac4ca24cc925a5df062de6520c3e02e79b5
PSP_GAME/USRDIR/USA/BENEMY/ENEMY090.EMI	14336	9d2921378b0fb679fd86a386dce46ac4ca24cc925a5df062de6520c3e02e79b5
PSP_GAME/USRDIR/USA/BENEMY/ENEMY091.EMI	38912	24b9f2e691080f6a256abdef448a022a410eccd86954bd714b1fd4bb83c7c24d
PSP_GAME/USRDIR/USA/BENEMY/ENEMY092.EMI	14336	9d2921378b0fb679fd86a386dce46ac4ca24cc925a5df062de6520c3e02e79b5
PSP_GAME/USRDIR/USA/BENEMY/ENEMY093.EMI	14336	9d2921378b0fb679fd86a386dce46ac4ca24cc925a5df062de6520c3e02e79b5
PSP_GAME/USRDIR/USA/BENEMY/ENEMY094.EMI	14336	9d2921378b0fb679fd86a386dce46ac4ca24cc925a5df062de6520c3e02e79b5
PSP_GAME/USRDIR/USA/BENEMY/ENEMY095.EMI	45056	9a55b5facdd7b9dc44eaa67fb69c50cf67c8e7f268d7695f67f8b367264c0d6b
PSP_GAME/USRDIR/USA/BENEMY/ENEMY096.EMI	45056	9a55b5facdd7b9dc44eaa67fb69c50cf67c8e7f268d7695f67f8b367264c0d6b
PSP_GAME/USRDIR/USA/BENEMY/ENEMY097.EMI	14336	9d2921378b0fb679fd86a386dce46ac4ca24cc925a5df062de6520c3e02e79b5
PSP_GAME/USRDIR/USA/BENEMY/ENEMY098.EMI	14336	9d2921378b0fb679fd86a386dce46ac4ca24cc925a5df062de6520c3e02e79b5
PSP_GAME/USRDIR/USA/BENEMY/ENEMY099.EMI	28672	062f832a6e73b4304b59187746087b1c22ad72eb6d25362a7f26cca0f26b46e6
PSP_GAME/USRDIR/USA/BENEMY/ENEMY100.EMI	14336	9d2921378b0fb679fd86a386dce46ac4ca24cc925a5df062de6520c3e02e79b5
PSP_GAME/USRDIR/USA/BENEMY/ENEMY101.EMI	14336	9d2921378b0fb679fd86a386dce46ac4ca24cc925a5df062de6520c3e02e79b5
PSP_GAME/USRDIR/USA/BENEMY/ENEMY102.EMI	36864	87ef6b7caf8b89223b26a47a2fb15a81905d6b32e6f3b3a52c98fff1303f78b9
PSP_GAME/USRDIR/USA/BENEMY/ENEMY103.EMI	30720	dc16d48ad7ed0cfe4fdaf9cba38e80e5ddec03430fecbe647fedaa83e7d4043d
PSP_GAME/USRDIR/USA/BENEMY/ENEMY104.EMI	14336	9d2921378b0fb679fd86a386dce46ac4ca24cc925a5df062de6520c3e02e79b5
PSP_GAME/USRDIR/USA/BENEMY/ENEMY105.EMI	38912	27fedd4b63de02fcb2f7c4ce8388ed721b27e1f51a1c8a627b281b2f98fd250f
PSP_GAME/USRDIR/USA/BENEMY/ENEMY106.EMI	38912	27fedd4b63de02fcb2f7c4ce8388ed721b27e1f51a1c8a627b281b2f98fd250f
PSP_GAME/USRDIR/USA/BENEMY/ENEMY107.EMI	38912	27fedd4b63de02fcb2f7c4ce8388ed721b27e1f51a1c8a627b281b2f98fd250f
PSP_GAME/USRDIR/USA/BENEMY/ENEMY108.EMI	38912	d29f2c8eea6178a0d7236564940072134b3a54ba4d3bccb4c3f683ed42f89eac
PSP_GAME/USRDIR/USA/BENEMY/ENEMY109.EMI	38912	d75a31e388ee32b1d2cbbcdd4161c0ea987ad372e963253f255a3cc7b2e15e57
PSP_GAME/USRDIR/USA/BENEMY/ENEMY110.EMI	38912	5fdf4fce2e12eb87ccc319cfb42c1bad71fc530ddd5253f3da29c57b919288a8
PSP_GAME/USRDIR/USA/BENEMY/ENEMY111.EMI	34816	134acc1815e17eaf5d9da5042ae50a3af56e502cef03da87285c7a7b5d9d50ca
PSP_GAME/USRDIR/USA/BENEMY/ENEMY112.EMI	34816	134acc1815e17eaf5d9da5042ae50a3af56e502cef03da87285c7a7b5d9d50ca
PSP_GAME/USRDIR/USA/BENEMY/ENEMY113.EMI	14336	9d2921378b0fb679fd86a386dce46ac4ca24cc925a5df062de6520c3e02e79b5
PSP_GAME/USRDIR/USA/BENEMY/ENEMY114.EMI	14336	9d2921378b0fb679fd86a386dce46ac4ca24cc925a5df062de6520c3e02e79b5
PSP_GAME/USRDIR/USA/BENEMY/ENEMY115.EMI	14336	9d2921378b0fb679fd86a386dce46ac4ca24cc925a5df062de6520c3e02e79b5
PSP_GAME/USRDIR/USA/BENEMY/ENEMY116.EMI	14336	9d2921378b0fb679fd86a386dce46ac4ca24cc925a5df062de6520c3e02e79b5
PSP_GAME/USRDIR/USA/BENEMY/ENEMY117.EMI	32768	4ed390261d8df5fc37e9005964b4e3bbd767323bd25cc6b569b9dacfffefa909
PSP_GAME/USRDIR/USA/BENEMY/ENEMY118.EMI	32768	4ed390261d8df5fc37e9005964b4e3bbd767323bd25cc6b569b9dacfffefa909
PSP_GAME/USRDIR/USA/BENEMY/ENEMY119.EMI	30720	85c09149c92059f17793b1d0b3250ba243b413db7df6e96ff555270f65bb783f
PSP_GAME/USRDIR/USA/BENEMY/ENEMY120.EMI	14336	9d2921378b0fb679fd86a386dce46ac4ca24cc925a5df062de6520c3e02e79b5
PSP_GAME/USRDIR/USA/BENEMY/ENEMY121.EMI	14336	9d2921378b0fb679fd86a386dce46ac4ca24cc925a5df062de6520c3e02e79b5
PSP_GAME/USRDIR/USA/BENEMY/ENEMY122.EMI	14336	9d2921378b0fb679fd86a386dce46ac4ca24cc925a5df062de6520c3e02e79b5
PSP_GAME/USRDIR/USA/BENEMY/ENEMY123.EMI	14336	9d2921378b0fb679fd86a386dce46ac4ca24cc925a5df062de6520c3e02e79b5
PSP_GAME/USRDIR/USA/BENEMY/ENEMY124.EMI	38912	8a4cef8fdef95b31aafe3f51465094e3b91bba2ce02467de36dd2bec35728267
PSP_GAME/USRDIR/USA/BENEMY/ENEMY125.EMI	36864	a8618efc0083b98aba1882e4eac80252c284cb4b2a711d25ac6361fde69ae1e8
PSP_GAME/USRDIR/USA/BENEMY/ENEMY126.EMI	14336	9d2921378b0fb679fd86a386dce46ac4ca24cc925a5df062de6520c3e02e79b5
PSP_GAME/USRDIR/USA/BENEMY/ENEMY127.EMI	34816	9a467b70c543ad71248f97cf71a9f743159d5b5b98ea3b57d348a96cc82fec91
PSP_GAME/USRDIR/USA/BENEMY/ENEMY128.EMI	14336	9d2921378b0fb679fd86a386dce46ac4ca24cc925a5df062de6520c3e02e79b5
PSP_GAME/USRDIR/USA/BENEMY/ENEMY129.EMI	14336	9d2921378b0fb679fd86a386dce46ac4ca24cc925a5df062de6520c3e02e79b5
PSP_GAME/USRDIR/USA/BENEMY/ENEMY130.EMI	14336	9d2921378b0fb679fd86a386dce46ac4ca24cc925a5df062de6520c3e02e79b5
PSP_GAME/USRDIR/USA/BENEMY/ENEMY131.EMI	14336	9d2921378b0fb679fd86a386dce46ac4ca24cc925a5df062de6520c3e02e79b5
PSP_GAME/USRDIR/USA/BENEMY/ENEMY132.EMI	14336	9d2921378b0fb679fd86a386dce46ac4ca24cc925a5df062de6520c3e02e79b5
PSP_GAME/USRDIR/USA/BENEMY/ENEMY133.EMI	14336	9d2921378b0fb679fd86a386dce46ac4ca24cc925a5df062de6520c3e02e79b5
PSP_GAME/USRDIR/USA/BENEMY/ENEMY134.EMI	34816	0c3bccfffbc59df6f970da3963cf73c7b7ff62b8922d90eadd04173e2e11a2a5
PSP_GAME/USRDIR/USA/BENEMY/ENEMY135.EMI	34816	53b7b6e7cc9815c1da7faf43883a37f2d209b7870ba6989339d01511d6fc7ada
PSP_GAME/USRDIR/USA/BENEMY/ENEMY136.EMI	34816	53b7b6e7cc9815c1da7faf43883a37f2d209b7870ba6989339d01511d6fc7ada
PSP_GAME/USRDIR/USA/BENEMY/ENEMY137.EMI	34816	0c3bccfffbc59df6f970da3963cf73c7b7ff62b8922d90eadd04173e2e11a2a5
PSP_GAME/USRDIR/USA/BENEMY/ENEMY138.EMI	36864	0c66f5e3299c82023cc061ce194833f82dcb0ecf219f8516a21a8d6de25cee67
PSP_GAME/USRDIR/USA/BENEMY/ENEMY139.EMI	45056	3d8cdab9ef175c1d9c63db7b511a3a7bb4d49900969e592fa998c2e843bc939d
PSP_GAME/USRDIR/USA/BENEMY/ENEMY140.EMI	45056	3d8cdab9ef175c1d9c63db7b511a3a7bb4d49900969e592fa998c2e843bc939d
PSP_GAME/USRDIR/USA/BENEMY/ENEMY141.EMI	20480	90a868c6d14637a51ff095ccccd4084a1056919d4e66e08f4aec6171629a6516
PSP_GAME/USRDIR/USA/BENEMY/ENEMY142.EMI	26624	6495bcb6f1f0462a5f067e3ffd7f2bfdd13d3ca0641c10cfc64ae37d7c33e856
PSP_GAME/USRDIR/USA/BENEMY/ENEMY143.EMI	14336	9d2921378b0fb679fd86a386dce46ac4ca24cc925a5df062de6520c3e02e79b5
PSP_GAME/USRDIR/USA/BENEMY/ENEMY144.EMI	14336	9d2921378b0fb679fd86a386dce46ac4ca24cc925a5df062de6520c3e02e79b5
PSP_GAME/USRDIR/USA/BENEMY/ENEMY145.EMI	45056	5fe9a056927312544195e634e3b8b35027e8b50bae12ac755613c0ba45f9c146
PSP_GAME/USRDIR/USA/BENEMY/ENEMY146.EMI	28672	fd737502030c85384630dc381865968ebb383169336d4765a0ce617ec9d7ba27
PSP_GAME/USRDIR/USA/BENEMY/ENEMY147.EMI	14336	9d2921378b0fb679fd86a386dce46ac4ca24cc925a5df062de6520c3e02e79b5
PSP_GAME/USRDIR/USA/BENEMY/ENEMY148.EMI	14336	9d2921378b0fb679fd86a386dce46ac4ca24cc925a5df062de6520c3e02e79b5
PSP_GAME/USRDIR/USA/BENEMY/ENEMY149.EMI	14336	9d2921378b0fb679fd86a386dce46ac4ca24cc925a5df062de6520c3e02e79b5
PSP_GAME/USRDIR/USA/BENEMY/ENEMY150.EMI	14336	9d2921378b0fb679fd86a386dce46ac4ca24cc925a5df062de6520c3e02e79b5
PSP_GAME/USRDIR/USA/BENEMY/ENEMY151.EMI	14336	9d2921378b0fb679fd86a386dce46ac4ca24cc925a5df062de6520c3e02e79b5
PSP_GAME/USRDIR/USA/BENEMY/ENEMY152.EMI	14336	9d2921378b0fb679fd86a386dce46ac4ca24cc925a5df062de6520c3e02e79b5
PSP_GAME/USRDIR/USA/BENEMY/ENEMY153.EMI	14336	9d2921378b0fb679fd86a386dce46ac4ca24cc925a5df062de6520c3e02e79b5
PSP_GAME/USRDIR/USA/BENEMY/ENEMY154.EMI	14336	9d2921378b0fb679fd86a386dce46ac4ca24cc925a5df062de6520c3e02e79b5
PSP_GAME/USRDIR/USA/BENEMY/ENEMY155.EMI	14336	9d2921378b0fb679fd86a386dce46ac4ca24cc925a5df062de6520c3e02e79b5
PSP_GAME/USRDIR/USA/BENEMY/ENEMY156.EMI	14336	9d2921378b0fb679fd86a386dce46ac4ca24cc925a5df062de6520c3e02e79b5
PSP_GAME/USRDIR/USA/BENEMY/ENEMY157.EMI	14336	9d2921378b0fb679fd86a386dce46ac4ca24cc925a5df062de6520c3e02e79b5
PSP_GAME/USRDIR/USA/BENEMY/ENEMY158.EMI	14336	9d2921378b0fb679fd86a386dce46ac4ca24cc925a5df062de6520c3e02e79b5
PSP_GAME/USRDIR/USA/BENEMY/ENEMY159.EMI	14336	9d2921378b0fb679fd86a386dce46ac4ca24cc925a5df062de6520c3e02e79b5
PSP_GAME/USRDIR/USA/BENEMY/ENEMY160.EMI	14336	9d2921378b0fb679fd86a386dce46ac4ca24cc925a5df062de6520c3e02e79b5
PSP_GAME/USRDIR/USA/BENEMY/ENEMY161.EMI	14336	9d2921378b0fb679fd86a386dce46ac4ca24cc925a5df062de6520c3e02e79b5
PSP_GAME/USRDIR/USA/BENEMY/ENEMY162.EMI	14336	9d2921378b0fb679fd86a386dce46ac4ca24cc925a5df062de6520c3e02e79b5
PSP_GAME/USRDIR/USA/BENEMY/ENEMY163.EMI	14336	9d2921378b0fb679fd86a386dce46ac4ca24cc925a5df062de6520c3e02e79b5
PSP_GAME/USRDIR/USA/BENEMY/ENEMY164.EMI	14336	9d2921378b0fb679fd86a386dce46ac4ca24cc925a5df062de6520c3e02e79b5
PSP_GAME/USRDIR/USA/BENEMY/ENEMY165.EMI	14336	9d2921378b0fb679fd86a386dce46ac4ca24cc925a5df062de6520c3e02e79b5
PSP_GAME/USRDIR/USA/BENEMY/ENEMY166.EMI	14336	9d2921378b0fb679fd86a386dce46ac4ca24cc925a5df062de6520c3e02e79b5
PSP_GAME/USRDIR/USA/BENEMY/ENEMY167.EMI	36864	acc87e4fc9d0dbddedebd81b3e2d1a7daece2bcc0d57b5bb7bfb8e6d67ab9a44
PSP_GAME/USRDIR/USA/BENEMY/ENEMY168.EMI	36864	acc87e4fc9d0dbddedebd81b3e2d1a7daece2bcc0d57b5bb7bfb8e6d67ab9a44
PSP_GAME/USRDIR/USA/BENEMY/ENEMY169.EMI	36864	a2a45c9878c0282e7d49618c9d6b7b83acb970340a47bfb6077ee197fbab2559
PSP_GAME/USRDIR/USA/BENEMY/ENEMY170.EMI	36864	a2a45c9878c0282e7d49618c9d6b7b83acb970340a47bfb6077ee197fbab2559
PSP_GAME/USRDIR/USA/BENEMY/ENEMY171.EMI	36864	df427fb2e8d72a0bca843a370291da4d256ffa6736be323641b0729039f8d45a
PSP_GAME/USRDIR/USA/BENEMY/ENEMY172.EMI	28672	11d28e8b49afd0f032abcfbc3e2c8aa1561f5f243cc7d08044f6bbc18bf4143b
PSP_GAME/USRDIR/USA/BENEMY/ENEMY173.EMI	36864	c6be55707b204d431c0f90279d0885c7df9907d380d88b031f72735108c7a4e3
PSP_GAME/USRDIR/USA/BENEMY/ENEMY174.EMI	14336	9d2921378b0fb679fd86a386dce46ac4ca24cc925a5df062de6520c3e02e79b5
PSP_GAME/USRDIR/USA/BENEMY/ENEMY175.EMI	14336	9d2921378b0fb679fd86a386dce46ac4ca24cc925a5df062de6520c3e02e79b5
PSP_GAME/USRDIR/USA/BENEMY/ENEMY176.EMI	14336	9d2921378b0fb679fd86a386dce46ac4ca24cc925a5df062de6520c3e02e79b5
PSP_GAME/USRDIR/USA/BENEMY/ENEMY177.EMI	14336	9d2921378b0fb679fd86a386dce46ac4ca24cc925a5df062de6520c3e02e79b5
PSP_GAME/USRDIR/USA/BENEMY/ENEMY178.EMI	14336	9d2921378b0fb679fd86a386dce46ac4ca24cc925a5df062de6520c3e02e79b5
PSP_GAME/USRDIR/USA/BENEMY/ENEMY179.EMI	14336	9d2921378b0fb679fd86a386dce46ac4ca24cc925a5df062de6520c3e02e79b5
PSP_GAME/USRDIR/USA/BENEMY/ENEMY180.EMI	14336	9d2921378b0fb679fd86a386dce46ac4ca24cc925a5df062de6520c3e02e79b5
PSP_GAME/USRDIR/USA/BENEMY/ENEMY181.EMI	14336	9d2921378b0fb679fd86a386dce46ac4ca24cc925a5df062de6520c3e02e79b5
PSP_GAME/USRDIR/USA/BENEMY/ENEMY182.EMI	14336	9d2921378b0fb679fd86a386dce46ac4ca24cc925a5df062de6520c3e02e79b5
PSP_GAME/USRDIR/USA/BENEMY/ENEMY183.EMI	14336	9d2921378b0fb679fd86a386dce46ac4ca24cc925a5df062de6520c3e02e79b5
PSP_GAME/USRDIR/USA/BENEMY/ENEMY184.EMI	14336	9d2921378b0fb679fd86a386dce46ac4ca24cc925a5df062de6520c3e02e79b5
PSP_GAME/USRDIR/USA/BENEMY/ENEMY185.EMI	14336	9d2921378b0fb679fd86a386dce46ac4ca24cc925a5df062de6520c3e02e79b5
PSP_GAME/USRDIR/USA/BENEMY/ENEMY186.EMI	14336	9d2921378b0fb679fd86a386dce46ac4ca24cc925a5df062de6520c3e02e79b5
PSP_GAME/USRDIR/USA/BENEMY/ENEMY187.EMI	14336	9d2921378b0fb679fd86a386dce46ac4ca24cc925a5df062de6520c3e02e79b5
PSP_GAME/USRDIR/USA/BENEMY/ENEMY188.EMI	20480	1365003dbc14c1c0d8467e1de9ee8de2bbfab4f802e9cd09ab7bf03b0c61549a
PSP_GAME/USRDIR/USA/BENEMY/ENEMY189.EMI	14336	9d2921378b0fb679fd86a386dce46ac4ca24cc925a5df062de6520c3e02e79b5
PSP_GAME/USRDIR/USA/BENEMY/ENEMY190.EMI	14336	9d2921378b0fb679fd86a386dce46ac4ca24cc925a5df062de6520c3e02e79b5
PSP_GAME/USRDIR/USA/BENEMY/ENEMY191.EMI	14336	9d2921378b0fb679fd86a386dce46ac4ca24cc925a5df062de6520c3e02e79b5
PSP_GAME/USRDIR/USA/BENEMY/ENEMY192.EMI	14336	9d2921378b0fb679fd86a386dce46ac4ca24cc925a5df062de6520c3e02e79b5
PSP_GAME/USRDIR/USA/BENEMY/ENEMY193.EMI	14336	9d2921378b0fb679fd86a386dce46ac4ca24cc925a5df062de6520c3e02e79b5
PSP_GAME/USRDIR/USA/BENEMY/ENEMY194.EMI	14336	9d2921378b0fb679fd86a386dce46ac4ca24cc925a5df062de6520c3e02e79b5
PSP_GAME/USRDIR/USA/BENEMY/ENEMY195.EMI	14336	9d2921378b0fb679fd86a386dce46ac4ca24cc925a5df062de6520c3e02e79b5
PSP_GAME/USRDIR/USA/BENEMY/ENEMY196.EMI	14336	9d2921378b0fb679fd86a386dce46ac4ca24cc925a5df062de6520c3e02e79b5
PSP_GAME/USRDIR/USA/BENEMY/ENEMY197.EMI	14336	9d2921378b0fb679fd86a386dce46ac4ca24cc925a5df062de6520c3e02e79b5
PSP_GAME/USRDIR/USA/BENEMY/ENEMY198.EMI	14336	9d2921378b0fb679fd86a386dce46ac4ca24cc925a5df062de6520c3e02e79b5
PSP_GAME/USRDIR/USA/BENEMY/ENEMY199.EMI	14336	9d2921378b0fb679fd86a386dce46ac4ca24cc925a5df062de6520c3e02e79b5
PSP_GAME/USRDIR/USA/BGM/BGM000.EMI	266240	ef672f027e2377ed257a25a401e84674ad2058c18735094e1bf69c453303da38
PSP_GAME/USRDIR/USA/BGM/BGM002.EMI	268288	1db56bbbc72e860ecc8222ba1aa00523db95088a2e8e40e4a3ec8125acc42460
PSP_GAME/USRDIR/USA/BGM/BGM002A.EMI	155648	58f24d96b225a47f500f0ff07914b23049cb87721d8a6acddecad18bd37a8b4d
PSP_GAME/USRDIR/USA/BGM/BGM003.EMI	221184	6ce8478b191b13ade670b38bc9261ebc5b4d7a07a5f497a541f55df224291e01
PSP_GAME/USRDIR/USA/BGM/BGM004.EMI	188416	01b8b6228be99b66335ba76e036e67f56c14dc9ec088f2e0a4196e35c4d20adc
PSP_GAME/USRDIR/USA/BGM/BGM005.EMI	264192	5e9a397e6c403e58532b4ad442895bb03f96db5d14d14277db6d640956ee6dbe
PSP_GAME/USRDIR/USA/BGM/BGM005A.EMI	258048	08aaa3bdec727ea9da4df459638833a7b5a47987c22a7e82abc2c36893275d88
PSP_GAME/USRDIR/USA/BGM/BGM008.EMI	292864	070db6586e9726601a599f6fc21bf147134ae2febe86080913f475d652e5d557
PSP_GAME/USRDIR/USA/BGM/BGM011.EMI	260096	bf133875c113a3093c0c9e2a55a6ef00ba19d4771ea4302ef131759052dad630
PSP_GAME/USRDIR/USA/BGM/BGM012.EMI	260096	9949e11d44fc233b9cdb2f3d40c29247a474a61aa3fe11db16a5a435c565bb69
PSP_GAME/USRDIR/USA/BGM/BGM013.EMI	266240	7ce3f0ce2925a09cf251353bbc7099ebce8777d6160ed68c68057f8655c566d2
PSP_GAME/USRDIR/USA/BGM/BGM016.EMI	278528	2966437ec25721734479823e636e21b50e5f08de8537713dfd986c4947eb5975
PSP_GAME/USRDIR/USA/BGM/BGM016A.EMI	266240	d95e50102caab61473823cc0198699cef06e608bb20c1c7c2dd9aa009fc6d80d
PSP_GAME/USRDIR/USA/BGM/BGM019.EMI	208896	e2b63e60805f6e4b9c93232f0ffb4a0eb89afded44bb3ef6dacb90e1cbe4eadb
PSP_GAME/USRDIR/USA/BGM/BGM021.EMI	274432	990fb0c95399fef8b679b3c1fe202754251ab85a3dec72c20ac29a088e754604
PSP_GAME/USRDIR/USA/BGM/BGM022.EMI	247808	f55fbcb7c1f3c79c12214fd4e804e4ed0efc967600640c3ef36a498491049fad
PSP_GAME/USRDIR/USA/BGM/BGM023.EMI	276480	309ad22fa25ce24ab8c51a8b5310d47d7449b0fc1b899f7f4d2cf51433881313
PSP_GAME/USRDIR/USA/BGM/BGM026.EMI	303104	4e9253c4f1160115572d5cbf582300d62c04e9e902ab085f78f3391d5b5aa92f
PSP_GAME/USRDIR/USA/BGM/BGM027.EMI	225280	fda20d015852ff059025cd0871e3a95da38a0a15485004b09e1e692317782b8b
PSP_GAME/USRDIR/USA/BGM/BGM028.EMI	262144	5ecce9eea4ac51dfae8fd725ea2c772c5cff69b84a283682f6aa84bfb2cad4c6
PSP_GAME/USRDIR/USA/BGM/BGM030.EMI	268288	9f0b16908b05bbfa30373a9cd414c08531ed8a59274f39274acca15deaad922c
PSP_GAME/USRDIR/USA/BGM/BGM032.EMI	161792	4a23d7c2988db601bcc79d5136a0bb39a5bb8bc946039fc010fb92302c107e4f
PSP_GAME/USRDIR/USA/BGM/BGM035.EMI	247808	6932cf8d3ee8709f286c7516a446425f6784d6d0bd05a28a16e548f8785a260e
PSP_GAME/USRDIR/USA/BGM/BGM037.EMI	253952	17a12a885ec3b26335bed0f4565de8a5ccd4b88d748a6e896e04224933bc1449
PSP_GAME/USRDIR/USA/BGM/BGM039.EMI	266240	bb04aafb0beb6a3eade5cc10912e1db06a41545b46be0e9797c532b49ea6efb3
PSP_GAME/USRDIR/USA/BGM/BGM039A.EMI	268288	6f0a192d11e7e0c7558e9083a9b103ca91c14d406e8693d5b7d807c0ce799340
PSP_GAME/USRDIR/USA/BGM/BGM040.EMI	290816	ee32dd9de42ec6a644df318963e99e515f765b9818eaf2a54f816d226aa7e8d6
PSP_GAME/USRDIR/USA/BGM/BGM040A.EMI	233472	82eda2a684c4042e1cf5ca08d0865039b12a1fda56fed3e543bdda1a86e9c60e
PSP_GAME/USRDIR/USA/BGM/BGM041.EMI	256000	69f6a577f3441f80289f616628d63c43b71a3ca384bcc27dee6fc3323bbea884
PSP_GAME/USRDIR/USA/BGM/BGM043.EMI	266240	fb6844dd4dd4deec0ea7e20ad223ff800e5ef8b546ec3f9dd620541720627c08
PSP_GAME/USRDIR/USA/BGM/BGM050.EMI	276480	2c6bf629d3067fa7de4f7cbf8a4777bf730e766716f77f625638a48dd30933a0
PSP_GAME/USRDIR/USA/BGM/BGM051.EMI	270336	006cb6fbe1c14fbb027e489607c4d79d63e243d37ee632f11e370c9cbf50da77
PSP_GAME/USRDIR/USA/BGM/BGM052.EMI	253952	8f4ac161de359aaaf6173b49e59ec99cc4bd04f9f1ab4ba02fee5834645e0ad7
PSP_GAME/USRDIR/USA/BGM/BGM053.EMI	57344	49de192d8f8d88b07edd0c4b197c0037c006076bc02db32138f2d0341fe2dbcb
PSP_GAME/USRDIR/USA/BGM/BGM054.EMI	110592	8632ba825da55342f3e23438d840207772a4365b3e269f3b2d19025698267d7b
PSP_GAME/USRDIR/USA/BGM/BGM057.EMI	266240	92c10ff0d941c98c2c4a794731df58a9c06dcd99ceb3bda13ded77be1a556cb0
PSP_GAME/USRDIR/USA/BGM/BGM058.EMI	141312	42b9051217f49a81bc4c90e2b39b294039bb3248dd9894d04e30cd639b6f5c54
PSP_GAME/USRDIR/USA/BGM/BGM060.EMI	67584	eedc82318932d400e8138550ab7ccd4f2271a1c74c0c54edf503d14e46dd4395
PSP_GAME/USRDIR/USA/BGM/BGM067.EMI	258048	876d62f521c94723575b75d011cd3e3a6d2f699c5905211f49f284e24e605ac6
PSP_GAME/USRDIR/USA/BGM/BGM068.EMI	270336	f7b47eab2c9fee6243ad9d15ad32be64d7a84868df657cb3672364696f9863f3
PSP_GAME/USRDIR/USA/BGM/BGM070.EMI	264192	7f86212371cb22e859dd0df78d08c5696df33a1d6b6149c75c35949109cf0c30
PSP_GAME/USRDIR/USA/BGM/BGM075.EMI	233472	28774cf6f9da6e7b5f19e98ca955c74a5700d97473e146088d77d42e3c614590
PSP_GAME/USRDIR/USA/BGM/BGM076.EMI	47104	f7c02c2192e53778b4a67a911668fbb7a5fe44bb55004526170381efb7440ccc
PSP_GAME/USRDIR/USA/BGM/BGM077.EMI	270336	9bd47d01b4f8715fe7169cb40f8d7e204bd811a89cae3b0a191e02522c1ecc8d
PSP_GAME/USRDIR/USA/BGM/BGM078.EMI	296960	36fac50bfa07a7bdd65425d32d69d6e51579667360caefacb06b2da77a030ad8
PSP_GAME/USRDIR/USA/BGM/BGM078A.EMI	274432	16ef33010c2b166109078b2253491c227830e0762798477a1e136fd5c8fe4e96
PSP_GAME/USRDIR/USA/BGM/BGM082.EMI	294912	643ed31dcaf07c80bf9fe8ab9b6900028591a487d6a9895735d85d3669f0206a
PSP_GAME/USRDIR/USA/BGM/BGM082A.EMI	260096	d9e1cedca0d86cf1b6aefdb9df831f8f17132723106147c7d708b1514cd2e592
PSP_GAME/USRDIR/USA/BGM/BGM082B.EMI	247808	730bafced71585d2c6f5293e99f186c0c07e583ee50ea488863898a1ea04f851
PSP_GAME/USRDIR/USA/BGM/BGM092.EMI	266240	0ceb63a1339c58b271f83d15186df6b135b129ddd965840bb7fcce538415e20b
PSP_GAME/USRDIR/USA/BGM/BGM098.EMI	180224	2145348e48f906cdabd1f86dd2a066498b7277556af19e82f031e1db9772c50e
PSP_GAME/USRDIR/USA/BGM/BGM099.EMI	286720	39c2deda01eb7e4f7326bd7781b84b12bc551932cb3ff68e1288c6f5dc672d3f
PSP_GAME/USRDIR/USA/BGM/BGM101.EMI	260096	440b94322b0520313c35c03bba5865ae37c7530b161d6d92987616af75e2a7e3
PSP_GAME/USRDIR/USA/BGM/BGM102.EMI	239616	0c7f506229f19d63d66b2bc7f1db26c39ce0493ed97cec1069d8269ea09859e9
PSP_GAME/USRDIR/USA/BGM/BGM104.EMI	272384	6d740f4d8d010e8b8fa84b18ce12fbd57b59fc51fdb8c6f4eac3d0d929e31ea7
PSP_GAME/USRDIR/USA/BGM/BGM108.EMI	276480	555de24709fc2a23204944e618840be96c40032f1a328d3b8bcafa6baad341fb
PSP_GAME/USRDIR/USA/BGM/BGM117.EMI	245760	6b8ae5b97c60aec1114eaba3217d7ba3c67e147cdba2dfcee176dd6832e8d323
PSP_GAME/USRDIR/USA/BGM/BGM127.EMI	268288	bcacac01af2024f81a511bc04ebc2d2de497f1efec5e1483c7a1087a853767b0
PSP_GAME/USRDIR/USA/BGM/BGM130.EMI	262144	b96596c6971098230d4e16a0aac75e1808bd1fc5324dfbca56a8a550527f51c9
PSP_GAME/USRDIR/USA/BGM/BGM131.EMI	245760	4d4a550f6126788905669cbce53fc209ed9fa08acc9a9cd920cccf3c7b47ef98
PSP_GAME/USRDIR/USA/BGM/BGM133.EMI	247808	3d90a4ba99e208cc5db84f985f2f76b2ac689fc6e1d70c563b7e2bc72053c78a
PSP_GAME/USRDIR/USA/BGM/BGM143.EMI	229376	1469a4ee2f34e6376da986c09a807e91bca64de9cb5dd32817bcc0e7f385b91c
PSP_GAME/USRDIR/USA/BGM/BGM147.EMI	251904	a43a66806566897117ef0844e723e0d5c3e46b8b5bb75417046ec2519824510d
PSP_GAME/USRDIR/USA/BGM/BGM153.EMI	61440	4b4d420646fbdede1fae76bcd4c4cfe457d4d1598a163dfc7293b653062c194d
PSP_GAME/USRDIR/USA/BGM/BGM155.EMI	258048	1e42753dc35b20a3d49c6c24b48d253045bb02ed70892c513aa71baa8750b6f6
PSP_GAME/USRDIR/USA/BGM/BGM167.EMI	280576	3460286e2f829a5d301351f2f0c86016df616ac4d8db72d093176a4aad549cee
PSP_GAME/USRDIR/USA/BGM/BGM175.EMI	239616	07d9ddfb4bf6c43d92bd30d35914daca15ef3e8f00ede8784b54ae65ac028e49
PSP_GAME/USRDIR/USA/BGM/BGM175A.EMI	223232	fffabeff66197db071bb0225bbe9bbdc12d71e0f98fd84d30e62cdb2fb900709
PSP_GAME/USRDIR/USA/BGM/BGM188.EMI	233472	ed33576ac351ddb5909c319ecb5a9af3f43690bb86d89928686d8e3d212e68d8
PSP_GAME/USRDIR/USA/BGM/BGM189.EMI	247808	b29b488aae6d80926140df3410d073d0725a6aa26132dd9b409832cadda0314c
PSP_GAME/USRDIR/USA/BGM/BGM197.EMI	239616	f14d4760d43684e46a4e498bc55d6ee58816ebedb5dceb6539869af1570a5d34
PSP_GAME/USRDIR/USA/BGM/BGMBAT00.EMI	272384	bcf9757705602fe3e4f6534ce596ea7e7f1554a502dc51ef670ec4c9d607d2f9
PSP_GAME/USRDIR/USA/BGM/BGMBAT01.EMI	276480	8bfdd4c39e0b1659d6fa701a83a78a7c78ce3a672f9b991b091622b0cfdea5c5
PSP_GAME/USRDIR/USA/BGM/BGMBAT02.EMI	272384	769b86fa36b5c598693e195948dbf271bf86abe657128baa918f82e68487f530
PSP_GAME/USRDIR/USA/BGM/BGMBAT03.EMI	264192	4b91077dbfec66cec4d7ff6685cbcd118ab1af7b54e624f849105e2ab1656e1a
PSP_GAME/USRDIR/USA/BGM/BGMBAT04.EMI	276480	fd404504db35feff947093500da5022d8e8fc656404e0eba1b58b1dec17de862
PSP_GAME/USRDIR/USA/BGM/BGMBAT05.EMI	268288	040022807c250156ffea43e87f06049798af3d80ff9647d5776623d332d94fbe
PSP_GAME/USRDIR/USA/BGM/BGMBAT06.EMI	288768	b4d9e67a50a7a6475c540fdcce08cce92cceb67343c4409794e15005c77a87d6
PSP_GAME/USRDIR/USA/BGM/BGMEND.EMI	452608	9716f4d9172844c5c498e38d0c832f4b5a524bdd1437d6cd79a7d5b8f3ddf99e
PSP_GAME/USRDIR/USA/BGM/BGMOPN.EMI	434176	daa7725ed6b42e7d5d8f61b4d3b2eec9064850e71e5cfb70c8051fe097f7b72f
PSP_GAME/USRDIR/USA/BGM/BGMSPC.EMI	284672	c7f6ca223b6f56453aff2fbb6d4af4e01a8bcb37500dc3611760f77948e76f06
PSP_GAME/USRDIR/USA/BMAGIC/KAIZAR_D.EMI	90112	c9ea58941a04d63cbbe35001eccec241a145e3de386e4ccb51a395bbbafe7347
PSP_GAME/USRDIR/USA/BMAGIC/KAIZAR_F.EMI	90112	294f1ba6d2eecf2a064a1af2ea8c7ac93ae1036ebcd202c13c960b25dd06cb86
PSP_GAME/USRDIR/USA/BMAGIC/KAIZAR_N.EMI	90112	c4d6d7e2752f211b3694331589f581d833b98976676c296a318579dbf76d9255
PSP_GAME/USRDIR/USA/BMAGIC/MAGIC001.EMI	10240	8b6e124d636192b2f3cfd2dbb9a028824422888ca658480b8d96b8957f9532e4
PSP_GAME/USRDIR/USA/BMAGIC/MAGIC002.EMI	8192	0779e7cf229ba6302b4b043951df66c303f322380812babb030e2cd5b5ca3b79
PSP_GAME/USRDIR/USA/BMAGIC/MAGIC003.EMI	86016	d18b9c697c4c84bb222bd5a785e673ed210505115b2b7e0a45d115474615bf0b
PSP_GAME/USRDIR/USA/BMAGIC/MAGIC004.EMI	120832	281d695df0006373e185c7588c56611a3424e6f623b44189875c9f2d647d21f2
PSP_GAME/USRDIR/USA/BMAGIC/MAGIC005.EMI	133120	c0ef00ce4aa8b15041338fb963ff571214adfbcba2aa7cb089ccede411f0e3b8
PSP_GAME/USRDIR/USA/BMAGIC/MAGIC006.EMI	122880	240e9ad19271c1a1a72c361b016ffff6d5c6666621721e4926c0310e939ab249
PSP_GAME/USRDIR/USA/BMAGIC/MAGIC008.EMI	51200	5dc9303ce6c90f137515350a447bd1dc178b582bba9eec9cd3c201e5a2cbf9b6
PSP_GAME/USRDIR/USA/BMAGIC/MAGIC009.EMI	67584	f5b935b822a1cd826ef4dcc68a652c47d6be6ebc50b19ac7a7c1f97161bf55f3
PSP_GAME/USRDIR/USA/BMAGIC/MAGIC010.EMI	4096	d0d959a26a99453bf55e907f2544ec6401a5512f465002dcf98ca9e01b43d650
PSP_GAME/USRDIR/USA/BMAGIC/MAGIC012.EMI	73728	7940f8e8dfa33202203244ee72d47831a620fa4991eb81056eacae7f41dc81cc
PSP_GAME/USRDIR/USA/BMAGIC/MAGIC013.EMI	69632	1f642041e8a7f33097313fcced4a39506fd6f0604461db8d43b02da7163367cc
PSP_GAME/USRDIR/USA/BMAGIC/MAGIC015.EMI	14336	2f9b7578aefb4fb5a3e66ddba32e2826571317f8f51400abc3414e37ceb191a1
PSP_GAME/USRDIR/USA/BMAGIC/MAGIC016.EMI	49152	9770b543abbd36902f01801a10f7a4b93d6de70e022203f8aa6edc2ef351bffe
PSP_GAME/USRDIR/USA/BMAGIC/MAGIC017.EMI	32768	d5a234aee57ea3ab3affeb7f6d415a1289caccb14b59a1b0ed108cd62d6e7a6a
PSP_GAME/USRDIR/USA/BMAGIC/MAGIC018.EMI	59392	2a02934da01f39a7318c1c82504f7328180403dd1247c04d80c435f1147d03a0
PSP_GAME/USRDIR/USA/BMAGIC/MAGIC019.EMI	83968	38c06c8559029d8579a63c8cec4a5c81002c535ded7d887ee5112eb8a8a38960
PSP_GAME/USRDIR/USA/BMAGIC/MAGIC020.EMI	67584	53f5b14f4590472acbbaf4917be3aa34c3524334339e27c69e0fbc5992bed9b0
PSP_GAME/USRDIR/USA/BMAGIC/MAGIC021.EMI	40960	7eab328053a1b9cd76e3c3aaec8cdc19c7cce0eb44bbae33536d636e32179dc2
PSP_GAME/USRDIR/USA/BMAGIC/MAGIC029.EMI	133120	d75321e8ac1eb335cbe346ea49fe6201492b3d4666d9b7de4fa34a53d7a029e8
PSP_GAME/USRDIR/USA/BMAGIC/MAGIC038.EMI	163840	66a8fa445fc304f8dcf08ffa327a54bb551a41078aab81681ba60aa5ca68ab96
PSP_GAME/USRDIR/USA/BMAGIC/MAGIC039.EMI	88064	817f778fb78ae82429de33b432cc0819181e72e427e6e01f1787a5e134df438d
PSP_GAME/USRDIR/USA/BMAGIC/MAGIC040.EMI	102400	f919abbca30affcabfee6e6b81a4b87cd10b5406b927e67b4bc154f07994d873
PSP_GAME/USRDIR/USA/BMAGIC/MAGIC041.EMI	53248	5df43a90d0a119df00a9a3633502f245afd2ce08190d9bfebb2753b6a9b8df92
PSP_GAME/USRDIR/USA/BMAGIC/MAGIC042.EMI	47104	b066ed169229e30da7be21910828a533665cecb4b888a627fd42d7024183a776
PSP_GAME/USRDIR/USA/BMAGIC/MAGIC043.EMI	120832	e9c810b6855bb632308524bd9cce8f3f505568b3ee3faca2ed1b8747502575c0
PSP_GAME/USRDIR/USA/BMAGIC/MAGIC044.EMI	88064	e0a24e56ac37fcc47efd3d84e9fb0e034dd76e90db90fdb79b50ead0770d2730
PSP_GAME/USRDIR/USA/BMAGIC/MAGIC045.EMI	43008	b52e20a9b541159587bb81fc27d4689d689d236d7786b37e7db7c83c9a4d5161
PSP_GAME/USRDIR/USA/BMAGIC/MAGIC046.EMI	122880	3583e889efedced6638e674809c22162b2dc469be4d4788a199e547be9c152b4
PSP_GAME/USRDIR/USA/BMAGIC/MAGIC047.EMI	122880	374243ffeef62a131d613c7941597f398874ae099ed8ba7a7e2631e016e49f60
PSP_GAME/USRDIR/USA/BMAGIC/MAGIC048.EMI	71680	14a1e65ad1229b21ede876e04d8a3161117ffc749c585df2285c7b3f5f555d50
PSP_GAME/USRDIR/USA/BMAGIC/MAGIC049.EMI	108544	cad9ca01b8f5c857ed79a0915c905fa232bb6911f749f13974779180e77dcb36
PSP_GAME/USRDIR/USA/BMAGIC/MAGIC050.EMI	32768	81d915e9628cd3fde1cfffa95ac6992f4c1b2e3f730f4af27e7cd1a0f608cdaa
PSP_GAME/USRDIR/USA/BMAGIC/MAGIC052.EMI	53248	f61041ebb74a9520e6ced2e0564a7c2258e598b546990e40176a0f7ea7c5e208
PSP_GAME/USRDIR/USA/BMAGIC/MAGIC053.EMI	112640	ca637022bdded64d011c7baea8f708a869c7c24385a13f8cc8ac7aa237864080
PSP_GAME/USRDIR/USA/BMAGIC/MAGIC054.EMI	79872	cffe9361bc60e7a75e42e828674fc79d8023b86b0457a62d41b267844cbff7f8
PSP_GAME/USRDIR/USA/BMAGIC/MAGIC055.EMI	69632	d1082c5455e4741836fdb4a9712ccb4dda9675b74871f5adaa731349ccb83aff
PSP_GAME/USRDIR/USA/BMAGIC/MAGIC056.EMI	86016	ed6d07516fea830f8cb63600c162fd962bf7c6d817ada727a75009bc84771bf7
PSP_GAME/USRDIR/USA/BMAGIC/MAGIC057.EMI	114688	5644d774a2c96e52e798094e9b22d88e21407b765b2ff2f12a48f6714dc18845
PSP_GAME/USRDIR/USA/BMAGIC/MAGIC058.EMI	79872	47924d08965820d3e8ef79af7818c6e5ceff4acc927930740edd30ce3d926639
PSP_GAME/USRDIR/USA/BMAGIC/MAGIC059.EMI	129024	0a34303446f57c86f674a23c16ab0cbfc4dd42e58f9369cefc893ded6394d9d9
PSP_GAME/USRDIR/USA/BMAGIC/MAGIC060.EMI	10240	0e2b2c64f9ea632f22bb70455a797c99304978cf972598bbe465b8b04b6e7c7b
PSP_GAME/USRDIR/USA/BMAGIC/MAGIC062.EMI	108544	18d67c02c84f1cb3e4658ea11e474b6d796e3c3357b9bcec17153f8874b3f65e
PSP_GAME/USRDIR/USA/BMAGIC/MAGIC063.EMI	83968	f2df1baf19661e83ebf05fe2828e0de9bab5394b5fb51cfdf6ad13e779a11ccc
PSP_GAME/USRDIR/USA/BMAGIC/MAGIC064.EMI	106496	6e7de8eb8d637a6740869ca675316cf6141d339ca3b347327556492bb02bf00c
PSP_GAME/USRDIR/USA/BMAGIC/MAGIC065.EMI	6144	3f38d8e86a7351180cfeed8f13f1da69cc6370af82e2bc12a70d0efec6c14ac8
PSP_GAME/USRDIR/USA/BMAGIC/MAGIC066.EMI	159744	29c6d727de1409a02d249c899e1db9de42387d3499568e71b235cc5f29862822
PSP_GAME/USRDIR/USA/BMAGIC/MAGIC067.EMI	165888	e968773eec68146626817aa119f5d497dfd09eb0b31f69b29480f74283a2808c
PSP_GAME/USRDIR/USA/BMAGIC/MAGIC068.EMI	49152	8f410171e6566c9ce0f5c1690cf833d0ee583610fcc2b689371370dbc8e727f9
PSP_GAME/USRDIR/USA/BMAGIC/MAGIC069.EMI	131072	ffafece5d85d74dcd7ad678de15db19d5dbd6c1af20dc0a295019344b56aa2d8
PSP_GAME/USRDIR/USA/BMAGIC/MAGIC070.EMI	86016	21532b7063a8056b1d33cfd7d019ff6dc815891fc4ebcf6b7646c0c5897d6dd6
PSP_GAME/USRDIR/USA/BMAGIC/MAGIC071.EMI	86016	f21c75d766be48cd24f136763ef135454ca7c6a89407566cdf36f687caaefd17
PSP_GAME/USRDIR/USA/BMAGIC/MAGIC072.EMI	86016	f41aeeb12c461873b028b254e6155bd7d569bb28b0565c92dad6b3283c47f441
PSP_GAME/USRDIR/USA/BMAGIC/MAGIC073.EMI	71680	24428939db1147681c12188a45f2665ee62c78f9e0eab5abf1d50c43e5b3c4b7
PSP_GAME/USRDIR/USA/BMAGIC/MAGIC074.EMI	71680	ff36210c82d1450d0cfdbf11b9f5981ce166608259cbe99f1b55a45957dd3dc9
PSP_GAME/USRDIR/USA/BMAGIC/MAGIC075.EMI	116736	a92978d1934d839df2b97c6aa024700474bf737b5ef1719d1ae618d00667bd0e
PSP_GAME/USRDIR/USA/BMAGIC/MAGIC076.EMI	165888	cdba86b20865d74130d85f53d498ec0acced797dda4bfd9e6579f0c2e9ff5608
PSP_GAME/USRDIR/USA/BMAGIC/MAGIC077.EMI	165888	7dc71aac3267de1613360fe1d1cfa343ac1128e4c2829c96352596ab6b8cff65
PSP_GAME/USRDIR/USA/BMAGIC/MAGIC078.EMI	90112	67e2374881f9c467697adcadd6e8b47c4dcc6e80a4093b94b7e0da5b1cea7ad3
PSP_GAME/USRDIR/USA/BMAGIC/MAGIC079.EMI	75776	ee0e8248df456a42ffe93453b139bf92f369ebbe0e7358fae34a37f240cbde59
PSP_GAME/USRDIR/USA/BMAGIC/MAGIC080.EMI	4096	fbd8d213b4ad83f04e688772fe7b1c75f4d68f9a94e9696f32f7ff70edf42149
PSP_GAME/USRDIR/USA/BMAGIC/MAGIC081.EMI	116736	edf9ff1cffd90d605f68deec3146f22734e056a85160417eeab704c3741bd563
PSP_GAME/USRDIR/USA/BMAGIC/MAGIC082.EMI	108544	46b72e37d765c000ddd1c34b76d4ce44a5be8899490bf811e232e194b1bfe2ce
PSP_GAME/USRDIR/USA/BMAGIC/MAGIC083.EMI	110592	9508c25721bba0fbd19d59b60615683df70288941fa79215d9cd4b4db997d946
PSP_GAME/USRDIR/USA/BMAGIC/MAGIC086.EMI	63488	4650f7d1cc5d05d80d4a451e6cebf0e1b83639d9e00cbbd5ff84d802e5910c2f
PSP_GAME/USRDIR/USA/BMAGIC/MAGIC087.EMI	83968	b300536b6a976255e5ba811cea6cd908c57d3fddc7242e00644072cff9375914
PSP_GAME/USRDIR/USA/BMAGIC/MAGIC088.EMI	126976	af8b57af7109db5b8dcf3eb300650b34fb159a2b7d62d4f45142554eb25d1902
PSP_GAME/USRDIR/USA/BMAGIC/MAGIC091.EMI	69632	9c6491a406131487b3928711d66aa3349d73c6f92cbbd9c1f6fa2b75cabfc37b
PSP_GAME/USRDIR/USA/BMAGIC/MAGIC092.EMI	90112	34a75c5b132ef0d6e65782e3da607fb6bac32bead492e833c29baf238ffdc0ca
PSP_GAME/USRDIR/USA/BMAGIC/MAGIC093.EMI	165888	fe4e08d66bbd95ad6085d158fad9e71d995660b7853521242b06fa9c5d2a8867
PSP_GAME/USRDIR/USA/BMAGIC/MAGIC094.EMI	47104	100779653c70ac57c0cd607df417a71dba7e19de156770119c7a8cfd2c7d8957
PSP_GAME/USRDIR/USA/BMAGIC/MAGIC095.EMI	96256	b144fdebced37064b965155d878d02bb4370dd510216dfafec523f89dc2dc061
PSP_GAME/USRDIR/USA/BMAGIC/MAGIC096.EMI	145408	cf56d71b4147bd903d9dbf205464df7628f1e188226ac8d287adb8d509258c0e
PSP_GAME/USRDIR/USA/BMAGIC/MAGIC097.EMI	43008	b2f9e69d70beeb9074f8abb57276f9d00ee9df0aab1e2ad9e0ce60d1b41acb5f
PSP_GAME/USRDIR/USA/BMAGIC/MAGIC098.EMI	38912	876755e28e8ca001d67663b67570dfd8c270fdb8d7e58c35cff82b97cfafb45c
PSP_GAME/USRDIR/USA/BMAGIC/MAGIC099.EMI	92160	6be1800c3ef89ed7644e2ae7822e3e7e671275ff45243c4ca4518669503324f3
PSP_GAME/USRDIR/USA/BMAGIC/MAGIC100.EMI	49152	b8e5e5128677698c8a23d8fc520e5f77812292b821cf47f93b4bebaacb90a9fc
PSP_GAME/USRDIR/USA/BMAGIC/MAGIC101.EMI	81920	b7fb63bc92e365b5f54fd738c4f84ecf1a694b530939261f009987f6369377c3
PSP_GAME/USRDIR/USA/BMAGIC/MAGIC102.EMI	90112	23fcb35a9bdaad6f83b72dfb98163c2fa1993c6b2c9d7f4d23ad3078378932e4
PSP_GAME/USRDIR/USA/BMAGIC/MAGIC103.EMI	86016	42a5b0ec47246b878796db42d0c8848b11a588a26acb83330c3f0f48754486e6
PSP_GAME/USRDIR/USA/BMAGIC/MAGIC104.EMI	55296	efdf4fcb1fcf9036bebff74018d7e9abf5c2d8fa6012df91617a736fd301c5ad
PSP_GAME/USRDIR/USA/BMAGIC/MAGIC105.EMI	102400	a444fa6875d89e0d259a1d160add221a5dcdbc7c0bda992826a27ce42d1a5e25
PSP_GAME/USRDIR/USA/BMAGIC/MAGIC106.EMI	81920	e857e4b07f1355e7b17fbbcda4f2f26d29af15beb51e79c125210fcc4e80b85e
PSP_GAME/USRDIR/USA/BMAGIC/MAGIC107.EMI	88064	231dc306c84618c88c4510cf64cd19a202b6db89e2cd33931a1aa7e745a83927
PSP_GAME/USRDIR/USA/BMAGIC/MAGIC108.EMI	65536	98094a99275b55a35411fd161403048ba54db7580678bcba79d8ebde47531583
PSP_GAME/USRDIR/USA/BMAGIC/MAGIC109.EMI	69632	8d6df5d9016184c77b6d716a66721912dc2070e22cd134cff151dfa4d6177281
PSP_GAME/USRDIR/USA/BMAGIC/MAGIC110.EMI	163840	c616742df2e9acea4d3f0861da2e9858901e5aba977069fe94237b9bab680a23
PSP_GAME/USRDIR/USA/BMAGIC/MAGIC111.EMI	75776	7d4d1174dbe4e5282ef2dd2a9cb847cf2119a83b5bf9f2be95267b222a78fca2
PSP_GAME/USRDIR/USA/BMAGIC/MAGIC112.EMI	4096	fbd8d213b4ad83f04e688772fe7b1c75f4d68f9a94e9696f32f7ff70edf42149
PSP_GAME/USRDIR/USA/BMAGIC/MAGIC113.EMI	129024	1e4f6eca7120f06eddb9d5c3373b38b917195f8bf76d85fb1946294f30392251
PSP_GAME/USRDIR/USA/BMAGIC/MAGIC114.EMI	184320	2a28f3a6a27846d95e9825d890501f179b14f8a5da30ef14f13ac679dbc33554
PSP_GAME/USRDIR/USA/BMAGIC/MAGIC115.EMI	116736	f7ec4fa3cfa4d8a846ff49eb38bd08e4af57413ed07ed33fe5a6067616dea46c
PSP_GAME/USRDIR/USA/BMAGIC/MAGIC116.EMI	57344	7b5e64ea19a371a79b0ff2ca91cf0999b1381664452728e91878ef4bd2b95fcb
PSP_GAME/USRDIR/USA/BMAGIC/MAGIC117.EMI	4096	97f83082e2295c04c66e8e9b1052b34a93403b0a0bf301bfe467e96d8689a47b
PSP_GAME/USRDIR/USA/BMAGIC/MAGIC118.EMI	69632	d663275f8768413a71bb44a13a610729d17b8fe51d5d6c64dcdb406110e9f167
PSP_GAME/USRDIR/USA/BMAGIC/MAGIC120.EMI	167936	3081827a0b114cfe8d8cc0d774186fc5e50a6876a1ff63f307098392c7eca8c1
PSP_GAME/USRDIR/USA/BMAGIC/MAGIC121.EMI	165888	25b1afaf6bfbe955c0e9197e7eba0b14e67dd09b199af6791d8311d2922eb035
PSP_GAME/USRDIR/USA/BMAGIC/MAGIC122.EMI	163840	42d8d52ca54036c6514ef46fad00cdecf1b0cf140aa6a56dfc22c8c670a28921
PSP_GAME/USRDIR/USA/BMAGIC/MAGIC123.EMI	163840	8ecee5cabc263ba3db6e55ca3d1ed8f9a115da01c17f912dcd811a8278700147
PSP_GAME/USRDIR/USA/BMAGIC/MAGIC124.EMI	92160	b14f9650c41a29e84715141bff93c2e79fac7cb918140f85a572e7ab4ed99f12
PSP_GAME/USRDIR/USA/BMAGIC/MAGIC125.EMI	100352	0fbbd1e676f1654a88ea86f401bff74a0fd88ba531ff37454204374b3dc50904
PSP_GAME/USRDIR/USA/BMAGIC/MAGIC126.EMI	126976	aea8461c1e9a8333a16977c470a87acb937d8874e33b7de182c2c4c3e29dc61b
PSP_GAME/USRDIR/USA/BMAGIC/MAGIC129.EMI	96256	7e938acc591b8297f6ba0de52e69ac7d347cdac966bc40774f4b1aedb2e309ac
PSP_GAME/USRDIR/USA/BMAGIC/MAGIC130.EMI	153600	abb5961cdc485d35a9a2217705ebd558578b07e1cb1ff55b608b963b8ff90ad8
PSP_GAME/USRDIR/USA/BMAGIC/MAGIC131.EMI	151552	c88fb84699a796c4f6b0f6b69c580c46fbea5b2b34870cd99fe2971a3823d86b
PSP_GAME/USRDIR/USA/BMAGIC/MAGIC132.EMI	143360	e26abd037fdf440f37a78ee6607aa8c8f03b7109e658c643dc8fdb7567855c10
PSP_GAME/USRDIR/USA/BMAGIC/MAGIC133.EMI	110592	282875aec9e587a2c16c458a5f01539740710aa219fa10c3cebe7674b3b00153
PSP_GAME/USRDIR/USA/BMAGIC/MAGIC134.EMI	112640	d34346ae8a72ab988fb9134b3620779a191342e232e9569670aa048516f9f904
PSP_GAME/USRDIR/USA/BMAGIC/MAGIC135.EMI	114688	90291c9939c58d5648aeb827802f75bc6cc841dd6f0afeac3835312def1e633a
PSP_GAME/USRDIR/USA/BMAGIC/MAGIC136.EMI	112640	cb43d73e610bf506da250f6b9e10151dab01d30901fe581ebb043e966ad3cc9d
PSP_GAME/USRDIR/USA/BMAGIC/MAGIC137.EMI	155648	383c892d81d3cc92f3344dfa5f416e3870edc7d13f29833c97cfd4e52a56eb17
PSP_GAME/USRDIR/USA/BMAGIC/MAGIC138.EMI	55296	6bad2f420b8e066671779d5a229e39e62750cac32bf53e4e5ab2c5a249fb5b5f
PSP_GAME/USRDIR/USA/BMAGIC/MAGIC143.EMI	38912	77b210ba65c5d448acfe873dff9030f46d4027ce5aa0bcd3333caa30964ab797
PSP_GAME/USRDIR/USA/BMAGIC/MAGIC144.EMI	88064	1b0b7839e9489e907c418cbeafac56a32167d5c1c3f68c6a2dbd991fece728b0
PSP_GAME/USRDIR/USA/BMAGIC/MAGIC145.EMI	67584	7fefbec86380e2a5d6618a1e98287fd767b161dd697f0ea689a524356466a334
PSP_GAME/USRDIR/USA/BMAGIC/MAGIC146.EMI	75776	617fa72b6724172ae129b4e92774b6e93b02892b1b2d363bc5942ee565a24f2c
PSP_GAME/USRDIR/USA/BMAGIC/MAGIC150.EMI	49152	0294f757727c50aed2977c105b5343c8a7ae7b9050099193328fccd39a5d5103
PSP_GAME/USRDIR/USA/BMAGIC/MAGIC151.EMI	104448	783afafd956ac4004db120b49ccd0dbbb524a9282d214008da2e10e5d10a7a7d
PSP_GAME/USRDIR/USA/BMAGIC/MAGIC154.EMI	73728	1314393c62e8081d16e00be766fcc68d4dbbc1ecbcfba97ea941516686e06364
PSP_GAME/USRDIR/USA/BMAGIC/MAGIC156.EMI	86016	3c851bc82bc2e992179fe485c41ebf354ca05f6c4853af3c97181e0f1d7034ac
PSP_GAME/USRDIR/USA/BMAGIC/MAGIC157.EMI	126976	2f766665482e4a0c194926e4f048c3e1ec622cd062790c677ae6ee2e3011a149
PSP_GAME/USRDIR/USA/BMAGIC/MAGIC158.EMI	75776	546137722394d5b597f44e1c95e70ba1251652cc24f2b3c0e3b7a864b198afd8
PSP_GAME/USRDIR/USA/BMAGIC/MAGIC159.EMI	86016	3007f064b91d4b0044871149c9c13ed8ec8337c9fd999745db51da144c7f870d
PSP_GAME/USRDIR/USA/BMAGIC/MAGIC161.EMI	34816	1b848e8bde9328e3f63d5dfde41c179570b7833bf7a000bf907e1ed586cea53a
PSP_GAME/USRDIR/USA/BMAGIC/MAGIC162.EMI	69632	7b231ea465becc7c2e82b04037de15892f5bc16d0bf6f82732981951dc3149a1
PSP_GAME/USRDIR/USA/BMAGIC/MAGIC166.EMI	71680	52c32ebdf28ff52c954596b1e8b24a02896d6b12f9f8e1ea1f164814c2d9df1f
PSP_GAME/USRDIR/USA/BMAGIC/MAGIC167.EMI	71680	13d102898338d0c117c070764ab0bcb20c8f2e0342ee90a6750909677300b3bf
PSP_GAME/USRDIR/USA/BMAGIC/MAGIC168.EMI	86016	61e6c9eb6d5605430a942aa5c1acc03e8cdd7f26fd7d0ebb5db7636ad3ccdf2a
PSP_GAME/USRDIR/USA/BMAGIC/MAGIC169.EMI	167936	b7c9ef0dc3966c9cf4b8c7c19995f8914b3a7d84234974ce645031d63979593b
PSP_GAME/USRDIR/USA/BMAGIC/MAGIC172.EMI	81920	d6be556a669c2c003c629a7bd8697bc43773a424d12a9b7b18e5ef9444cbf436
PSP_GAME/USRDIR/USA/BMAGIC/MAGIC173.EMI	90112	650245a29e26291776834039eff9bc9d79356d917e95392b1f89a2819aa58bd9
PSP_GAME/USRDIR/USA/BMAGIC/MAGIC213.EMI	124928	fedb8131f24267f45bbf79dfdc44d55af90f1aef51ab15686984c726c22b85d9
PSP_GAME/USRDIR/USA/BMAGIC/MAGIC216.EMI	4096	8e9ab1be3de08fcfec5af3556fe45aa1233b8444d42c82cde248eb424540c7de
PSP_GAME/USRDIR/USA/BMAGIC/MAGIC218.EMI	143360	ad3ad5865e1b27105dd8cf0301793bde2571aa8e51ef68ec9a03ddda6122ea64
PSP_GAME/USRDIR/USA/BMAGIC/MAGIC219.EMI	174080	8e09d310743cf6b45c3c7d8bc479e598cc43381c6fd5c62fb2daf3682c3d9e10
PSP_GAME/USRDIR/USA/BMAGIC/MAGIC220.EMI	186368	d8d77439516937cac94ae68389eedbecd163f1f08fdab3e3bdec494494c79ebc
PSP_GAME/USRDIR/USA/BMAGIC/MAGIC221.EMI	186368	7fe0025b90e637d782164f25bb54a9a0f822421f4dadb2f3a49ca52f3e5ef7c0
PSP_GAME/USRDIR/USA/BMAGIC/MAGIC222.EMI	151552	8930ed8e1fa2273170959a0bd972ef2815c2fdb5b29c115d38e35846231bf6c5
PSP_GAME/USRDIR/USA/BMAGIC/MAGIC223.EMI	92160	b09b41841b2c6aa1a763969f3140cc04911f303ec6e4a3b9f02b20edb0abd332
PSP_GAME/USRDIR/USA/BMAGIC/MAGIC225.EMI	147456	1b0db17d6ef0d497b05c175ecfaca8b6d2e02b9787c89325680703f1619e0efe
PSP_GAME/USRDIR/USA/BMAGIC/MAGIC226.EMI	163840	eb1103900959f6ae9b91fd86d41b54a106e421f6e699275456675b9f31c2fc36
PSP_GAME/USRDIR/USA/BMAGIC/MAGIC227.EMI	163840	5fbb5f4a2be0e87d23a097d1c9e1e5c53dfaf9862d64c5f206cb2e3cc06449f0
PSP_GAME/USRDIR/USA/BOSS/BOSS001.EMI	442368	f24c76b32c92b7ce0668a046f9e39195d2479b3cdfd40d5063cd521f66b64410
PSP_GAME/USRDIR/USA/BOSS/BOSS002.EMI	757760	6fd2a6005bf01f6bdd7a3ea6510dc24a0a72123ead8e7bad5ee1c08159e30b03
PSP_GAME/USRDIR/USA/BOSS/BOSS004.EMI	452608	f5a073f60ebf63ac4c7ad8d85cff8b9243d473c36cd034e3540f4a6224ad245a
PSP_GAME/USRDIR/USA/BOSS/BOSS007.EMI	716800	d18b771de296b64cf055e1619946b972f2a677a09e6c68cbbf30c6d9f66c50c8
PSP_GAME/USRDIR/USA/BOSS/BOSS008.EMI	747520	596e4cc0c3c2b0b9e265e9d3ee5b8ab01f656ce0a32895c907110fd3f4d8b7fd
PSP_GAME/USRDIR/USA/BOSS/BOSS012.EMI	755712	3b128eea8b42bf2b9176c8911952a0ea33692455ae5edddf9ffb270b12b40f34
PSP_GAME/USRDIR/USA/BOSS/BOSS013.EMI	739328	659745c5ec3308dd9a59712b91815c2a7d9cd5f009356427d7995b114ab92bc4
PSP_GAME/USRDIR/USA/BOSS/BOSS014.EMI	729088	243d65ba25f68ba20414224b0644bdeddab5aa2de36063b56515621ccf965629
PSP_GAME/USRDIR/USA/BOSS/BOSS015.EMI	749568	b23f28da27894d1969926447cfa69eabc595f172e4d0599f469767d2883565af
PSP_GAME/USRDIR/USA/BOSS/BOSS017.EMI	718848	d964d1636ec2aeb3ea8c2c33abeb07984b87d2026c0727fae817c0fa5c5ccd85
PSP_GAME/USRDIR/USA/BOSS/BOSS018.EMI	737280	f723673d48f6d7e00b5d98f6d603f7ea4b0483560e29fdc101715c76e99db7a0
PSP_GAME/USRDIR/USA/BOSS/BOSS019.EMI	735232	b6a98dc27f5c467c1a2941ff7cdb732c454a765b2e0ce45795b9789086c6d32d
PSP_GAME/USRDIR/USA/BOSS/BOSS020.EMI	737280	2198a769d6cffd9c2ae16e795bd2390748d56944884e400e3578b91cef141413
PSP_GAME/USRDIR/USA/BOSS/BOSS021.EMI	729088	b41df28de6ba1aad4cbf8610acc65eb88ca16fc107ad750231e136cb338dabb5
PSP_GAME/USRDIR/USA/BOSS/BOSS022.EMI	468992	929f6a612fcd2e2ec18b53c3f7652fbd24017bd6c5c77db1221df3292f72d110
PSP_GAME/USRDIR/USA/BOSS/BOSS023.EMI	710656	44686e94fa177ef001ae5b0777c2baa7bce066869e33532522bf9e2ef92fe7eb
PSP_GAME/USRDIR/USA/BOSS/BOSS024.EMI	741376	828290049f8f3e24caee50704a054988babc2d239f732f2f99bf92085c833833
PSP_GAME/USRDIR/USA/BOSS/BOSS025.EMI	473088	8d0cde97cd8ec5b2ca468a302ca2a37dc1378214f2d33c03761089bb83b5e62c
PSP_GAME/USRDIR/USA/BOSS/BOSS027.EMI	747520	011f30d7e977dc4b0f4b32605dac0e7535cebb726e7d19ae47bf2a88b6038ff6
PSP_GAME/USRDIR/USA/BOSS/BOSS028.EMI	737280	75bc470b92fde253e55c8dabb41dbf0023d26fb8d464ee006e77cd553399f394
PSP_GAME/USRDIR/USA/BOSS/BOSS029.EMI	714752	78a39506958fb2c52150cb92b3d4e2635ff569b07883aba5fe88252eb585e59c
PSP_GAME/USRDIR/USA/BOSS/BOSS030.EMI	735232	f31f287a59c5da956581aa0cba82b39173a7221675190bb67fe601c2ca428158
PSP_GAME/USRDIR/USA/BOSS/BOSS031.EMI	468992	a8bbc7dfdc58931111cde78aaa693f5bcca10eaeb33e2b27154beb7bd177d5a0
PSP_GAME/USRDIR/USA/BOSS/BOSS032.EMI	731136	8778b351f8413c150ce8859667144eb10648aeb0fc403cfce5e3c97e8594cc00
PSP_GAME/USRDIR/USA/BOSS/BOSS033.EMI	722944	eedd13c82b081abb649707020979c073900a30376e08edfc37268cbf5ce391f6
PSP_GAME/USRDIR/USA/BOSS/BOSS034.EMI	751616	2434140463263dd1caf9a35ca889118c9646a6ac8c7137906663047f112600e0
PSP_GAME/USRDIR/USA/BOSS/BOSS035.EMI	741376	1b00132c4762564dff90bcbcd8daa60afada4484920db516ccf4aeca4814a952
PSP_GAME/USRDIR/USA/BOSS/BOSS036.EMI	757760	cfab0289ef3db0a7b9b92d874d8033d559d94e1d47b27b0f05dbb4ef8b7de389
PSP_GAME/USRDIR/USA/BOSS/BOSS037.EMI	739328	dab0ab1c8efe8dfd728f2239ed7982a747bd9e649e3aaadd6f0e81ecf456b085
PSP_GAME/USRDIR/USA/BOSS/BOSS038.EMI	739328	e95b0a316f5b43195b05c0e6505a6daed9fd2b06a762cbae756c5a465d351dd9
PSP_GAME/USRDIR/USA/BOSS/BOSS040.EMI	724992	0c106d87052369fdc04454f42e1e5fa9cc9b2bb243d07ce7aa6457def1875410
PSP_GAME/USRDIR/USA/BOSS/BOSS042.EMI	727040	1dd0b82d6ed76ab96302815aa824a87bc6953fe6c2fc1feefac89d13e07d4d64
PSP_GAME/USRDIR/USA/BOSS/BOSS046.EMI	733184	f8f794ab703e11a8fb58369a259af6ffb1e4215a26058c0900e831fcad8d12bb
PSP_GAME/USRDIR/USA/BOSS/BOSS047.EMI	741376	33768c422298adc86b8ba8b2c0265b05afa8be4b1d65bc55787b46298da0e0a2
PSP_GAME/USRDIR/USA/BOSS/BOSS049.EMI	731136	e1aaf9c0d73986f9e01d21ca4cd5a33d44fae50d85e760ce7554ac3a026c5f99
PSP_GAME/USRDIR/USA/BOSS/BOSS050.EMI	739328	503d4f95cc69f6ba81283fd5090d9cddc2208407fe0d99c698e8592c1db74dc6
PSP_GAME/USRDIR/USA/BOSS/BOSS051.EMI	749568	f5d4a08d8c44dc5f4784ef10adee834a76682e9d2d7453f60881ce16549d319f
PSP_GAME/USRDIR/USA/BOSS/BOSS052.EMI	747520	6aef50b676ee5b6283829fbdfbae6a82428cfe0a728b886af180b8a8dcacc2da
PSP_GAME/USRDIR/USA/BOSS/BOSS054.EMI	757760	4cd7b6a87d6f3349f8c1e64141f31277adc2b6179440ec35ab255474d19872c8
PSP_GAME/USRDIR/USA/BOSS/BOSS055.EMI	765952	7f628283df7abe3e8ac26c1f6ce731f19bfbe445ff7c0b05e7b4841fe95f9048
PSP_GAME/USRDIR/USA/BPLCHAR/BPLD012.EMI	497664	62229a2d6b880a807391cce8604f14dacf89bf5f86220229523943480cf5a3e4
PSP_GAME/USRDIR/USA/BPLCHAR/BPLD015.EMI	458752	08333aae7f9cb9e85f2fbccca74d4dfad7bf58188cd3989f88a33a65c738e3f7
PSP_GAME/USRDIR/USA/BPLCHAR/BPLD016.EMI	460800	d6243ff434e85e5b7074a259ef8326d2df737f4d985a6e97b79e780419fa4ad2
PSP_GAME/USRDIR/USA/BPLCHAR/BPLD025.EMI	495616	af2960a023bc5d2c80aa409054342a80d9efe364b3e306e559461a9c0639f20f
PSP_GAME/USRDIR/USA/BPLCHAR/BPLD026.EMI	497664	27cec4ef1e53c985662b7a09dcedd0f4a697ffad9fd4ddff8843cf28fb30cdbc
PSP_GAME/USRDIR/USA/BPLCHAR/BPLD034.EMI	456704	de1fcbc6c65e4d140b43ab886ee493636aeb65b1a92313322f26d613b0906d32
PSP_GAME/USRDIR/USA/BPLCHAR/BPLD056.EMI	458752	bd6cbe281f048e1b729d11b39071c27a62ccb00265fa7c81d720b91d5e5d85a6
PSP_GAME/USRDIR/USA/BPLCHAR/BPLD247.EMI	493568	35a1a435e3704ad787485dd030d63f761aadde7631c62bfbb3d48a7b53e923a2
PSP_GAME/USRDIR/USA/BPLCHAR/BPLD257.EMI	495616	0a7c02398d6dab8d83e944284adfc9129661b2afe52328444315f06f72e64031
PSP_GAME/USRDIR/USA/BPLCHAR/BPLD267.EMI	497664	7b972ff70a7b7fe0d22b10c199b3c4f74277333e1eef66491b40a72c292ea872
PSP_GAME/USRDIR/USA/BPLCHAR/BPLD278.EMI	491520	cae5674828ef837123b61ca7efa257a76731e41f93dbb6a22b8f6762a88f0891
PSP_GAME/USRDIR/USA/BPLCHAR/BPLD27A.EMI	387072	217ac000502a1eb2f64f61e2cba543fb9dbcf1ca940fa105c11b326935e9b0aa
PSP_GAME/USRDIR/USA/BPLCHAR/BPLD349.EMI	335872	243e0a6fd7fe468f4f9afeffe9bb5cc5bd2e2b19bc14e054d561bbad1e925684
PSP_GAME/USRDIR/USA/BPLCHAR/BPLD457.EMI	454656	e1d5efbcf30d950876873b3a4df34752ca29fb15f6d0f51799777128ad0c9539
PSP_GAME/USRDIR/USA/BPLCHAR/BPLD467.EMI	456704	713f1ec85caf003c4dafd08f15a27f304272ad7615578392c9608682263dd671
PSP_GAME/USRDIR/USA/BPLCHAR/BPLD478.EMI	450560	0477da323228bb03dc8814b658dc9fb1d0688224033df0c65867f9bb39b2a054
PSP_GAME/USRDIR/USA/BPLCHAR/BPLD567.EMI	458752	98332e0092b6cc6f1efe5e6414eb22bd9281ad89f2797e71143202d4efcf1e80
PSP_GAME/USRDIR/USA/BPLCHAR/BPLD578.EMI	452608	c97db76c4b8741f498989417b93d970616a07d83130f2a6d580de4532feea572
PSP_GAME/USRDIR/USA/BPLCHAR/BPLD678.EMI	454656	563d580774cd71793ec16187f7a30e39f73c5770de44b7eedf2864485fbfdd2f
PSP_GAME/USRDIR/USA/BPLCHAR/BPLU012.EMI	497664	a9f6f17b6d638a362567a402fd23a3847c91a19007649c5954db520136e17995
PSP_GAME/USRDIR/USA/BPLCHAR/BPLU015.EMI	458752	8ba3406316fd928c6d0027d904d43b6201414ea15fa56a2f2d558438c2aa2771
PSP_GAME/USRDIR/USA/BPLCHAR/BPLU016.EMI	460800	7dd8cca19564312b4a6e74e87ea60cac91362d8a33cee7ddf4c9d865612836dc
PSP_GAME/USRDIR/USA/BPLCHAR/BPLU025.EMI	495616	739f6463ef798e038a9574c626dac7d5422c238fb4a444d878d9ed7b7c7eaded
PSP_GAME/USRDIR/USA/BPLCHAR/BPLU026.EMI	497664	5d7fc739d28578d286055a4c8bfb6ac1f49df6e83d1e45475e428b1f472802c4
PSP_GAME/USRDIR/USA/BPLCHAR/BPLU034.EMI	456704	e727acf69d7f91fc423f0d9e42c882aa1e495e3e97708b175e80bd2b9e5dd196
PSP_GAME/USRDIR/USA/BPLCHAR/BPLU056.EMI	458752	a1b3f60e3f7dbff959c5569bef6780ca44e9f6ec34a10368989f0889bf462ddb
PSP_GAME/USRDIR/USA/BPLCHAR/BPLU247.EMI	493568	7493d0c21d0d17b3668f6f16e0ff05e7d47868666794c69b7e099b1c74b3064d
PSP_GAME/USRDIR/USA/BPLCHAR/BPLU257.EMI	495616	e06e54e71fee55e7f996ab06620509f85a88b657dd89456a0d8ff42f5356638a
PSP_GAME/USRDIR/USA/BPLCHAR/BPLU267.EMI	497664	ff471fd19b97eb5865347c09d1ba1a6a063e93ad1eb30d45e7ad3091aed7bbed
PSP_GAME/USRDIR/USA/BPLCHAR/BPLU278.EMI	491520	253e38205aef7dec9b765c3601e5fa417efc874f09a2a062c63f405cf6d9e3b4
PSP_GAME/USRDIR/USA/BPLCHAR/BPLU27A.EMI	393216	d4224d4e94ad3670a660573e22604a6697e66b46ee1558b782a2ae03b35f9408
PSP_GAME/USRDIR/USA/BPLCHAR/BPLU349.EMI	335872	eefcbb351107c80f56b609c356c17eab56a3d04e3a65a77434c0342445709fdb
PSP_GAME/USRDIR/USA/BPLCHAR/BPLU457.EMI	454656	95f1a3b34403ee8815d9d6727bab964457c50a70c42a08cd45efd35dcc902bf2
PSP_GAME/USRDIR/USA/BPLCHAR/BPLU467.EMI	456704	7445be162a486fa49dfb4a10bf8b73de35607f26a3b91b9f21c63357dc5ea80b
PSP_GAME/USRDIR/USA/BPLCHAR/BPLU478.EMI	450560	cce0a544d058893c3a7a5236521976851c17f0e2a68be40e3874036f8153673f
PSP_GAME/USRDIR/USA/BPLCHAR/BPLU567.EMI	458752	9de5f27d6420fce58e052a31cc226b9e9b449dfab7d5152fd149510f34d1f30b
PSP_GAME/USRDIR/USA/BPLCHAR/BPLU578.EMI	452608	04ee8ca4701de8300004530cad2a3d3184e687593cc5fce484923d375ea40e0c
PSP_GAME/USRDIR/USA/BPLCHAR/BPLU678.EMI	454656	bd9879f0ab4a8a9cf7069ee04e6b1e5a1966f42bf5c6224fb9724d363042ffd1
PSP_GAME/USRDIR/USA/BPLCHAR/BRTD247.EMI	481280	0d68c253cb921a2f8b4d629cfcbf6515a3534466bdf7b2cc6a283bab56b3074b
PSP_GAME/USRDIR/USA/BPLCHAR/BRTD457.EMI	442368	d03edfee6f30f58e2e0c7ffd90fa2ca08345b7c3fe1b2123e7dc1502e83ff50b
PSP_GAME/USRDIR/USA/BPLCHAR/BRTD467.EMI	444416	88c04d639b43fd244db6fa40ea833868bc4e0f7ae64acefe2bcf665d39b93739
PSP_GAME/USRDIR/USA/BPLCHAR/BRTD478.EMI	438272	6b194862089b9749af920d08e8dd000bb6170fb34e3d84055a71b743214c1ebd
PSP_GAME/USRDIR/USA/BPLCHAR/BRTU247.EMI	481280	9f80c74404a33cf3d74923430e777e5941bb2789fde2fffa1547da5253157976
PSP_GAME/USRDIR/USA/BPLCHAR/BRTU457.EMI	442368	bc267ef0a0c4de79ccc8a5863075c35b328c919e41c588cc7e2fb6b2f36a13ef
PSP_GAME/USRDIR/USA/BPLCHAR/BRTU467.EMI	444416	3c4289aa506207b340090ed363ad5c8800e3bdabecff67705c0e913138ef451c
PSP_GAME/USRDIR/USA/BPLCHAR/BRTU478.EMI	438272	b1a983239f877c7ce8e4e7d372a6a69e1b0db484d1316f13b74d4ff8afbc8548
PSP_GAME/USRDIR/USA/BPLCHAR/CRYUD00.EMI	147456	deb1c43964ac0ec364b2434697598a70ab72b4c28a133cbf6d1b9bf1fa59efa1
PSP_GAME/USRDIR/USA/BPLCHAR/CRYUD01.EMI	149504	15ac6618721503a1a931cff04847dc956df7c4494605382e41772c3719e441bf
PSP_GAME/USRDIR/USA/BPLCHAR/CRYUU00.EMI	147456	de689b6f080da0d61322de0de8ff7609bc715b5e2cd049097f609cc47babce92
PSP_GAME/USRDIR/USA/BPLCHAR/CRYUU01.EMI	149504	39e39e7a36564e86aacdab446e728fb255fd9b1e092c287c5afb019788f12fb4
PSP_GAME/USRDIR/USA/BPLCHAR/DRG00_00.EMI	81920	9e6d578ae05551b25017d477d0c45d9d4a600e3dc0280491cc49649ef663d243
PSP_GAME/USRDIR/USA/BPLCHAR/DRG00_01.EMI	81920	a2a586de94046763461b0c4b151a8ce6c6e0fc334c56a6b54c654558b241dc20
PSP_GAME/USRDIR/USA/BPLCHAR/DRG00_02.EMI	81920	3a9f4321b79f8426d936e3642957dcb9acb8b0ed2fbbff326589553102c35660
PSP_GAME/USRDIR/USA/BPLCHAR/DRG00_03.EMI	81920	83a789c085de905bdaf262aa165e82fd8b605658222b8a661003277088589161
PSP_GAME/USRDIR/USA/BPLCHAR/DRG00_04.EMI	81920	4b4390dcb60395cffeb5ecc2d744fd9f9fa08edcf1ab530aac864f97f4ff5833
PSP_GAME/USRDIR/USA/BPLCHAR/DRG01_00.EMI	75776	d6a77bcc4c736d332bc522083668b68e88041a92f44d9732a41522e97130ad54
PSP_GAME/USRDIR/USA/BPLCHAR/DRG01_01.EMI	75776	60d01efa8698fcc537eb27908ea55daa376be8700f61e4df0ba357953f9bd376
PSP_GAME/USRDIR/USA/BPLCHAR/DRG01_02.EMI	75776	b24b288970da73658722217bfa04bac84ed005c6fa21d898b7859d9950ed10f1
PSP_GAME/USRDIR/USA/BPLCHAR/DRG01_03.EMI	75776	13d5ae907e8492574064b2dee7be083e9e57c126cdbb392d52145d5cef55c09f
PSP_GAME/USRDIR/USA/BPLCHAR/DRG01_04.EMI	75776	0a1abdf57efa691e9c0fe6a941359c01805069c3df3930d4d7003a1200ae057d
PSP_GAME/USRDIR/USA/BPLCHAR/DRG02_00.EMI	90112	104d98149424c0c7f7402c5cbfb65888bee7fadc848149756478e26bcc344458
PSP_GAME/USRDIR/USA/BPLCHAR/DRG02_01.EMI	90112	8180effb42e826602d33f4977b36da0fc45c49baf74ec21fe9a108f3706ee584
PSP_GAME/USRDIR/USA/BPLCHAR/DRG02_02.EMI	90112	55b7008d9fa3215c22ae69eea121234125a10018528afa5b59d09aa25a861de5
PSP_GAME/USRDIR/USA/BPLCHAR/DRG02_03.EMI	90112	a96b11a0e0d1607b9a4742600392aa4d757b7e84daef9af1d1d2d1ff43e23636
PSP_GAME/USRDIR/USA/BPLCHAR/DRG02_04.EMI	90112	4b8ea971e212c71bf4b0518903517f9eb55e54a57d5d3cc54a3d8f2f18634b90
PSP_GAME/USRDIR/USA/BPLCHAR/DRG03_00.EMI	114688	120fa33b6f59797510604bfa162c88f600c3681ab80b9a58642f316a10fc364b
PSP_GAME/USRDIR/USA/BPLCHAR/DRG03_01.EMI	114688	9523fe43b847e30d442de9aa72f42624845269a27b5562ba7739ad6fbc2b5821
PSP_GAME/USRDIR/USA/BPLCHAR/DRG03_02.EMI	114688	f90930e3614da5595985e48b935cc35f30b46b7cc3335be8a867d6b6ac09f154
PSP_GAME/USRDIR/USA/BPLCHAR/DRG03_03.EMI	114688	de16eed306ea6a5f7ac0272e5ac5866584aad8a997db463929819447193a2305
PSP_GAME/USRDIR/USA/BPLCHAR/DRG03_04.EMI	114688	7735ae3f7367313641f0f51d9edc3e7e38892ca4789c5ffcadf3522cdb985202
PSP_GAME/USRDIR/USA/BPLCHAR/DRG04_00.EMI	335872	2ea52c5f2ad7a27081f6e1525d4988da8ac495bc1fa5810e6311bf2d1ba8f250
PSP_GAME/USRDIR/USA/BPLCHAR/DRG05_00.EMI	106496	76c4d74fd14b3f884e7f6321408b37c06e43da6fb8fcfaea0e31221d67ff549a
PSP_GAME/USRDIR/USA/BPLCHAR/DRG05_01.EMI	106496	4371bf11c1da55f516b73f86b7edaf4f7b5b358f5385dd9c90a2fef8c9ab7ffe
PSP_GAME/USRDIR/USA/BPLCHAR/DRG05_02.EMI	106496	93632bb98ff46f1244482df848514d0e2fe05995296f74948c289d7fd29dd7e6
PSP_GAME/USRDIR/USA/BPLCHAR/DRG05_03.EMI	106496	6a48f470fc6190df08e86c5e9cd2edb763873ec1b3b761e90ddf05cbcd88d91b
PSP_GAME/USRDIR/USA/BPLCHAR/DRG05_04.EMI	106496	8b62eca49167a75ecfa9f9bfafe9145a15aa756739400808e428b74b4a5b09fa
PSP_GAME/USRDIR/USA/BPLCHAR/DRG06_00.EMI	264192	884dcfd5fc46314965325fc00e4e43b3c8b55ef6bd47acf74a947d30aae993d8
PSP_GAME/USRDIR/USA/BPLCHAR/DRG07_00.EMI	77824	9dd24ce118903004bd3b427887a924e542722f71cb1857acb79d17966c09310d
PSP_GAME/USRDIR/USA/BPLCHAR/DRG07_01.EMI	77824	9dfbca6d7f107ac3c62a29eb0c893d7c741fee4bcfcaba7120343db26fba69f2
PSP_GAME/USRDIR/USA/BPLCHAR/DRG07_02.EMI	77824	28c710ea5c8247b9c431d9e274800c53467b1fc768db579df82d066b136d7d4f
PSP_GAME/USRDIR/USA/BPLCHAR/DRG07_03.EMI	77824	1caf68957d6391c5792e1462005fdd71e06bda0dac71dd21ab078c615e89a7b0
PSP_GAME/USRDIR/USA/BPLCHAR/DRG07_04.EMI	77824	88a64c3498e0600d9cda41b33be877ec8c093d432cda28747dbffd3ce8e0c718
PSP_GAME/USRDIR/USA/BPLCHAR/DRG08_00.EMI	102400	d8ef7f392240381c2760dd2a376fe4b7ee3a53492dfb7c613809e1adad96c823
PSP_GAME/USRDIR/USA/BPLCHAR/DRG08_01.EMI	102400	1c5a1e05ef9dbb0c44452fddf13e651cc31947f0a09678e2037444c45b54624e
PSP_GAME/USRDIR/USA/BPLCHAR/DRG08_02.EMI	102400	20bfc440c19db42b22e9decc9d3b3edec500503d37ce67efb9fdb9e29a0fa65f
PSP_GAME/USRDIR/USA/BPLCHAR/DRG08_03.EMI	102400	a0aa88d3ab105e47ebf314e1d4bc36e8333067502624396533a243ec99823649
PSP_GAME/USRDIR/USA/BPLCHAR/DRG08_04.EMI	102400	6e51f6022b9b693b3ee7d794a30a1839a6386f88b4a39d2347b4159b85cb74bf
PSP_GAME/USRDIR/USA/BPLCHAR/PAPYD00.EMI	40960	167b4f6a9f27d98802df487243384d19524553b73d552a9e37dd2da4e60e083c
PSP_GAME/USRDIR/USA/BPLCHAR/PAPYD01.EMI	40960	97fb63e63c525d07bba54568e2a555560cf95bf7651b64cfbad30d3d8adbcd13
PSP_GAME/USRDIR/USA/BPLCHAR/PAPYD02.EMI	40960	95145a197e57c1b86cb4db29f2052e0a1cc7d2b2f2779c47e79aebcdc3dc9cdf
PSP_GAME/USRDIR/USA/BPLCHAR/PAPYD03.EMI	40960	0c3ac23395bf49d00d9f4b1392ac3c7f2afa31c533eb3fc46d9f88643a7a25c1
PSP_GAME/USRDIR/USA/BPLCHAR/PAPYD04.EMI	40960	211198e94da193dda45cd44c2959118ff043040043fa2e96e250192d6a1aaee9
PSP_GAME/USRDIR/USA/BPLCHAR/PAPYU00.EMI	47104	c4d95b0c355e3de1c1e090440f98c74aedf630c339f248135477498d3ea30984
PSP_GAME/USRDIR/USA/BPLCHAR/PAPYU01.EMI	47104	ca8d95c1cf4aefc3030fb15b44d57f5c61309f014d2a9bdb0b1dc2741d80ed61
PSP_GAME/USRDIR/USA/BPLCHAR/PAPYU02.EMI	47104	c563de3c5d4c8be75cea3b98139a986f67bc70f5e3ce6067f4bcb646b2e6be31
PSP_GAME/USRDIR/USA/BPLCHAR/PAPYU03.EMI	47104	4ab39e8953b56a5c57f6b0929e9e83e5fd45decc9b96dbd06c6832a21d914a71
PSP_GAME/USRDIR/USA/BPLCHAR/PAPYU04.EMI	47104	75fa306480d70532210395400c0f43b8859a7b5b3dd31f2998e86b39a95f6f92
PSP_GAME/USRDIR/USA/BPLCHAR/REID00.EMI	145408	55e8d8af6ee7121ac119a4a99823bf48d549e65828c5b1e2ddcd3550522eb227
PSP_GAME/USRDIR/USA/BPLCHAR/REID01.EMI	145408	2214ccd0f258d3dd896b73a75a155d3a615ee3ea94e70e131323330f50a3a326
PSP_GAME/USRDIR/USA/BPLCHAR/REIU00.EMI	145408	15c73809c261777ec72e8c53af63ec6ce60bf03adb946d807f046b2b3bdc268a
PSP_GAME/USRDIR/USA/BPLCHAR/REIU01.EMI	145408	7949434044ea2502f923d8026abe96d78ddc849258cb4c0e5bac9e64c83b9278
PSP_GAME/USRDIR/USA/BPLCHAR/RTD00.EMI	133120	37bdf1a58366dd55d3cfcd4f6d33b12595360a73f40905df5586609e27f42baf
PSP_GAME/USRDIR/USA/BPLCHAR/RTD01.EMI	133120	aae3a94bba69ce19e258380d3d0ff742a7bdd0102d959030dd00506dc794723e
PSP_GAME/USRDIR/USA/BPLCHAR/RTU00.EMI	133120	a77bd3e0c0554dae9daad33388581d086f2e259ca944ec86103b02a86b8003ef
PSP_GAME/USRDIR/USA/BPLCHAR/RTU01.EMI	133120	10f1da24ff77042f33310b20511cba9182801d020e6b05f49a07558705103984
PSP_GAME/USRDIR/USA/BPLCHAR/RYUD00.EMI	147456	00c8cb1fa9ebfdf7fa01dde57afd1329a8c646bd74feb075a260c78c96b9fb34
PSP_GAME/USRDIR/USA/BPLCHAR/RYUD01.EMI	147456	2faad566b23b0b355278ac02e5ffe99f8491b03c5cf7e116119422d4555d9599
PSP_GAME/USRDIR/USA/BPLCHAR/RYUD02.EMI	147456	9594ce591736d9591c339d3726e0014116b2d8daf18643d7c28eaac69fb06834
PSP_GAME/USRDIR/USA/BPLCHAR/RYUD03.EMI	147456	0e67400931f85c670fe6fc89841ec2058abec394b0c82467420fcb713230e79b
PSP_GAME/USRDIR/USA/BPLCHAR/RYUD10.EMI	98304	9c6ecb62240fdc461ed0c1ba881aa292cf9d2b6198c0d821a4293d6477caf714
PSP_GAME/USRDIR/USA/BPLCHAR/RYUD11.EMI	98304	56fb9b854479a5704a03dc7019d6f92af46183fa6eabd00f1d3ddd1e43584b9b
PSP_GAME/USRDIR/USA/BPLCHAR/RYUD12.EMI	98304	c1c208ad021aa28fd7a37b4eecb6baa7ab6db40d52738107264fc71485cfc74a
PSP_GAME/USRDIR/USA/BPLCHAR/RYUD13.EMI	98304	b6e25192dec9d58fd018849685965f725ba2dd0a17201b4c4a4f5fbde46ebe51
PSP_GAME/USRDIR/USA/BPLCHAR/RYUU00.EMI	147456	039abbf21f55f808e3d0353b53c2150f8d7085e65593c6257d792ee2bd6cf091
PSP_GAME/USRDIR/USA/BPLCHAR/RYUU01.EMI	147456	fcf2222501cf0e657b3df9875f8bfe95eee19673bd07a79d047da3d34e1a7684
PSP_GAME/USRDIR/USA/BPLCHAR/RYUU02.EMI	147456	043d983b9df53112f222ef5e6a147368005740395a48e58e679629e0c3b231a8
PSP_GAME/USRDIR/USA/BPLCHAR/RYUU03.EMI	147456	d476ccecb983915ed757db126a47f3f9ac9f69b2eb8abd9a3f1df633477c1dc5
PSP_GAME/USRDIR/USA/BPLCHAR/RYUU10.EMI	96256	5f238766ead4ecadd512fb7be7000c3bcf01592eeef398b29833bffea1ab31b5
PSP_GAME/USRDIR/USA/BPLCHAR/RYUU11.EMI	96256	7a1de9fa6608d08957e0ce08d41054b12e910c9238b57c7ec65c8959c0f19c8d
PSP_GAME/USRDIR/USA/BPLCHAR/RYUU12.EMI	96256	c47d6d298632d3894bf6212b0e5ce7f78c8e34fbf4fd24be9a07e3b8c5148e95
PSP_GAME/USRDIR/USA/BPLCHAR/RYUU13.EMI	96256	a21d3ed8daa74548918afa79e57d7a419b5807eabd934c54967d66b07588424f
PSP_GAME/USRDIR/USA/DUMMY.BIN	10485760	e5b844cc57f57094ea4585e235f36c78c1cd222262bb89d53c94dcb4d6b3e55d
PSP_GAME/USRDIR/USA/ETC/A085SE2.EMI	198656	e6dffc7013398a58706523ff04bd54207a05147a034cc8cda134fd7c6cd17072
PSP_GAME/USRDIR/USA/ETC/A108SE2.EMI	178176	23dcfa23798460ab944b4c144486bb1550d99fe2ae4ebcd6b74e7c3aeaf7a9ab
PSP_GAME/USRDIR/USA/ETC/AFLDKWA.EMI	20480	16b614f0eafa7d47cfe01c194f2136fcf9f3cbe01db3be24daa00a8969a32e74
PSP_GAME/USRDIR/USA/ETC/BATE.EMI	178176	53b082173825e43f86b07b8db924aa64d03257a4b71dbb8e705ce2e937b86a7d
PSP_GAME/USRDIR/USA/ETC/CAPLOGO.EMI	137216	fe5e5679fbe061eb42379049367052e29ff94cef073315bf848b1b6c8365e0a9
PSP_GAME/USRDIR/USA/ETC/COMMU00.EMI	18432	78067be2aa15f3be50ee1f43f370d63399a3f2fe1827f1266b48ac4a50fa4d37
PSP_GAME/USRDIR/USA/ETC/COMMU01.EMI	161792	10aa9e899a697ca74bbafcfb8c6268216b289f3bfcc004b9cfea9ab54c6c74fa
PSP_GAME/USRDIR/USA/ETC/COMMU02.EMI	188416	16e7c880913e798cd9a7e2b4ab196c6bfe29204eb539a9b56b0bb905ab276e5f
PSP_GAME/USRDIR/USA/ETC/COMMU02B.EMI	186368	1dad3fe6913f2f0d9cef1294c8424138f28de17ef630f08667d3957457c4c1c6
PSP_GAME/USRDIR/USA/ETC/COMMU03.EMI	114688	3280f7417ebbaba007f3a61af08628df7cf09ae04db75856321f43f9f4845371
PSP_GAME/USRDIR/USA/ETC/COMMU04.EMI	114688	c7e0c62f8643834e9ca0b77aedd23dd178f9fa5c7a506dd5448e9839a9ab5f4b
PSP_GAME/USRDIR/USA/ETC/COMMU05.EMI	147456	6c033e83371e40f9c372bcbea8e8b78d788d36062077e1f865808ca0c67024fe
PSP_GAME/USRDIR/USA/ETC/DEMO.EMI	968704	a9ac2fc2dc44b5dce33d3dcec3060b911ee9f16f0d57cc2f9fd5a41c5d2c96f5
PSP_GAME/USRDIR/USA/ETC/ENDKANJI.EMI	67584	8bec15072223a6a7f10d5540a569499a9236ea79aee3ded91973fe3eccd11246
PSP_GAME/USRDIR/USA/ETC/FIRST.EMI	333824	970ff6df7f959f6bf122dbec66866060dd119a57e9dbaeac747309c8f505c7f2
PSP_GAME/USRDIR/USA/ETC/GAME.EMI	237568	439302115dd338ed9885a12d8f15d6fd75e0e04bcfa3a4ce9eb4fb2e3268c372
PSP_GAME/USRDIR/USA/ETC/MTEST.EMI	6144	279362d3cd8550f3c23a990927480ef5cb9eeea7ec9c3879380f422ae801a7b0
PSP_GAME/USRDIR/USA/ETC/RTEST.EMI	8192	b52df8bf25e3be11c737f8333acf047113ef3fc45008e65e5e0ac00e269ad2c6
PSP_GAME/USRDIR/USA/ETC/SHISU.EMI	182272	a3ab7fd34acf4a89beb1e231cfe3b26f9dd95c16cd1d4d2d7fa3fd4b0b8db244
PSP_GAME/USRDIR/USA/ETC/SHOP.EMI	237568	ad2a5eedab48e765390e7a19825c4eb0c62ef1cd06e03a49fb8d711544995b93
PSP_GAME/USRDIR/USA/ETC/SISYOU.EMI	157696	1730490fcbee925f0ea74e0d3a160967d0046a5aa6ec9d68e8a23a2a8ea0d76c
PSP_GAME/USRDIR/USA/ETC/START.EMI	577536	b54043699a274a41ba588e410337b4b1fb39912d685bfb7e7e3a35e39a5aeba4
PSP_GAME/USRDIR/USA/ETC/STATUS.EMI	262144	51cf1755bf4216578bbf72e85f06f837b9b9c63b55ee0b004dbef668473ec7a5
PSP_GAME/USRDIR/USA/ETC/TMBGM000.EMI	266240	ef672f027e2377ed257a25a401e84674ad2058c18735094e1bf69c453303da38
PSP_GAME/USRDIR/USA/ETC/TMBGM001.EMI	270336	f7b47eab2c9fee6243ad9d15ad32be64d7a84868df657cb3672364696f9863f3
PSP_GAME/USRDIR/USA/ETC/TURIMODE.EMI	577536	b8e78c45496a89387d973f4b983f7fd09edc39b1530ae8c7b8beb1a1f9a2a80f
PSP_GAME/USRDIR/USA/ETC/TURISHAR.EMI	276480	5604b6f038a2a6c18d305e22a1902edf12f66d76ee093085ce4b2212edf3a2b5
PSP_GAME/USRDIR/USA/IMG/0000.BIN	402272	73247765d7571704cba7b8b1d69b218c3115ac22d0151d29a2da74b6c4ad4950
PSP_GAME/USRDIR/USA/IMG/0001.BIN	273504	fdad9fabd8302203ac3f6dc261113c457ef51fe547cfea3258bb65be67629c1a
PSP_GAME/USRDIR/USA/IMG/0002.BIN	402272	1ba799d7822d31cedd519db5b8f6cdf2c01d91c6c768c8478cf76c3d10b7aeb6
PSP_GAME/USRDIR/USA/IMG/0003.BIN	273504	3226c0316b84e2c91098ddad87ee48b64c669809ba14f355e6d3252c8bc2315e
PSP_GAME/USRDIR/USA/IMG/0004.BIN	273504	4d61ecff304a3a4ba1e25d13c14336744e62b437efa374b3d9f2de42ec0088c6
PSP_GAME/USRDIR/USA/IMG/0005.BIN	402272	b80363b4d31ea00805601c18d8a91007b93cea1643cc1f310a0efe94103b56bc
PSP_GAME/USRDIR/USA/IMG/0006.BIN	402272	0c9ab9d3f668ed048bbf7ba7d37ea1afae47a9d9ea432742ff67527a913f9e3c
PSP_GAME/USRDIR/USA/IMG/0007.BIN	402272	ef737ccf5d5fafca01d1668ee4e54188775131f3a614dbc23c6118aacd226cc2
PSP_GAME/USRDIR/USA/IMG/0008.BIN	402272	be12141a21d8da634aad690e92aa2b7d6f09cf84787a2721ae25c89779d11027
PSP_GAME/USRDIR/USA/IMG/0009.BIN	273504	5c30d49e6fc9b32d5b5e9fa130ba4f0bd61f8231171c3314a63634dba6edc216
PSP_GAME/USRDIR/USA/IMG/0010.BIN	375904	0b006a6c7f54f94fe15a17467e2fbaf140519ef7922ae96d4025afbb2014c43d
PSP_GAME/USRDIR/USA/IMG/0011.BIN	375904	67f18edee55b30ced56da010c186a734ed76137160c68d43544313c4fbae3611
PSP_GAME/USRDIR/USA/IMG/0012.BIN	375904	14fd0c9cef856344821a51804235c71c63c88be5bfbead115a08f6c8c17704f8
PSP_GAME/USRDIR/USA/IMG/0013.BIN	375904	00f979b77112f4a8c0dd6790acc5007fc9fcee392164cf3ddc07dd6ba95f0d60
PSP_GAME/USRDIR/USA/IMG/0014.BIN	375904	c2b9303540ab261bdac2068d783c4ce2a1cb1a8346bfb2f9ae5f150ea4e7f1b7
PSP_GAME/USRDIR/USA/IMG/0015.BIN	375904	74fd2598e660e1f6043d3407a1c9af6355c574a76627e5d4d8db521264b739c7
PSP_GAME/USRDIR/USA/IMG/0016.BIN	375904	85597f4f4371584e1fc5f37f0881cd70efe2469abb5b41457cd0e39e03862b6c
PSP_GAME/USRDIR/USA/IMG/0017.BIN	270176	5894803919466d2f54be3f017b62ee6eea3625b688b04556e710ac81e9d80e96
PSP_GAME/USRDIR/USA/IMG/0018.BIN	266848	cb322ba30a3b7216495e98ba1da1c4f70ea3716b269f326e87fa5688337761cc
PSP_GAME/USRDIR/USA/IMG/0019.BIN	375904	d49a7e311f050fe2b87c18c48ba04f592ccd49b20eb0eafd84dcf3a16b80f2e4
PSP_GAME/USRDIR/USA/IMG/0020.BIN	402272	63d4a36ff43b52e6b6bc2437e0a06303b38f39ab1123026f9df440127f67e5b7
PSP_GAME/USRDIR/USA/IMG/0021.BIN	357216	5093d688540053f801207cb4cd6df18098e75f5d25cdc151f4717f318e0988da
PSP_GAME/USRDIR/USA/IMG/0022.BIN	270176	306dffbd7532b4c862337cc0ddcaf2ed1e2cc27a8a4f0379597ac035761fcc34
PSP_GAME/USRDIR/USA/IMG/0023.BIN	273504	b6782c71dc0d5b3f29cac0d100d5362c5d5f46bef4c66895e0a3c23d3553c239
PSP_GAME/USRDIR/USA/IMG/0024.BIN	291168	0fd4f9d3d200aff80d58b09d22d231a863637dca84a90dcac3fcfb5362848112
PSP_GAME/USRDIR/USA/IMG/0025.BIN	357216	641a73cfce2715ff60c613d7a69c44e4ea104e55d57985f21795104626f641c5
PSP_GAME/USRDIR/USA/IMG/0026.BIN	280160	f2be0f6be4d59bfd01a07725bde68f94948a9cecb51a8d3bdb7bc78a70ad793a
PSP_GAME/USRDIR/USA/IMG/0027.BIN	276832	f2b25fec16443856eaad52e3b401be714fc8e29939153da3f31c3587b98de624
PSP_GAME/USRDIR/USA/IMG/0028.BIN	266848	d95cf18e0bcede28a3f3f646aadf34b8417b47561815eb0b51c79c12f53a3439
PSP_GAME/USRDIR/USA/IMG/0029.BIN	276832	028f01443f96635ee9b40b064c04f796cc9770de569d89c20a7a396cf5b436d3
PSP_GAME/USRDIR/USA/IMG/0030.BIN	276832	fb54440db3ccc40d7064c6ab34eae5df7bd182f44bbf0fbb65ace8cfcf4c70f4
PSP_GAME/USRDIR/USA/IMG/0031.BIN	379232	d7236696e699b8d4e76797597ea23cc179877a35bd24bac292dfbd43dcf43f6a
PSP_GAME/USRDIR/USA/IMG/0032.BIN	428640	9198a7ad486c206b5e73524079f35b9578409186a700f2be23867a3bab898a34
PSP_GAME/USRDIR/USA/IMG/0033.BIN	305504	1fbe086dbab6858ea43d467b45e4258dbed5ab8e39040a67ed4486e557a09a65
PSP_GAME/USRDIR/USA/IMG/0034.BIN	341856	6584af70a79dd408c2a2df244c808374161ae6b38101bae9b086ef2ec8094b4b
PSP_GAME/USRDIR/USA/IMG/0035.BIN	368224	629c0cf511f4528b1201c2dacc00936ddb3f9a743b4644c6c24c32d8a63bc208
PSP_GAME/USRDIR/USA/IMG/CAPLOGO.BIN	131936	064e4ec24b73c4adb3024ebbd8f05217701e8ab61cda9f76ceab22da77b24883
PSP_GAME/USRDIR/USA/IMG/ICON0.PNG	32986	caa8bf23d38583754ca9e023160eae40f042c1f23d8492ad364d9bc49ffc979c
PSP_GAME/USRDIR/USA/IMG/NOWLOADING.BIN	2592	1b8104e840e8b9aca9c667ad210945133d547a1e124ab48e301babd8dc5c30ca
PSP_GAME/USRDIR/USA/IMG/PIC1.PNG	248431	cca3bfe0bfb23e5c1c63b5f8ce02670e8d4cf29ebf2c05fffe26ed19c42f0f8f
PSP_GAME/USRDIR/USA/IMG/PUBLIC.BIN	131936	13bd3ce5ee7debcc80ba7b7dbc338beae4ed2715628e1fd8563ee205d606ff07
PSP_GAME/USRDIR/USA/MODULE/AUDIOCODEC.PRX	3200	01b1fb6c46a69cdb6e849284c601357420b137942fa4ce44896464fd28d3b920
PSP_GAME/USRDIR/USA/MODULE/LIBATRAC3PLUS.PRX	20288	f5102cb6c52429ef9791647bf639833360ace5c89e67f526de0b065953afdc89
PSP_GAME/USRDIR/USA/MODULE/LIBFONT.PRX	44432	ffee41f4f591856de92285754d4a9a5fb9bcf380cf20747dfdffbea060394e93
PSP_GAME/USRDIR/USA/MODULE/MPEG.PRX	46160	363dc3c0e309195d24b38aa43bc6299108290747a7989cb7c8cdd0624025c514
PSP_GAME/USRDIR/USA/MODULE/MPEGBASE.PRX	5792	63215718461bff73f27a1cc48bd29e287f51b93a29d0efe9381374206fa19e3d
PSP_GAME/USRDIR/USA/MODULE/SC_SASCORE.PRX	6400	8b0d7b4080f723ca39ca96eab1093b543fad425bce88a5e06ffb3f3ef31f3fce
PSP_GAME/USRDIR/USA/MODULE/VIDEOCODEC.PRX	4016	ff5c874acfcdc050622c82d8e65e14df28c575c2b41f06ac9b2565d76c498cc4
PSP_GAME/USRDIR/USA/PLCHAR/PL012.EMI	432128	30683ef3af951dd8791bf75f050962bb7e6f2ce52feea91aa18a48288ec23401
PSP_GAME/USRDIR/USA/PLCHAR/PL015.EMI	370688	66e0eb7421291684223fea138679d41745e112a6c7a2ba72db13a3ac4c8d188e
PSP_GAME/USRDIR/USA/PLCHAR/PL016.EMI	296960	54343c89d01b42f690945dc9e41f2b38a60552808494825acf8508df0aec53c0
PSP_GAME/USRDIR/USA/PLCHAR/PL025.EMI	479232	da4e10135f4b92472e962b4d1583ba2ec4881a8d389eb9040697218eb4f5e04a
PSP_GAME/USRDIR/USA/PLCHAR/PL026.EMI	405504	6e74b99520e8970cc6e85b5c7e209b5a9cd42ea2448d789322a9c3b6cf63e758
PSP_GAME/USRDIR/USA/PLCHAR/PL034.EMI	356352	f0b0a592aa3e7ff4a2b3c9fb35d3aa67b778d2e3227d08850f25b363b1b8818a
PSP_GAME/USRDIR/USA/PLCHAR/PL056.EMI	344064	7f8ef30d1dd178025513244b90315d770ebda6e1315132e8df4f5baaca457fa2
PSP_GAME/USRDIR/USA/PLCHAR/PL247.EMI	479232	28f3dd855fd9c0e4d471266b786b59bc4507eba9de1c5fcfbc2d60c96bd10129
PSP_GAME/USRDIR/USA/PLCHAR/PL257.EMI	477184	45cc96694861829589bec1d39e3e23ae1e149b5f87db07bde6358ca30878d20a
PSP_GAME/USRDIR/USA/PLCHAR/PL267.EMI	403456	695be8c086d02453d84ae281dd3b38f2f1a7272592490eb9449a63c8b1a1ed18
PSP_GAME/USRDIR/USA/PLCHAR/PL278.EMI	464896	58ea88d896f1a312f9a94754f2b69cd97c5dea03187b8bb8e508e3f78ad59fdf
PSP_GAME/USRDIR/USA/PLCHAR/PL27A.EMI	382976	eddea9f8c3a321d6b11315e52ba61ae2c6748bae098cbfb7276b41b5560a09bb
PSP_GAME/USRDIR/USA/PLCHAR/PL349.EMI	309248	5a07a9474272cddfeae72e6662a30330241616e8eac0a83c3da6c031898c823a
PSP_GAME/USRDIR/USA/PLCHAR/PL457.EMI	415744	cac9e232da56f130c602365f18ab8de260bc254fe36196a224e167dd0d46017d
PSP_GAME/USRDIR/USA/PLCHAR/PL467.EMI	342016	65b5a7301369504f4125b7b15afcaba5ab4448de5205e55ae80779e5afb4e698
PSP_GAME/USRDIR/USA/PLCHAR/PL478.EMI	403456	c31c86df52590deb2be7dd9e0459e7dae3346b221f08e3f01b44a83bacf304a9
PSP_GAME/USRDIR/USA/PLCHAR/PL567.EMI	342016	74261edb5338f3fc0b36d37ddb977e57ccc0e63e62a64c92fc500d5857c91449
PSP_GAME/USRDIR/USA/PLCHAR/PL578.EMI	403456	5f1f34171e184f7b8595272588a76afd574e946a34270f6582c0c7aa6fbd1e95
PSP_GAME/USRDIR/USA/PLCHAR/PL678.EMI	329728	3f86c778675264a5887020fa1a243242aca39a39fbc26c50dae51392e20987b9
PSP_GAME/USRDIR/USA/PLCHAR/PLP012.EMI	10240	92b4a83097a28015f94ecc15944e999a45924792d687632b12b335ba9523e317
PSP_GAME/USRDIR/USA/PLCHAR/PLP015.EMI	8192	8e9547163097acfef92098451eb5e332b9473d0df2f004c243f3bc11c0012bfa
PSP_GAME/USRDIR/USA/PLCHAR/PLP016.EMI	12288	2bb99741fe2c1fec0218cab69c7cef43e6df82c0224581d3fdd75f98e9f64242
PSP_GAME/USRDIR/USA/PLCHAR/PLP025.EMI	10240	bdd6096c46157f5ca18396163b4fe0da153776c0576df09ed13629f27cd49453
PSP_GAME/USRDIR/USA/PLCHAR/PLP026.EMI	12288	37aea258caf199744fdc74a3d3cc2b8178112f841a39c5f965a5e8b68da7d4d2
PSP_GAME/USRDIR/USA/PLCHAR/PLP034.EMI	10240	9100aee8d2bb0f11d3371aece2d2493e17fb4054b46db868f9278f547bd111c9
PSP_GAME/USRDIR/USA/PLCHAR/PLP056.EMI	12288	4c1855fc1b341dbd9942cb73af4568036cbae1305de8d5d14f6181a79d4d97b8
PSP_GAME/USRDIR/USA/PLCHAR/PLP247.EMI	8192	dc6723d343fdfb2ebed30b30df86819114fab92363885ffa1779726f39dbce3b
PSP_GAME/USRDIR/USA/PLCHAR/PLP257.EMI	10240	24627805a0543e0964d215751e81a39d139c69ec4c08ed61999c406bf52ec501
PSP_GAME/USRDIR/USA/PLCHAR/PLP267.EMI	12288	6356caf686ebf26f43d2a6eb2043eadc11f88e56c92b5b0537ac1fda3970b176
PSP_GAME/USRDIR/USA/PLCHAR/PLP278.EMI	10240	5de98b773f825c0f828198eadb26a6d2274a16c7779a24984b8905e5c110fb27
PSP_GAME/USRDIR/USA/PLCHAR/PLP27A.EMI	8192	01753935c4b367b44f454edc270d0873c81c1dc7559fe9b4c6acc240e1b86071
PSP_GAME/USRDIR/USA/PLCHAR/PLP349.EMI	8192	db79b9e5f5b38e6a677caf35d1fbf2327c21630f9cf686e619d33d975de16934
PSP_GAME/USRDIR/USA/PLCHAR/PLP457.EMI	8192	840695018f146da860316c99445eba33c0e77355d3278e73bce232e158c212ab
PSP_GAME/USRDIR/USA/PLCHAR/PLP467.EMI	12288	00918b2948d2d4870a0f0122be0763bb75819a74b4c8518f55ef1acdb69eb458
PSP_GAME/USRDIR/USA/PLCHAR/PLP478.EMI	8192	1e0fcb151804c4e0b3dd6bf9a1c1a2d54d411aec2c5e0e886f6bb6fd793b924e
PSP_GAME/USRDIR/USA/PLCHAR/PLP567.EMI	12288	8715a96fcf53453c596651d6cc6c8161c1b7f3bdd7cb967553b37942bafc6ca3
PSP_GAME/USRDIR/USA/PLCHAR/PLP578.EMI	8192	964c65343d52bba6b73365fb044bcc6c5737a5f00af9c1db1179a32fa32909dc
PSP_GAME/USRDIR/USA/PLCHAR/PLP678.EMI	12288	d8347523c5c51e2d3ee96651c161a959e3b7b5b951c88c1ee12f6102ce2fc616
PSP_GAME/USRDIR/USA/PSMF/CAPLOGO.PMF	1112064	7cbe25eff335a725faaa9b816f75e61514c095200f12bcba541bb354cab78ad3
PSP_GAME/USRDIR/USA/SCENARIO/SCE10EFF.EMI	10240	66cea22583d18dffecc2c3f8dcce3d29c1ee09ba2e0e2163bfcf05a240390c9a
PSP_GAME/USRDIR/USA/SCENARIO/SCE15EF0.EMI	8192	0a8fcd400ca0021d3d0d98738c79baa9050c9918bd301ba3699dcd7900153f98
PSP_GAME/USRDIR/USA/SCENARIO/SCE15EF1.EMI	16384	db43fd772719a1f224d1f97f06856ecacf440bb4cc70ff11c198aeef877eb1ac
PSP_GAME/USRDIR/USA/SCENARIO/SCE15EF2.EMI	6144	cb0416804026c78419aea4b0ea20efcba9ee73aa357f65718c5ae506a56cc997
PSP_GAME/USRDIR/USA/SCENARIO/SCE15EF3.EMI	10240	3411929e3106120c7661dc125174866308fed7fe5776ebad41156068e2104b0f
PSP_GAME/USRDIR/USA/SCENARIO/SCENA00.EMI	30720	d2695e421902d2a9becb1e940a9e605e5b8083c2aa871ef5ae836482b3998f61
PSP_GAME/USRDIR/USA/SCENARIO/SCENA01.EMI	32768	9f7a0128bafc2dddd03422dbcaff0591d0d297f8a9e21f9c3b28d7f9c5d10c8a
PSP_GAME/USRDIR/USA/SCENARIO/SCENA02.EMI	32768	98aae1783ad8de9537647b6f2ebf0df1bb4bb745bf7b4e2159c09a9d681eb87e
PSP_GAME/USRDIR/USA/SCENARIO/SCENA03.EMI	28672	c056fab28c4b13097223823991c582e623d7c6067d82db790c6092ea6e680a6f
PSP_GAME/USRDIR/USA/SCENARIO/SCENA04.EMI	16384	75f158cc91cda21b82f0f25de8d972d444880a94893932e2c805a2a54134fafd
PSP_GAME/USRDIR/USA/SCENARIO/SCENA05.EMI	30720	7b2164f000af23200afe6696dc36a45e589fb04b53ac055e6a24aa9b953c8938
PSP_GAME/USRDIR/USA/SCENARIO/SCENA06.EMI	34816	fed85a612cd99817ac81398818c2b90bd143d4d03c26b694f147282153af5362
PSP_GAME/USRDIR/USA/SCENARIO/SCENA07.EMI	32768	550429760ca3132eb132742f1c599b66defef25ea9a390bbb81d697c940049fd
PSP_GAME/USRDIR/USA/SCENARIO/SCENA08.EMI	34816	54342e004f0cce324a5993e7e31a15b2e4d27ba0e23383569bb6fcc958f7fa8c
PSP_GAME/USRDIR/USA/SCENARIO/SCENA09.EMI	34816	3033c0e6250e0b30f3cf3f60ec4cbe47b03c35832c4683252d4026db9bc05db5
PSP_GAME/USRDIR/USA/SCENARIO/SCENA10.EMI	34816	5934ec8f23171b7def79974043b96860295124c9173a9bafcc070af4321ebff1
PSP_GAME/USRDIR/USA/SCENARIO/SCENA11.EMI	20480	091a2314aebc3f3bd71083165662d7abe3f2998acd364927ae53413ef0e9d339
PSP_GAME/USRDIR/USA/SCENARIO/SCENA12.EMI	28672	79fd2592e6cb5c973d75c0a12e57ef8a1badf3ad36b7f23d6efc5f5242fea016
PSP_GAME/USRDIR/USA/SCENARIO/SCENA13.EMI	24576	48755853a0342a41da7489b3ba30ff3b578b87a4d0636508df4a3a1f712f4fcc
PSP_GAME/USRDIR/USA/SCENARIO/SCENA14.EMI	26624	677df2eaba717ceaac31323d5266730115e41083fc066976ac11bc81ec819bf2
PSP_GAME/USRDIR/USA/SCENARIO/SCENA15.EMI	34816	0d4ff128e9543eabe78c5904ab4df2c6c9b2e0877fece9882f5a652a0aa38d39
PSP_GAME/USRDIR/USA/SCENARIO/SCENA16.EMI	10240	1ed73a1ab0e5dfe37e9bd17c85759a464765be120a7db1cf26b702a015ef227b
PSP_GAME/USRDIR/USA/SCENARIO/SCENA17.EMI	118784	e5e5553c6471a560535b21cd48b485514bfe0179d75f498aa042291465e84c1c
PSP_GAME/USRDIR/USA/SCENARIO/SCENA18.EMI	4096	dec1fea38a92ec26e6ba8c4bbe62357a7a852d8406a265b6b993c6714b16469b
PSP_GAME/USRDIR/USA/SCENARIO/SCENA19.EMI	4096	70d66787e6869347bf25b196b81a1bcf3400392bbe2b52be4817f84eed6d037e
PSP_GAME/USRDIR/USA/SCE_XA/MAGIC/PL00/004_00.AT3	17208	2d7e5502a2bb457b4130e44d9bd14450e506920204109a5e901db69ad6f666b7
PSP_GAME/USRDIR/USA/SCE_XA/MAGIC/PL00/005_00.AT3	17208	e91c0557f1e9535d082329fa14f50ff7f6b0661f9abedf1a9bf6339b5f5fa44b
PSP_GAME/USRDIR/USA/SCE_XA/MAGIC/PL00/006_00.AT3	21672	9b5ada5962fec6f6eb94ac0651a6797dd4c80007a64e9e16b3cbddd126e08abb
PSP_GAME/USRDIR/USA/SCE_XA/MAGIC/PL00/021_00.AT3	17208	c166888dae6bb75d6fae3e0f7417978b6fdf2a9a9246a87bd6f7a8a6903e5dc4
PSP_GAME/USRDIR/USA/SCE_XA/MAGIC/PL00/029_00.AT3	17208	507bcf435d0e3f46e99b6f7072bf63e5190f71480cad480151784355de867a30
PSP_GAME/USRDIR/USA/SCE_XA/MAGIC/PL00/030_00.AT3	17208	58a6d81d7c5aba4b8dc39b4cf77d23581d752070f755750e02778c7d630ce97c
PSP_GAME/USRDIR/USA/SCE_XA/MAGIC/PL00/043_00.AT3	21672	0d16655eb81007779b1272618a477460749ed1301defeb862fe5c7ccb98abb70
PSP_GAME/USRDIR/USA/SCE_XA/MAGIC/PL00/045_00.AT3	21672	993955ccbedcfb3fd2aac971c6db84795db21a523986b91d7241ef2798efa2a7
PSP_GAME/USRDIR/USA/SCE_XA/MAGIC/PL00/049_00.AT3	17208	bbf6e89bebe43881b61c2d2697b702b0b05dffe1f2dbe35d5b2239ec82dcf8c6
PSP_GAME/USRDIR/USA/SCE_XA/MAGIC/PL00/063_00.AT3	17208	0db5304ff051ade8b27d6858d00df7b46064371d7c3e404eeed0bea646be6e82
PSP_GAME/USRDIR/USA/SCE_XA/MAGIC/PL00/070_00.AT3	17208	04b4a65dbc459bd15aa9c2b3798927ff6832e6e5a130182d5e87c915c3f983ab
PSP_GAME/USRDIR/USA/SCE_XA/MAGIC/PL00/071_00.AT3	17208	01f2f1e894d08fffcc1cb831e86e93b075324c6ba7d2ce7608a9b3dad7d2d9c4
PSP_GAME/USRDIR/USA/SCE_XA/MAGIC/PL00/072_00.AT3	17208	17553458bc7e6f9ca0612523d03bc8c4c2c4f6fb0dc474bca15e82a83e9f0768
PSP_GAME/USRDIR/USA/SCE_XA/MAGIC/PL00/073_00.AT3	13488	209127fc8eadfedba41503ad5039a0645c88303f14ba62b099603792428d0dd8
PSP_GAME/USRDIR/USA/SCE_XA/MAGIC/PL00/074_00.AT3	17208	316afa0c2bf51cc200af852467c41cb109260be8b968599f0515521110423288
PSP_GAME/USRDIR/USA/SCE_XA/MAGIC/PL00/075_00.AT3	18696	61f5c7926bdd7ccfd236e75c0a3f17e3a190571e3c2c05825ea87be72a91f30c
PSP_GAME/USRDIR/USA/SCE_XA/MAGIC/PL00/076_00.AT3	13488	1461650b761c50be3c31e6bdfefff3310271cdd4eecd8786ae8314dbe67d860a
PSP_GAME/USRDIR/USA/SCE_XA/MAGIC/PL00/077_00.AT3	13488	631b9d38a02fed9751d7608965223db63bd2ae87e78cae730fa1c2cb61e64630
PSP_GAME/USRDIR/USA/SCE_XA/MAGIC/PL00/078_00.AT3	17208	c7829e9c2879e6574d15a51a99b2e5fba8f25dfcdb83b38f1c77311c97747169
PSP_GAME/USRDIR/USA/SCE_XA/MAGIC/PL00/079_00.AT3	13488	37c3de430a6595081103b2a9e1ba7534879aed1346b8921fe7832ac392010d01
PSP_GAME/USRDIR/USA/SCE_XA/MAGIC/PL00/082_00.AT3	13488	53645bd44c588887db3f9d86a6621cc76241b34db1471080dfa566be8527c60b
PSP_GAME/USRDIR/USA/SCE_XA/MAGIC/PL00/083_00.AT3	17208	a9fd775886d4db5bf65ce0ce3d0b2cd5e731e641046fed2c69e6c6c9716903f5
PSP_GAME/USRDIR/USA/SCE_XA/MAGIC/PL00/084_00.AT3	17208	8d223439564d9ea083e62eb7ad75e5ba61f6a0ed1195ac134eb1e75b30376287
PSP_GAME/USRDIR/USA/SCE_XA/MAGIC/PL00/085_00.AT3	17208	7c4f336ff45fbb49d3743a05c76f6ad7257f180251485f23b81fa069f5f52d29
PSP_GAME/USRDIR/USA/SCE_XA/MAGIC/PL00/086_00.AT3	13488	cfa9fd16c182341eeb6fb02958ad8ab40af4ce23be65da73c09cae3306715b18
PSP_GAME/USRDIR/USA/SCE_XA/MAGIC/PL00/087_00.AT3	17208	7eddd6f5bafd67b6a111310bbef65c0d0d454e64945dbd25044dbaa3426b0f5c
PSP_GAME/USRDIR/USA/SCE_XA/MAGIC/PL00/088_00.AT3	13488	6a25eca526e721dfb6655dcd3bc8b2ea8a4784fd381ace874b64738e419e8b95
PSP_GAME/USRDIR/USA/SCE_XA/MAGIC/PL00/089_00.AT3	13488	0fb3bbad9959943ac4b6c7a48bb91f5fdf96328addc760f1809806ab0f31f5ab
PSP_GAME/USRDIR/USA/SCE_XA/MAGIC/PL00/090_00.AT3	13488	bc640f92f39306cec3349aa735e8fa8da33286403ba039b140e65e2530b9509e
PSP_GAME/USRDIR/USA/SCE_XA/MAGIC/PL00/091_00.AT3	13488	3eb2ace2f36e31874e41c0eedf582a5941077bf154e14f36a4912d43cff45a43
PSP_GAME/USRDIR/USA/SCE_XA/MAGIC/PL00/092_00.AT3	13488	103528ce885c95112dd80fff623482885c4a7e32399bf3b9128aa98850351b1b
PSP_GAME/USRDIR/USA/SCE_XA/MAGIC/PL00/093_00.AT3	21672	0908b6a0b389a94b222fcaa52e83555f0f2b91f8addacf9aa258072d34194e82
PSP_GAME/USRDIR/USA/SCE_XA/MAGIC/PL00/094_00.AT3	13488	67b51eb16c70df2a25184e03b9a04eb8ab6c453e564244025172e7617f6d4211
PSP_GAME/USRDIR/USA/SCE_XA/MAGIC/PL00/095_00.AT3	13488	746dc9dce87d88cc85cfc6ec7aaf53f864c4c84d22c4f3394c5e620d0201e2ec
PSP_GAME/USRDIR/USA/SCE_XA/MAGIC/PL00/096_00.AT3	17208	5014e5cda662e359f1e420f919fa1d24539cb510b873921e14eee3b20e7d4bb1
PSP_GAME/USRDIR/USA/SCE_XA/MAGIC/PL00/097_00.AT3	9024	85c0d57e694be9269d7e2768ba867d1a30a3a38605574d50eea8d68fb1c33d16
PSP_GAME/USRDIR/USA/SCE_XA/MAGIC/PL00/098_00.AT3	13488	21f1ec2c63c27035b6bc1f272c1d344c9e5058dac623a31964cda6204593cd93
PSP_GAME/USRDIR/USA/SCE_XA/MAGIC/PL00/099_00.AT3	17208	cc4aef6e9ecc4010878942516f273f1e432a743ebaa2aed247bb73100b962f65
PSP_GAME/USRDIR/USA/SCE_XA/MAGIC/PL00/100_00.AT3	17208	30afc53b0a6e6ba66974c8f5ed0f0ef68db9b354bd2633e335e7cc3c1e0dc852
PSP_GAME/USRDIR/USA/SCE_XA/MAGIC/PL00/101_00.AT3	17208	4685b527946d3ccecd43faad405a9a27f0dbf0d5390261bf10b0d79843707d50
PSP_GAME/USRDIR/USA/SCE_XA/MAGIC/PL00/102_00.AT3	17208	7df420740dec88373bc879310f82053b104ccd0703600830e9ae0af32bf5d6ba
PSP_GAME/USRDIR/USA/SCE_XA/MAGIC/PL00/103_00.AT3	13488	2ef05c863fbc86c4372f7cbe95f5ffdbb53bf4facec33bb61689f83a7e0237fd
PSP_GAME/USRDIR/USA/SCE_XA/MAGIC/PL00/104_00.AT3	13488	bd9a6cfdf1f0a3770e3b1343fcc569d17f08dd4094a23fcccda2454471d641db
PSP_GAME/USRDIR/USA/SCE_XA/MAGIC/PL00/105_00.AT3	13488	e28b6e021bf6c65b5aeffcc81c649d651d96377bcf2f4e5d780bc785204176c0
PSP_GAME/USRDIR/USA/SCE_XA/MAGIC/PL00/106_00.AT3	13488	5caf24f017345d91a04ee5d4da9ebda1587f322c66075ff58b1a9b0b66a89266
PSP_GAME/USRDIR/USA/SCE_XA/MAGIC/PL00/107_00.AT3	17208	a1ca728463e102e3bb9a4f2728be9e78a328d3f5d747d16fe565d488808e7917
PSP_GAME/USRDIR/USA/SCE_XA/MAGIC/PL00/108_00.AT3	13488	463d7b1bdb2c7ac0f2b78560aff03f5a1a520cc7220fcf018becd52e68c26030
PSP_GAME/USRDIR/USA/SCE_XA/MAGIC/PL00/109_00.AT3	17208	794c5676e7e41e268b00142c805cbd0ae74b648ab9eb71be5bb9ce23fc215267
PSP_GAME/USRDIR/USA/SCE_XA/MAGIC/PL00/110_00.AT3	13488	8ca748e629c9899a48617c9cb64861f9f729f55007ea54a90d2bba8c1880eb96
PSP_GAME/USRDIR/USA/SCE_XA/MAGIC/PL00/111_00.AT3	17208	b26a79f57e2e529dc8d1d089f82de5ea36d67672f176d0fa6143d10408377d2f
PSP_GAME/USRDIR/USA/SCE_XA/MAGIC/PL00/112_00.AT3	13488	bbc807f0a552e80c544e9a5f979681cc28c7f363325cf656dcbe03ab7a1541fe
PSP_GAME/USRDIR/USA/SCE_XA/MAGIC/PL00/114_00.AT3	21672	1c522877967352fc5d300be4d4b211e0a077a487769ebb5087d5675e9ab1fe0c
PSP_GAME/USRDIR/USA/SCE_XA/MAGIC/PL00/115_00.AT3	13488	bb1d38256d79813ce53ad3f3c5507a83036e6fcdd4f9d574d0f0af48d80038f0
PSP_GAME/USRDIR/USA/SCE_XA/MAGIC/PL00/118_00.AT3	9024	0401ce5cfb0f3c0328009acf9c56a0a0be9b5adab4a92516f139225ce3e08e9d
PSP_GAME/USRDIR/USA/SCE_XA/MAGIC/PL00/143_00.AT3	17208	df5430ec7666a389586ebd8da0d1daaca55b257c8717f13cefa934c12d8eb613
PSP_GAME/USRDIR/USA/SCE_XA/MAGIC/PL00/144_00.AT3	13488	1203b7bbe9c962d0604ad6a45739fa39e7c2603269c0234e249dfc592a397135
PSP_GAME/USRDIR/USA/SCE_XA/MAGIC/PL01/004_01.AT3	17208	19b7df19a221f729d1a7e5bc4f0da788a81d46abcdfeb15239b93f6f1ca622dd
PSP_GAME/USRDIR/USA/SCE_XA/MAGIC/PL01/005_01.AT3	17208	8e3c595f1605e9f937cff8c928d463d00b5e2ef27367c04f7a8c5d0eda317bac
PSP_GAME/USRDIR/USA/SCE_XA/MAGIC/PL01/006_01.AT3	17208	67fa2c12233dda358fbcfb5c20acabdda8f64f8dc7489c37b919bbf1111c1b9a
PSP_GAME/USRDIR/USA/SCE_XA/MAGIC/PL01/021_01.AT3	17208	ae0f24d6c315de960948ff5deb55b89fe275a263403a806503c8f1d4a74d5f54
PSP_GAME/USRDIR/USA/SCE_XA/MAGIC/PL01/027_01.AT3	17208	57671ebfc7373c7fb4a68faf196855e7ae5cad8b84c8780555506cb9f03dc15f
PSP_GAME/USRDIR/USA/SCE_XA/MAGIC/PL01/029_01.AT3	21672	fc8def0c31daac488211a5165218c0bac9347a15e1266ea59148ef5c6a7bfb5c
PSP_GAME/USRDIR/USA/SCE_XA/MAGIC/PL01/030_01.AT3	17208	ea0ae04eecff66c8f0070a64787f221fba15469df318193f20d06f6261ce6d69
PSP_GAME/USRDIR/USA/SCE_XA/MAGIC/PL01/031_01.AT3	5304	29d95c3de2aec2058554a19e6d04eebf67a8430498f262e7094b7be8baf5ce69
PSP_GAME/USRDIR/USA/SCE_XA/MAGIC/PL01/032_01.AT3	5304	e172964d0d5d8bdc541693e2fc480a9a60f400538f454cddfed388854d619e7d
PSP_GAME/USRDIR/USA/SCE_XA/MAGIC/PL01/033_01.AT3	9024	99f8acf27928df57abd876eb6d37d89dcef41be3d5fa1bd5efe4d3ee457e452d
PSP_GAME/USRDIR/USA/SCE_XA/MAGIC/PL01/034_01.AT3	5304	a5774b599056e65bff1bb469d55b45b42a1d343be7999849aaaf5eaa15a481ce
PSP_GAME/USRDIR/USA/SCE_XA/MAGIC/PL01/035_01.AT3	17208	d709f7081db15e8b6ca9a1b0f487fab8e18d7c89e028ee95390c6e9c7ca9a5d8
PSP_GAME/USRDIR/USA/SCE_XA/MAGIC/PL01/036_01.AT3	9024	bdd9704398fd4e07b9c20cda99ff06f607b1b4f514c1c84732309d9c5e4edef3
PSP_GAME/USRDIR/USA/SCE_XA/MAGIC/PL01/037_01.AT3	21672	098b555267fa3bff1d55c36a5c5b926a09ec56768769fdd13ae70d0d6d04828f
PSP_GAME/USRDIR/USA/SCE_XA/MAGIC/PL01/038_01.AT3	21672	5f9cb6900d59297bec7501cb0d3bc5f1f54d5eaf6374fb09ccfe17cf9046ecaf
PSP_GAME/USRDIR/USA/SCE_XA/MAGIC/PL01/039_01.AT3	13488	0ca033004cc07b29176783d08b5babc3bb322594c2ebe9399eca0c9b8bebc751
PSP_GAME/USRDIR/USA/SCE_XA/MAGIC/PL01/040_01.AT3	13488	a7382c8aca18b22ddc6a683e21e36078caa76a17b3e7fabfbf5581a65ff647c5
PSP_GAME/USRDIR/USA/SCE_XA/MAGIC/PL01/041_01.AT3	17208	f4e25cc0270ff310d7afacd6ce1aab570d85bf4fa901e63f951cde00f761073e
PSP_GAME/USRDIR/USA/SCE_XA/MAGIC/PL01/042_01.AT3	13488	c285ab81de133799e5b95219d5f8d99df3870a5a1c4dc6ee232239cde9af07e3
PSP_GAME/USRDIR/USA/SCE_XA/MAGIC/PL01/043_01.AT3	17208	b172d928e4646e8f4cafe77ed810eadec2f526afc8cb8ec5e2e6f3a883dceb64
PSP_GAME/USRDIR/USA/SCE_XA/MAGIC/PL01/044_01.AT3	17208	f18d359bc368a285bcb1392a9d6cb92f66e918d5e901283b90d8081c9b933a6b
PSP_GAME/USRDIR/USA/SCE_XA/MAGIC/PL01/045_01.AT3	17208	f116b048bc9aef6609aa385d7d984edb0d972ac39fcfd7c625f212571bdad397
PSP_GAME/USRDIR/USA/SCE_XA/MAGIC/PL01/046_01.AT3	21672	8f35ed3beadef0eb43bd2c133cf3951cb598f87de04e56ca83fdca9f431f0b73
PSP_GAME/USRDIR/USA/SCE_XA/MAGIC/PL01/047_01.AT3	17208	c34866506470d45a935b7995f8b9d0bb10d6f7493eb0ef0827df65834f91cc21
PSP_GAME/USRDIR/USA/SCE_XA/MAGIC/PL01/048_01.AT3	21672	345779a40f7bcd7e64b94f8fe389aa17e0e1a128f9f4bd519fd9e66b5ddf9d04
PSP_GAME/USRDIR/USA/SCE_XA/MAGIC/PL01/049_01.AT3	17208	7fca3ce079419514e72760f830cda78553f317f28907d86442450a9d90abe36a
PSP_GAME/USRDIR/USA/SCE_XA/MAGIC/PL01/050_01.AT3	17208	40455827998c920808f7d7cd8a7325e532668a8631ce00ac459d924bd7954999
PSP_GAME/USRDIR/USA/SCE_XA/MAGIC/PL01/051_01.AT3	13488	02f37a273786c7d320162404e957cc10a5aadcc2aa123fd8c993b4c862798608
PSP_GAME/USRDIR/USA/SCE_XA/MAGIC/PL01/052_01.AT3	13488	a9d545f0ef7ecf53e42dae21af35cdb4cee09a36176f1e3f0c3e0e88ecfd46e6
PSP_GAME/USRDIR/USA/SCE_XA/MAGIC/PL01/053_01.AT3	21672	ee6f0f9e3a218f9e5d1fca352165e5d20fdabb7a1c5f67c87915252601f27d22
PSP_GAME/USRDIR/USA/SCE_XA/MAGIC/PL01/054_01.AT3	17208	b031b766e086fb4e4772e48f00223200f578ddce43a22652d06ee8cd536b36f1
PSP_GAME/USRDIR/USA/SCE_XA/MAGIC/PL01/055_01.AT3	21672	7a767fedf4a05700bccf5127d687960a7a8feb6b65963dbb438a04bd49be13d3
PSP_GAME/USRDIR/USA/SCE_XA/MAGIC/PL01/056_01.AT3	13488	cb9a7b3e4fdc4aa59829ab693b19bdb2d4599d202c1cabe8c22fe1f05bca08d4
PSP_GAME/USRDIR/USA/SCE_XA/MAGIC/PL01/058_01.AT3	13488	640f10e35ddde52c1d9e3621e4ef4b12ffcb9ae355c1c6efe96ab354f6fec7f1
PSP_GAME/USRDIR/USA/SCE_XA/MAGIC/PL01/059_01.AT3	17208	73fb905323120eec882feae2e05041b5ce9dc12a2db6b45aeea533c37b4d19ac
PSP_GAME/USRDIR/USA/SCE_XA/MAGIC/PL01/061_01.AT3	21672	085adceb422edde9bf847c117e2cc1ef5419d7a7f5231c3a003dcccdedbecbde
PSP_GAME/USRDIR/USA/SCE_XA/MAGIC/PL01/062_01.AT3	17208	502b150c7fa522980796e7ac1c26e1637a8a1347638a13a5d10ceaae99250aa6
PSP_GAME/USRDIR/USA/SCE_XA/MAGIC/PL01/063_01.AT3	13488	a665f7e8299af6117d30b19879d45d1a8fac8087561b45f8859ada47ae1f115a
PSP_GAME/USRDIR/USA/SCE_XA/MAGIC/PL01/066_01.AT3	17208	0151e2426c1b10077e382d374ee969d33d8f9adae41bba999db81bb010f5ca74
PSP_GAME/USRDIR/USA/SCE_XA/MAGIC/PL01/067_01.AT3	13488	965ed60e57cc82adac57db68ea3e023d4b56c22ac03efb64f8b406eed49fd3d1
PSP_GAME/USRDIR/USA/SCE_XA/MAGIC/PL01/070_01.AT3	17208	75d18cfe8d44dd2974f9ad4e0301d6360240d180874c291fb6128e675df6a115
PSP_GAME/USRDIR/USA/SCE_XA/MAGIC/PL01/071_01.AT3	13488	2b430fca7b7a23e63158d648a14c717220c75c781fd483d2602e28b4d96058a0
PSP_GAME/USRDIR/USA/SCE_XA/MAGIC/PL01/072_01.AT3	13488	353e93e2c75601b9693c86d9cf36da955c1ed222489c962ac7f6c28f64ce78c1
PSP_GAME/USRDIR/USA/SCE_XA/MAGIC/PL01/073_01.AT3	13488	ba5c0a308a956b5f2896f33125040cec68ed9ca213f49fb4e578affe7f8cf7b7
PSP_GAME/USRDIR/USA/SCE_XA/MAGIC/PL01/074_01.AT3	17208	7e838b5f4208ef0cfc6a8b88cd5102bb49268093ea41d69d11a232ea91cb3b0e
PSP_GAME/USRDIR/USA/SCE_XA/MAGIC/PL01/075_01.AT3	13488	6fdedfb0aedbdcf8c4547f77e8bd087835c8bbd15e402ac0083183a177ab8513
PSP_GAME/USRDIR/USA/SCE_XA/MAGIC/PL01/076_01.AT3	13488	39dd1d1ba90533b6d70a2e7ad8fc14d76d1f1d5e7bdffa676eb753e3dcc29c2e
PSP_GAME/USRDIR/USA/SCE_XA/MAGIC/PL01/077_01.AT3	17208	9ccdc07eaa4dcf25648d509d8fe0993d990526f8ad34863b4f5535f9f1631ad3
PSP_GAME/USRDIR/USA/SCE_XA/MAGIC/PL01/078_01.AT3	17208	db3fd2e7a2ec04ca014ff7d258b41b5c73557570e3da9c42623116a0c0ac4b7e
PSP_GAME/USRDIR/USA/SCE_XA/MAGIC/PL01/079_01.AT3	9024	8ec817b6345ef9bf281764810ff5ff2aad236e40b38d4af8e0c0333ddac8f98b
PSP_GAME/USRDIR/USA/SCE_XA/MAGIC/PL01/082_01.AT3	13488	fd623856abade3db0331dbdab14035073bb3da2f17e3e3ffd984e59e83b516d4
PSP_GAME/USRDIR/USA/SCE_XA/MAGIC/PL01/083_01.AT3	17208	b52d8fc83fc757e215e6f44e377457dd2a94ea6ad323871c60e158b6794bb0e1
PSP_GAME/USRDIR/USA/SCE_XA/MAGIC/PL01/084_01.AT3	17208	f5b078338d7cdce4ea20a5cda5f12a331746da8923f30278a5b3127f190cf347
PSP_GAME/USRDIR/USA/SCE_XA/MAGIC/PL01/085_01.AT3	13488	bd06848d0df9f2480b69b890b74d55d330bd813a54ca78ae52c3299e4558d09e
PSP_GAME/USRDIR/USA/SCE_XA/MAGIC/PL01/086_01.AT3	9024	532e1ddfd5358618048b349a81926991746e6c21c141b73769ab9cd3bb90fc91
PSP_GAME/USRDIR/USA/SCE_XA/MAGIC/PL01/087_01.AT3	17208	4f27799a53babbf357e6add3c4d4230f333b6ce7f8b04c5ce0a1e0b55c03ff7b
PSP_GAME/USRDIR/USA/SCE_XA/MAGIC/PL01/088_01.AT3	17208	6891d3f190e966f28c5883f5debe390dc49f92dd83f556d34b7efe0fa87ba746
PSP_GAME/USRDIR/USA/SCE_XA/MAGIC/PL01/089_01.AT3	13488	048182ed0799ae06126b2e2149a5be259b1be58891b5c246d07c973f933c3a48
PSP_GAME/USRDIR/USA/SCE_XA/MAGIC/PL01/090_01.AT3	9024	3b0193e88f009ec643d4d3dd05ef38e5b426596ea88e490a07a13b3136a136c0
PSP_GAME/USRDIR/USA/SCE_XA/MAGIC/PL01/091_01.AT3	13488	8bf0751b7d7d3f4dc6c30198c326e9215bfb33a8fdb5d87a53321ecf7408d7ab
PSP_GAME/USRDIR/USA/SCE_XA/MAGIC/PL01/092_01.AT3	17208	bc48c17f43edc7b0bb51e6aa16c3f1a3f4e399279c0a3eadfaba25d12f6d14df
PSP_GAME/USRDIR/USA/SCE_XA/MAGIC/PL01/093_01.AT3	21672	1831fab2321a9b73e8df70c98d0fbb18fde5b9f9a5e603aacf7d64d0dd1d89dd
PSP_GAME/USRDIR/USA/SCE_XA/MAGIC/PL01/094_01.AT3	13488	39cb7906c73436029ec92b15b657b126502d1b9d2d0ed86670305193e2d41e76
PSP_GAME/USRDIR/USA/SCE_XA/MAGIC/PL01/095_01.AT3	13488	bcc5e67a64d959e20beb82588dc3d529aac98a52e15352022d91245812f6a75b
PSP_GAME/USRDIR/USA/SCE_XA/MAGIC/PL01/096_01.AT3	17208	9d39ccee8dda261c46031f56f90a3f3a286127004f73634cf83689b8674d7eaa
PSP_GAME/USRDIR/USA/SCE_XA/MAGIC/PL01/097_01.AT3	13488	6ed57f49d4474bbf12514a2c4895bd882ee6091773484b1b3836c5f5b195375f
PSP_GAME/USRDIR/USA/SCE_XA/MAGIC/PL01/098_01.AT3	13488	dd4885e421776e7c17fd899c59df7a89f6f357ab6e74f592bf0b0f0123de4104
PSP_GAME/USRDIR/USA/SCE_XA/MAGIC/PL01/099_01.AT3	21672	701c3e0bf3fedcdf1a87120a1a6d86faab3abb07b7870484b71399cfdb125e1c
PSP_GAME/USRDIR/USA/SCE_XA/MAGIC/PL01/100_01.AT3	13488	8c8d58cbff6f678a72bf38f63cf9d9af284331dfeb51468653ebdca15ed2d0df
PSP_GAME/USRDIR/USA/SCE_XA/MAGIC/PL01/101_01.AT3	13488	29cdaadbf5430c388dbe9a62978779b9ccffc6fc441c10cb1847d53490a5bcdc
PSP_GAME/USRDIR/USA/SCE_XA/MAGIC/PL01/102_01.AT3	13488	be2392bd779dad06f1c1f08ff830932edec442bc3aca7fc5e0cbb69914def5d1
PSP_GAME/USRDIR/USA/SCE_XA/MAGIC/PL01/103_01.AT3	9024	064607dbb64768c8bf48dfaea2bcbfbf1ff33250d3121421f8e306355b99acf8
PSP_GAME/USRDIR/USA/SCE_XA/MAGIC/PL01/104_01.AT3	13488	f2abe9d57fa3cc164a79041f61d796b4c1da163e5d0e2353944b51eb87413ac8
PSP_GAME/USRDIR/USA/SCE_XA/MAGIC/PL01/105_01.AT3	13488	23e3b05aafcc237d9823061fcd0b1aea053c0cca4dc39ebb6ad17b5e7b094a99
PSP_GAME/USRDIR/USA/SCE_XA/MAGIC/PL01/106_01.AT3	13488	d87d23d1670a16f3813f7b74b3c4f57aca562f6c083f211ab3b82aaf345d5f43
PSP_GAME/USRDIR/USA/SCE_XA/MAGIC/PL01/107_01.AT3	13488	dd3bfb4bfd5d8fdfeefd5bf83e5172a88e2ffa93055429b2a1b26b36efba03cb
PSP_GAME/USRDIR/USA/SCE_XA/MAGIC/PL01/108_01.AT3	9024	4ed4aeef9d4729a8aa6b5ab440b733b6a1a395ed0d3ef5dc2abb13ef4c83a58e
PSP_GAME/USRDIR/USA/SCE_XA/MAGIC/PL01/109_01.AT3	17208	cf43f931a39c94b3770cae9bb0a94554f7ba65ad9c148b4e404a9121f9a2f5ad
PSP_GAME/USRDIR/USA/SCE_XA/MAGIC/PL01/110_01.AT3	9024	1affcbc1f75a5cea91278353eff7d479337cb2b09e10847c93c41867fa595c2c
PSP_GAME/USRDIR/USA/SCE_XA/MAGIC/PL01/111_01.AT3	13488	703a2729c78b60c8453bcb00fcf9927e6b0e0ce4504db8b513888d3f6f93109e
PSP_GAME/USRDIR/USA/SCE_XA/MAGIC/PL01/112_01.AT3	13488	92878233ca0a7e6791022704126f714cc515bd1ad59afed4b42107bdd77b48bf
PSP_GAME/USRDIR/USA/SCE_XA/MAGIC/PL01/113_01.AT3	13488	37898f24898a285f4d1206306f75d620bc384ea6014cff36cc8eb4001dd88bfe
PSP_GAME/USRDIR/USA/SCE_XA/MAGIC/PL01/114_01.AT3	21672	59fc21b7f8e188a1bcf1ea179f9b75332d412e507ddd1f652d21225933e67c04
PSP_GAME/USRDIR/USA/SCE_XA/MAGIC/PL01/115_01.AT3	9024	29038f138f84d97ba03fa63599b7bbaea07b75b2b9cae1b542484873347ed0b7
PSP_GAME/USRDIR/USA/SCE_XA/MAGIC/PL01/117_01.AT3	9024	88e68a625be2a03f108b0a8b6f3e060c8d1b5be83a3bdc78a664ac105428e87e
PSP_GAME/USRDIR/USA/SCE_XA/MAGIC/PL01/118_01.AT3	13488	cf1ea081425d6234dd897f39b83c75e7bc0959b184d4c77fd4671e8eb227351b
PSP_GAME/USRDIR/USA/SCE_XA/MAGIC/PL01/140_01.AT3	13488	7c55caceb8b75b72f38b179f1700d2d50cc6c9291207e73104fe4acd83ac78a6
PSP_GAME/USRDIR/USA/SCE_XA/MAGIC/PL01/142_01.AT3	13488	bfaed73e9af110c794f7c36b47a61d44e1c4948a92b4ee9a8947082de7465b5f
PSP_GAME/USRDIR/USA/SCE_XA/MAGIC/PL01/143_01.AT3	13488	e8a9834e4f1646ef08a8127f50b605cef13fb37d58fd0432c1bdbfde2679b8a5
PSP_GAME/USRDIR/USA/SCE_XA/MAGIC/PL01/144_01.AT3	13488	c74a54d34aca6777ded977b1706186c3624447957e047d6d1ea5c3606cb77d2e
PSP_GAME/USRDIR/USA/SCE_XA/MAGIC/PL01/145_01.AT3	13488	1184c29ab5ffbe6a5c30d690c96a206555d6a7e69989b2bff7685f990fb2a690
PSP_GAME/USRDIR/USA/SCE_XA/MAGIC/PL01/147_01.AT3	17208	5153fe20d68c71e1e2e2183a5873d38fa5ce8cb350e9755bcc43f74e922a7082
PSP_GAME/USRDIR/USA/SCE_XA/MAGIC/PL01/149_01.AT3	13488	d57ac3146ce34feaed833bece7513af6ac7875e9c05f227461b4b30c5053c66b
PSP_GAME/USRDIR/USA/SCE_XA/MAGIC/PL02/004_02.AT3	21672	2748aca8a8029a95dfdc86e5ae2bab8812ed80aa292013004a2c9bda2a4a6333
PSP_GAME/USRDIR/USA/SCE_XA/MAGIC/PL02/005_02.AT3	21672	b1b2a810eefa7158951fc516ae7aaa033afece61457894bf65f5b4bbec615243
PSP_GAME/USRDIR/USA/SCE_XA/MAGIC/PL02/006_02.AT3	17208	2f222ab344c6b99def4e1bab5a7e73a263dd0e1393786d4d8ea5d377abe756a5
PSP_GAME/USRDIR/USA/SCE_XA/MAGIC/PL02/021_02.AT3	17208	21171449e819b9681ce3840e46e598ed0715f3e379e08a65e3dddfea0354cb2b
PSP_GAME/USRDIR/USA/SCE_XA/MAGIC/PL02/027_02.AT3	9024	08765d26be5d504f52b5dd96f79ec6bf2319884d58ccba8a18daf9d8e76aaefd
PSP_GAME/USRDIR/USA/SCE_XA/MAGIC/PL02/029_02.AT3	21672	a422c7f312263891ab598a2f6667eff5b41ae86454407304907e768dd1695e9c
PSP_GAME/USRDIR/USA/SCE_XA/MAGIC/PL02/030_02.AT3	17208	fa17260996d00e7b7d58b2019bcc63d18126639a75952d19c436c1f418cc2fd1
PSP_GAME/USRDIR/USA/SCE_XA/MAGIC/PL02/031_02.AT3	13488	0aa8e86371b48aea9d01272b51b7fb8e0d322714507fef5f405720c4548353e8
PSP_GAME/USRDIR/USA/SCE_XA/MAGIC/PL02/032_02.AT3	17208	ef3cac9bb6be9880272d796baa66b1bcda4a36cdd872cb1b93abea345fdd7e76
PSP_GAME/USRDIR/USA/SCE_XA/MAGIC/PL02/033_02.AT3	17208	ea85c7107b53f53b515e21ecc1baf9a4ecc49ec6562fed737c873c1a549c8eb5
PSP_GAME/USRDIR/USA/SCE_XA/MAGIC/PL02/034_02.AT3	17208	854c9fa1d8805a67d930a39273aa769a31f511e069099911c071de26a9383f75
PSP_GAME/USRDIR/USA/SCE_XA/MAGIC/PL02/035_02.AT3	17208	ce933481a1284cb48eb7a02e309585378a8528d23d8ea0cd90f2e75bbac50d79
PSP_GAME/USRDIR/USA/SCE_XA/MAGIC/PL02/036_02.AT3	17208	2cebb564bfee91fe8e89986a0a34516050d29e71cd191144f3d9540904ac51c4
PSP_GAME/USRDIR/USA/SCE_XA/MAGIC/PL02/037_02.AT3	21672	e7175ae3601b966cdb980e9b84bbdb0576834dc7180af9de6cb68ade6f24fb0b
PSP_GAME/USRDIR/USA/SCE_XA/MAGIC/PL02/038_02.AT3	21672	7b7b933749c0eaeca925a4940d082d630f5f865ac2785125ba2dd34d8d574dd2
PSP_GAME/USRDIR/USA/SCE_XA/MAGIC/PL02/039_02.AT3	21672	2c259e676df5b81f2f688d3d3b5d6168788a2f309deecc1bc14c5649c227cef6
PSP_GAME/USRDIR/USA/SCE_XA/MAGIC/PL02/040_02.AT3	17208	6fb06e2e5b929de1b952a12e9013abea2d8fe183d44581d66f4e2b4475ceac2a
PSP_GAME/USRDIR/USA/SCE_XA/MAGIC/PL02/041_02.AT3	21672	6036f1b35df57c98d469ac1aeed9c643198692f8d12b4e7e473e24e01413bc9c
PSP_GAME/USRDIR/USA/SCE_XA/MAGIC/PL02/042_02.AT3	9024	0947bf59cb5cbc3e9afab7ac3ff370d8d9e4b7d03a86d011bc420b54200297aa
PSP_GAME/USRDIR/USA/SCE_XA/MAGIC/PL02/043_02.AT3	17208	8e4add06c900e829ff9ba369b89af102f6ef586a94feac4425e30aa27152e32a
PSP_GAME/USRDIR/USA/SCE_XA/MAGIC/PL02/044_02.AT3	9024	75ea6e20f65d25c49b9610e759650464e9914318cdc1d0d2df3208bee74c92c5
PSP_GAME/USRDIR/USA/SCE_XA/MAGIC/PL02/045_02.AT3	17208	620cdbb4039230e533e2094df2c713c743f9733515af24cf5a561c4f9b4eb25a
PSP_GAME/USRDIR/USA/SCE_XA/MAGIC/PL02/046_02.AT3	13488	40769974bb37229e0efceefc9d3ba9fca9d7eb0f840e3a802a302774a55b607e
PSP_GAME/USRDIR/USA/SCE_XA/MAGIC/PL02/047_02.AT3	9024	54a1ac69d4cfba465e80350da7d454253a8fa3d0a50c8605f9833d52f952f7db
PSP_GAME/USRDIR/USA/SCE_XA/MAGIC/PL02/048_02.AT3	9024	c5dd9bae6c44cb88524dec6abd83997840e7583c67c4c67afe825cf9e61b51df
PSP_GAME/USRDIR/USA/SCE_XA/MAGIC/PL02/049_02.AT3	17208	3d24b3f0ea9866d7b72d0d668dfb6d88def432d9a6776e2f6ee1f25e4993e7e0
PSP_GAME/USRDIR/USA/SCE_XA/MAGIC/PL02/050_02.AT3	13488	af836833bdbda4c00259ffb98dca290b612714c648b505d50db20d4c7c4a4dca
PSP_GAME/USRDIR/USA/SCE_XA/MAGIC/PL02/051_02.AT3	9024	ce3e90a04742b76646c07dc17e84888b53009e86983244c688afa99fce4d848b
PSP_GAME/USRDIR/USA/SCE_XA/MAGIC/PL02/052_02.AT3	17208	de54c311be4b0b82ad4497e4630a902edfa8f92cbe49b3703b9dc27916ead75a
PSP_GAME/USRDIR/USA/SCE_XA/MAGIC/PL02/053_02.AT3	17208	92806509573e22c94b4f5b56f318442514ce3743117ead7dba4066d5a725755c
PSP_GAME/USRDIR/USA/SCE_XA/MAGIC/PL02/054_02.AT3	21672	4946d37b9af7489d2a2720abe7de2cb9ffcb98a35c0df03e3426d6a993cf17c7
PSP_GAME/USRDIR/USA/SCE_XA/MAGIC/PL02/055_02.AT3	13488	41f1b6e9cb03bfda0a7846e257288642ca3cac4514f9e63ce2226e24ae5f66cf
PSP_GAME/USRDIR/USA/SCE_XA/MAGIC/PL02/056_02.AT3	17208	ea85c7107b53f53b515e21ecc1baf9a4ecc49ec6562fed737c873c1a549c8eb5
PSP_GAME/USRDIR/USA/SCE_XA/MAGIC/PL02/058_02.AT3	13488	862e6b229167191326cc1e077dceb84e38de2d599896cc3204da0e352ad67bfe
PSP_GAME/USRDIR/USA/SCE_XA/MAGIC/PL02/059_02.AT3	21672	32eefe0d5082cd6d64546d28dd7a0bf1fb94446806dd3a96fe2a83b3b7be3d2f
PSP_GAME/USRDIR/USA/SCE_XA/MAGIC/PL02/061_02.AT3	9024	dcd87c8dc16a58647fa3feb7fce44eb5773da665a99cbd89c0ac7b2fd89de174
PSP_GAME/USRDIR/USA/SCE_XA/MAGIC/PL02/062_02.AT3	17208	2a81ae5785a82e01fabfd4ee48438363bb789df3f750d4a2759851019b6a01ed
PSP_GAME/USRDIR/USA/SCE_XA/MAGIC/PL02/063_02.AT3	17208	aeb01c4de9e9302001ed50364528283d481c667352cbb6f53e406c1008724179
PSP_GAME/USRDIR/USA/SCE_XA/MAGIC/PL02/066_02.AT3	17208	f0c47a43b4402b1f6fdc51b1cafffb9c30aed80773b20ce94dcd02accc08a3f4
PSP_GAME/USRDIR/USA/SCE_XA/MAGIC/PL02/067_02.AT3	9024	ce3e90a04742b76646c07dc17e84888b53009e86983244c688afa99fce4d848b
PSP_GAME/USRDIR/USA/SCE_XA/MAGIC/PL02/070_02.AT3	17208	5b88eff40ed2ef7771b3e1f4695cd278a65e3c224af959cf13818328b67ef5f4
PSP_GAME/USRDIR/USA/SCE_XA/MAGIC/PL02/071_02.AT3	17208	88213dfa3ffa3a2f44dbf75b8cca950af0c20ec85dd8fc3e26e8684884058202
PSP_GAME/USRDIR/USA/SCE_XA/MAGIC/PL02/072_02.AT3	17208	a53760416bb2193ab306b4a9ab11e54abc5d609cf78b8fb79f3362a27d85689f
PSP_GAME/USRDIR/USA/SCE_XA/MAGIC/PL02/073_02.AT3	17208	89c2cd924d2b027614d9433d6c5b69c604f0b0501b403f6a8f1325d771a8c446
PSP_GAME/USRDIR/USA/SCE_XA/MAGIC/PL02/074_02.AT3	17208	e8dba8c54824542b0d83b8d6e819ca61e5e39d555d29baba652becdbd9a9bfba
PSP_GAME/USRDIR/USA/SCE_XA/MAGIC/PL02/075_02.AT3	17208	1bb47d4294354a4af5ee99c6fd13188d5722b182456de87f755e3ada86e3cfc8
PSP_GAME/USRDIR/USA/SCE_XA/MAGIC/PL02/076_02.AT3	17208	7e40c9ca5218f5528158f46fb1a6dacc75517d106788f684c2ad0634c8b7e3fa
PSP_GAME/USRDIR/USA/SCE_XA/MAGIC/PL02/077_02.AT3	17208	2cebb564bfee91fe8e89986a0a34516050d29e71cd191144f3d9540904ac51c4
PSP_GAME/USRDIR/USA/SCE_XA/MAGIC/PL02/078_02.AT3	17208	1f544a3cd99ea4ce5a1564f93ebe88c1bcdd4acd601864339463d331ca294f1f
PSP_GAME/USRDIR/USA/SCE_XA/MAGIC/PL02/079_02.AT3	13488	377dee629ebe3efde65fcae923166abdee9313fcd43629ee322093638239d306
PSP_GAME/USRDIR/USA/SCE_XA/MAGIC/PL02/082_02.AT3	17208	c09a07d8c758ce0e93918190186a14bb753f1a7fa83294ceb7836e6ee34a0a9a
PSP_GAME/USRDIR/USA/SCE_XA/MAGIC/PL02/083_02.AT3	17208	b8f9cbc8685f55db72d1277663f7c32a1c909363dc1a7991eb1ce18387a6fc06
PSP_GAME/USRDIR/USA/SCE_XA/MAGIC/PL02/084_02.AT3	13488	e5326d788402641f6454acd7ac220c81228dfb631b42b2241bf5501e025ee308
PSP_GAME/USRDIR/USA/SCE_XA/MAGIC/PL02/085_02.AT3	13488	a94c851bdf2c99344f3fdf15406298d28e1d6fbe2b363416e0c53fb4c56a132e
PSP_GAME/USRDIR/USA/SCE_XA/MAGIC/PL02/086_02.AT3	9024	3550c474ce8ecb8c86ca1f378611c1d3296e7108795c0a855da89ba5abcd7a05
PSP_GAME/USRDIR/USA/SCE_XA/MAGIC/PL02/087_02.AT3	13488	66f60f678ef4ffddad9a39efe0d73864bf3c84d8f6e83c20a2d89786aeb57601
PSP_GAME/USRDIR/USA/SCE_XA/MAGIC/PL02/088_02.AT3	13488	109071bcc5b1975647f2b19092f605fbec35876166bb3c5db6147a57cb91d435
PSP_GAME/USRDIR/USA/SCE_XA/MAGIC/PL02/089_02.AT3	13488	3df630a0567804174588a22ead0980b33a9d6029a20a1251020e64846d7cee5f
PSP_GAME/USRDIR/USA/SCE_XA/MAGIC/PL02/090_02.AT3	9024	ee8712f172a8b1c749c73072478be23a2f2205f8011ef5e20cf0f0987bd5269e
PSP_GAME/USRDIR/USA/SCE_XA/MAGIC/PL02/091_02.AT3	21672	48b521613c0f84a12bba2e62daab30cdd83f445468a6ace10f680fe67efbd1d8
PSP_GAME/USRDIR/USA/SCE_XA/MAGIC/PL02/092_02.AT3	13488	0e71968212bbcc28d113234fca3367361f1f2055f2f6db6bdd34d755feb261e1
PSP_GAME/USRDIR/USA/SCE_XA/MAGIC/PL02/093_02.AT3	13488	28c22a91951c2241400f6f765a853696da2c963525101e2fa2a5d9b59007f67e
PSP_GAME/USRDIR/USA/SCE_XA/MAGIC/PL02/094_02.AT3	13488	a60b1ec927d1f51ac4e1099c71fbaccc091ad5edb03388b476e9b8a026e0f4cb
PSP_GAME/USRDIR/USA/SCE_XA/MAGIC/PL02/095_02.AT3	17208	b2b2251d6bb4ddb83079092992f877c6cec82de07f50c559b11a5749a5fc501b
PSP_GAME/USRDIR/USA/SCE_XA/MAGIC/PL02/096_02.AT3	13488	6705f2532a5219038d8a04a45fb9b5462e0c7262604b81ffbbcb17f2dd316d98
PSP_GAME/USRDIR/USA/SCE_XA/MAGIC/PL02/097_02.AT3	9024	0b1e826a8609404c30a52e340b7d4302ef1ae09cc29147ce873c9289557e0995
PSP_GAME/USRDIR/USA/SCE_XA/MAGIC/PL02/098_02.AT3	9024	f83fad3a9e2847e7982c990002e4601d12ba5c9156d18ec25a341d957468b906
PSP_GAME/USRDIR/USA/SCE_XA/MAGIC/PL02/099_02.AT3	17208	d81346e8b73c302769105d64e16fc6ee644c307dadff38b145ef8a1b180cd7cd
PSP_GAME/USRDIR/USA/SCE_XA/MAGIC/PL02/100_02.AT3	13488	157c16ee554d9d30ba0b726783aeff8692a402e2d290c74139d12d81a58f1c7a
PSP_GAME/USRDIR/USA/SCE_XA/MAGIC/PL02/101_02.AT3	17208	7aedb2914b69d99a680221f37fbd1893792ebc0dcfe0e80ca78a0cfc57642483
PSP_GAME/USRDIR/USA/SCE_XA/MAGIC/PL02/102_02.AT3	13488	52fca1adc6f2dc0c91e58079ec50fea417f53cd604a992fd25178244bedd7679
PSP_GAME/USRDIR/USA/SCE_XA/MAGIC/PL02/103_02.AT3	9024	043af07c0c9037307b1f9d9cf35688fbba46d63313389c20b756075cc46d1285
PSP_GAME/USRDIR/USA/SCE_XA/MAGIC/PL02/104_02.AT3	13488	f87d4528f89503dd77808005404aa13c01313d6be518ceb13b6feb41dbe220ad
PSP_GAME/USRDIR/USA/SCE_XA/MAGIC/PL02/105_02.AT3	13488	61446803d45b63d8e41ed30e60b02e28a3248b071f45ba35fd84344be466110a
PSP_GAME/USRDIR/USA/SCE_XA/MAGIC/PL02/106_02.AT3	17208	f9aff185c1df9e996faf4fb1ff5d56fe666d48ffa31b89cf5afff07dc2f3c4e4
PSP_GAME/USRDIR/USA/SCE_XA/MAGIC/PL02/107_02.AT3	9024	80742b554bc04c04356e0e1dbdab3f35f9251d3e48639b691e1be61749ba3631
PSP_GAME/USRDIR/USA/SCE_XA/MAGIC/PL02/108_02.AT3	9024	231098124eabd389e595fc162ff0e07c7740e1b73f95a642714fab968fce0d8d
PSP_GAME/USRDIR/USA/SCE_XA/MAGIC/PL02/109_02.AT3	13488	9cc529b8568cd1c35706a924384ec2033ca3d847399f7f8ddc2a111ae4daa4aa
PSP_GAME/USRDIR/USA/SCE_XA/MAGIC/PL02/110_02.AT3	21672	dfcad4d1dcb04249a869ceb0ba1265842475c4325138df05ba3b51ca2e8b613d
PSP_GAME/USRDIR/USA/SCE_XA/MAGIC/PL02/111_02.AT3	9024	5c92c3edd046815ee95486b0635ba72a63ffe70a1b1272782b538f94045c5365
PSP_GAME/USRDIR/USA/SCE_XA/MAGIC/PL02/112_02.AT3	13488	1d69e3706aef070c3a71900949d84fe561b79b47ab9bef087902e8373b0d2a6b
PSP_GAME/USRDIR/USA/SCE_XA/MAGIC/PL02/113_02.AT3	21672	66b8be5005bb5527b413fa8fa7f3260e569fb542992fb2bd933ac7cebd31fdc0
PSP_GAME/USRDIR/USA/SCE_XA/MAGIC/PL02/114_02.AT3	21672	0c0a0af2a6cca24cba8d39d327e3d1496c372c715bda5db7b4d53760054d45e3
PSP_GAME/USRDIR/USA/SCE_XA/MAGIC/PL02/115_02.AT3	17208	87a5553d148a9e9e6b755c19f0e9b734264ff4a3faec7c5f56fee05b91443af2
PSP_GAME/USRDIR/USA/SCE_XA/MAGIC/PL02/117_02.AT3	17208	2cebb564bfee91fe8e89986a0a34516050d29e71cd191144f3d9540904ac51c4
PSP_GAME/USRDIR/USA/SCE_XA/MAGIC/PL02/118_02.AT3	9024	842241fb9cf271dfe0c583675e1efd028e11512d725d51ffa24a387141e4f570
PSP_GAME/USRDIR/USA/SCE_XA/MAGIC/PL02/140_02.AT3	21672	2bcc8c694562a062f7a59d709270b590c70f60719b7bed82c94f5d6e998afef0
PSP_GAME/USRDIR/USA/SCE_XA/MAGIC/PL02/142_02.AT3	21672	6c2da3060818aa1c76dc7501e2891223109234e56bf6f8a9b318fd11c856c1dc
PSP_GAME/USRDIR/USA/SCE_XA/MAGIC/PL02/143_02.AT3	21672	456170d4a4bba17e3304a53378830b20cc7596413c0dacea80d332f44bc5d6fd
PSP_GAME/USRDIR/USA/SCE_XA/MAGIC/PL02/144_02.AT3	17208	d13a1e078e19e3fafcd7cb0ae11f9f890acc8ba159af7ff25f80eec62e3200d7
PSP_GAME/USRDIR/USA/SCE_XA/MAGIC/PL02/145_02.AT3	17208	591ce7a8d282dc1bcd3aec5c16cf69cac61a9a82a65a077a6f786f3f91f25d20
PSP_GAME/USRDIR/USA/SCE_XA/MAGIC/PL02/147_02.AT3	17208	6fb06e2e5b929de1b952a12e9013abea2d8fe183d44581d66f4e2b4475ceac2a
PSP_GAME/USRDIR/USA/SCE_XA/MAGIC/PL02/149_02.AT3	17208	a56a6ff917b334fad7dab6bf7d9facdccc9f57bb603a3a7b6f8ab77214eb9709
PSP_GAME/USRDIR/USA/SCE_XA/MAGIC/PL02/152_02.AT3	9024	c5dd9bae6c44cb88524dec6abd83997840e7583c67c4c67afe825cf9e61b51df
PSP_GAME/USRDIR/USA/SCE_XA/MAGIC/PL02/153_02.AT3	17208	dc8efe2486f798b9704fbe356d80f724c9ede747e615d9854325a0ae593eb932
PSP_GAME/USRDIR/USA/SCE_XA/MAGIC/PL02/158_02.AT3	9024	3e5860f70e56ea3a329d2b056cf4fd395e6385add646f77913c4cfcc81cb8c3a
PSP_GAME/USRDIR/USA/SCE_XA/MAGIC/PL02/162_02.AT3	17208	2c2a8bec6b057bcc2597fff51f5f3fa6923ec8208d0c74eb95ca89e887a9b918
PSP_GAME/USRDIR/USA/SCE_XA/MAGIC/PL02/163_02.AT3	17208	d5d005c94d89932bda1b175bb694685927a0f634bc0307edf7e7a3e122a98c90
PSP_GAME/USRDIR/USA/SCE_XA/MAGIC/PL02/166_02.AT3	13488	73b32a58bcfc00a6a45332b1b0bac87bfda1cfa92c8c9150903359952689bb8d
PSP_GAME/USRDIR/USA/SCE_XA/MAGIC/PL02/167_02.AT3	9024	ce3e90a04742b76646c07dc17e84888b53009e86983244c688afa99fce4d848b
PSP_GAME/USRDIR/USA/SCE_XA/MAGIC/PL02/168_02.AT3	17208	2c2a8bec6b057bcc2597fff51f5f3fa6923ec8208d0c74eb95ca89e887a9b918
PSP_GAME/USRDIR/USA/SCE_XA/MAGIC/PL02/169_02.AT3	17208	d5d005c94d89932bda1b175bb694685927a0f634bc0307edf7e7a3e122a98c90
PSP_GAME/USRDIR/USA/SCE_XA/MAGIC/PL02/172_02.AT3	21672	84dce122dd78d7b7b02e8637ac993057c36edd4c5278fc26281c6cb2017e42cd
PSP_GAME/USRDIR/USA/SCE_XA/MAGIC/PL02/173_02.AT3	21672	b792c05f9479b8bc7db8b55364f88257b12fdb84ddfa04dd120004b218c0f131
PSP_GAME/USRDIR/USA/SCE_XA/MAGIC/PL02/216_02.AT3	9024	9a8561795275bac469f08f7b021c4ae57dca38aea745e80520e1dedff7249346
PSP_GAME/USRDIR/USA/SCE_XA/MAGIC/PL03/004_03.AT3	17208	942ccb73f16c79cf8374fa6e5bccb6aa0f57a2f5634fec21c7f931cb8be29a20
PSP_GAME/USRDIR/USA/SCE_XA/MAGIC/PL03/005_03.AT3	21672	1a572fff4d9e39e5c6d17e488e4fbf75bbbd0db78895fa0dfd5db287ae0317bf
PSP_GAME/USRDIR/USA/SCE_XA/MAGIC/PL03/006_03.AT3	25392	5d3a86855f04a657036726a63268c433f932a4e54e84d76195b28a5b371d16ef
PSP_GAME/USRDIR/USA/SCE_XA/MAGIC/PL03/021_03.AT3	21672	60a516830867a84cfc3096b1bb158b1103768a25603e868dc568943dcb828a03
PSP_GAME/USRDIR/USA/SCE_XA/MAGIC/PL03/027_03.AT3	25392	78da82023b43b59863e9e338d0e8dc903c4b4e36bd6bae057ebf6692c89eac1c
PSP_GAME/USRDIR/USA/SCE_XA/MAGIC/PL03/029_03.AT3	21672	0a3a031de2f3f0cf045c720f561799f667bab86683267687ec0aff35ef0e2ad6
PSP_GAME/USRDIR/USA/SCE_XA/MAGIC/PL03/030_03.AT3	17208	fd33644ccb94f9d9e32f2974be67f0da81101d8a56e1376d5e19471ce9b5e5c9
PSP_GAME/USRDIR/USA/SCE_XA/MAGIC/PL03/031_03.AT3	9024	11ac4ffd68a4d9d84e8f5e1687baf5925b49810dbb758291eaab5d044b79ccd7
PSP_GAME/USRDIR/USA/SCE_XA/MAGIC/PL03/032_03.AT3	9024	c8003ad4af86c12c1bbcd240b5313a13cd67efd7fa692711f06521e14582427e
PSP_GAME/USRDIR/USA/SCE_XA/MAGIC/PL03/033_03.AT3	13488	e2e085d5553d425892a71c2d619172b8f3197c4fc538378ea4b7604f046c5094
PSP_GAME/USRDIR/USA/SCE_XA/MAGIC/PL03/034_03.AT3	9024	8a19f581fc76f2b780b10f7450096791aacabfb06e9cd3ee552cc3b7b19989ca
PSP_GAME/USRDIR/USA/SCE_XA/MAGIC/PL03/035_03.AT3	13488	c17641043873451c0719e79906293f891318ad8076a1f422910bca4bed6722d0
PSP_GAME/USRDIR/USA/SCE_XA/MAGIC/PL03/036_03.AT3	9024	df9025a22188faf505ca5c7681bc9f8a150c07c3627766c3bd6afe65a7d1500a
PSP_GAME/USRDIR/USA/SCE_XA/MAGIC/PL03/037_03.AT3	17208	090b3e266f9ef37be8c6cc622909dbe35960a9692a9d2bd591538d978e274331
PSP_GAME/USRDIR/USA/SCE_XA/MAGIC/PL03/038_03.AT3	17208	4c01ff3076b9530590d20d7b641ed18c49bea5d72cf967787eeabc92d4be7e4e
PSP_GAME/USRDIR/USA/SCE_XA/MAGIC/PL03/039_03.AT3	25392	560efc2f362dd25cc18d158127ace4327966ddd3586564780582b645bd2cef80
PSP_GAME/USRDIR/USA/SCE_XA/MAGIC/PL03/040_03.AT3	9024	b6e0adeed5e9216ce2c5733e82efa0e4c1459616eb70210f060d769b6576c452
PSP_GAME/USRDIR/USA/SCE_XA/MAGIC/PL03/041_03.AT3	13488	30d4739639bbfdc4015c821e5bdbc6a18e9c385bb489ca41c3515573fe5fb520
PSP_GAME/USRDIR/USA/SCE_XA/MAGIC/PL03/042_03.AT3	25392	9a54afac849b1576e3be91574f8207ee9bc4c4524ee9957e3f400d1a984d7e72
PSP_GAME/USRDIR/USA/SCE_XA/MAGIC/PL03/043_03.AT3	17208	c1773564dd0f1de81c6c86f276d3fcfa11c1a9d4603c2a6f4152531c86675b46
PSP_GAME/USRDIR/USA/SCE_XA/MAGIC/PL03/044_03.AT3	25392	df11c48b7df8f8ab99c0cd939548818218d30cd0851079e2ecc16376ed9e367d
PSP_GAME/USRDIR/USA/SCE_XA/MAGIC/PL03/045_03.AT3	21672	12a66f260bda1c0b7caebcf2d38ba3f1939b172c14f21fd9ea87339ea95da6c1
PSP_GAME/USRDIR/USA/SCE_XA/MAGIC/PL03/046_03.AT3	25392	3ee211226f4779bf59ea44c7562b94d5a9f8f15d6b59a8fc7ba38cc38c451408
PSP_GAME/USRDIR/USA/SCE_XA/MAGIC/PL03/047_03.AT3	25392	22b1459c317422de4d441f37441594e232d493a3758e51f8647e029064529315
PSP_GAME/USRDIR/USA/SCE_XA/MAGIC/PL03/048_03.AT3	25392	27a189579f6e92905f379bb3bd1b454809ac36f1fa848a805cee64f6716dcec3
PSP_GAME/USRDIR/USA/SCE_XA/MAGIC/PL03/049_03.AT3	21672	d738c99c07c757baebfba14675e3e0b6d3be14bcbe2412eb97025fa0b1adadc4
PSP_GAME/USRDIR/USA/SCE_XA/MAGIC/PL03/050_03.AT3	25392	6eed43472622307054b9c350f3d18921240c0bdb20d32a96c33133200afe809d
PSP_GAME/USRDIR/USA/SCE_XA/MAGIC/PL03/051_03.AT3	25392	0cf133ec19cf766823e706d75863dbdc37973cf9ba11fa91eb3f57b75ad34fb0
PSP_GAME/USRDIR/USA/SCE_XA/MAGIC/PL03/052_03.AT3	25392	5918646f71b9df90bee0621b9a68f4c308283521a7ea959c9bdf90310807c745
PSP_GAME/USRDIR/USA/SCE_XA/MAGIC/PL03/053_03.AT3	17208	ac16486333bf6c6e61dc77bb2e7124937b2e210c803bbaef7c4c1e46b49ebc3f
PSP_GAME/USRDIR/USA/SCE_XA/MAGIC/PL03/054_03.AT3	17208	c7f952cf8795b89ad9032a08d2b595d0fd4e5cafdae781c4a06a2156e3a1018b
PSP_GAME/USRDIR/USA/SCE_XA/MAGIC/PL03/055_03.AT3	13488	4bcb862f55679e14be8df90cae91c7380a3892043f1fa30f7343ec44114e0d38
PSP_GAME/USRDIR/USA/SCE_XA/MAGIC/PL03/056_03.AT3	25392	cff45eb1ebd53cff089b29595a778b1f03861f0226f0237269e785549cbd9a54
PSP_GAME/USRDIR/USA/SCE_XA/MAGIC/PL03/058_03.AT3	25392	739fff92da7c86db7145db1c8e2149d8c1b2532f85aa2a2e709f64edf92b9b19
PSP_GAME/USRDIR/USA/SCE_XA/MAGIC/PL03/059_03.AT3	13488	b00d91a73cf11d7f328cafb0d408dca18b3314981ee2eb2469fd3d58e324fac5
PSP_GAME/USRDIR/USA/SCE_XA/MAGIC/PL03/061_03.AT3	17208	97d01053a03530898812acbc419700c8e168e057456de97c97c7ad13ec2233e2
PSP_GAME/USRDIR/USA/SCE_XA/MAGIC/PL03/062_03.AT3	17208	7747cf77509e72f2a8e60a96debb0c9bc914bd80991112a6db7fe81d70656dc7
PSP_GAME/USRDIR/USA/SCE_XA/MAGIC/PL03/063_03.AT3	17208	7ad234e70a4a83b230204546edc7d25999a43ea62f3b57ad5a2fd00c21854a0f
PSP_GAME/USRDIR/USA/SCE_XA/MAGIC/PL03/066_03.AT3	13488	68586ffd5b45832c542fa5ee46406c4ed7b4a469aed3443a42afbe352dd4605b
PSP_GAME/USRDIR/USA/SCE_XA/MAGIC/PL03/067_03.AT3	17208	4d4d23a1c5c90a12491ad129f82d574d4a3e7b92d2f6dedba58386e3b8c06c46
PSP_GAME/USRDIR/USA/SCE_XA/MAGIC/PL03/070_03.AT3	13488	04a759ffbbcc3edc53d7b125bfcd28c9af7eaf3077a5b516edd8dce0959ded5f
PSP_GAME/USRDIR/USA/SCE_XA/MAGIC/PL03/071_03.AT3	17208	3e88f0ea4b9f242d59dc82755beb68ff1f28cba753547319c12caa7a3f51e87f
PSP_GAME/USRDIR/USA/SCE_XA/MAGIC/PL03/072_03.AT3	17208	11c8b8913578828ea5d5af59e063c493f740bc0c9b1aeee83b7383b1a3f6da66
PSP_GAME/USRDIR/USA/SCE_XA/MAGIC/PL03/073_03.AT3	13488	3d4f400ea0f6101497bc41b33cd5b2e7ec7cbf449520656be370cee1dc7521ec
PSP_GAME/USRDIR/USA/SCE_XA/MAGIC/PL03/074_03.AT3	13488	45f95ba75d1090f1d9429329f51a970029587eab0627c024889059ea94d9c261
PSP_GAME/USRDIR/USA/SCE_XA/MAGIC/PL03/075_03.AT3	13488	060ad4f12cc4066aec02d6c0f52efb911430b0c899965b71524ac5fc5d7b9c7d
PSP_GAME/USRDIR/USA/SCE_XA/MAGIC/PL03/076_03.AT3	13488	4fc58563c1261cda1a6c12bb56e0dfbc2288dc3d0fd26af35278f86accd40087
PSP_GAME/USRDIR/USA/SCE_XA/MAGIC/PL03/077_03.AT3	17208	9a4dfea681a54109b19a7690b113fb6d12617cccb7d2e8a1f3ad789fe0962fec
PSP_GAME/USRDIR/USA/SCE_XA/MAGIC/PL03/078_03.AT3	13488	77a8f25f66ebf943269455e06b8746c81ce18342a059d873f3bae308ac5a8aa4
PSP_GAME/USRDIR/USA/SCE_XA/MAGIC/PL03/079_03.AT3	13488	796dbe6ba942100c1d8ed5c0eb82da4efbc91d9546b8952015367c61ef242404
PSP_GAME/USRDIR/USA/SCE_XA/MAGIC/PL03/082_03.AT3	13488	d81fdbe3e71d8352ac5b24da9d90d173a73431013682caf1b15a29dbd01ade44
PSP_GAME/USRDIR/USA/SCE_XA/MAGIC/PL03/083_03.AT3	17208	e4207ceec3440c9d0a75dea67a61b315707b2c4db6208748ba199625eae09ba9
PSP_GAME/USRDIR/USA/SCE_XA/MAGIC/PL03/084_03.AT3	17208	52bc9d48696b0ba8d3751daf89be832d592a3227befda26e5f8cf3f900754f37
PSP_GAME/USRDIR/USA/SCE_XA/MAGIC/PL03/085_03.AT3	17208	f557e0ad5fdf816c5360ff374130bb4f788a368ad30ecfcacb01264a4a34ea47
PSP_GAME/USRDIR/USA/SCE_XA/MAGIC/PL03/086_03.AT3	13488	180bce136cb278c0625ab27fa49299f87c3870ad46a6830de16b5f5b965b5edd
PSP_GAME/USRDIR/USA/SCE_XA/MAGIC/PL03/087_03.AT3	17208	e481bc20af930c0047863dd9fc9532eadcb2b27ee0a78f2792ff7345a134b03c
PSP_GAME/USRDIR/USA/SCE_XA/MAGIC/PL03/088_03.AT3	13488	da9b44a3759695b40896df274f49712eb006da357e360bf6f621946fda871c16
PSP_GAME/USRDIR/USA/SCE_XA/MAGIC/PL03/089_03.AT3	13488	ee0cd720a03b14a93a8da42d56cd0d18cb0c37c7836c684647bcc6289b3208cf
PSP_GAME/USRDIR/USA/SCE_XA/MAGIC/PL03/090_03.AT3	9024	f64714092ea72fcd4e3aba832fa5cecd343407de7e2d8db2b063336d3f243a07
PSP_GAME/USRDIR/USA/SCE_XA/MAGIC/PL03/091_03.AT3	13488	482a7905c398b1c4af767daecb05a44110867c91f363b4be8a577661aa8560da
PSP_GAME/USRDIR/USA/SCE_XA/MAGIC/PL03/092_03.AT3	21672	2888bb86cc1ab432c539e91d7dd4a4d4ea83ba8731e88c498a5bea14be32ab18
PSP_GAME/USRDIR/USA/SCE_XA/MAGIC/PL03/093_03.AT3	21672	cc40ae756298079c76f6ae4cf6aa22a6504e72866a5f233deb0cc9c87f87f480
PSP_GAME/USRDIR/USA/SCE_XA/MAGIC/PL03/094_03.AT3	17208	bbc464ce8ded1823bcac39316312c40b48dadcbcca7ca95a7eed9f1b753b9fb5
PSP_GAME/USRDIR/USA/SCE_XA/MAGIC/PL03/095_03.AT3	21672	0804aee53c436927505081910152eac732e3c1fa3aa61a2a67b8be0326cd2dbd
PSP_GAME/USRDIR/USA/SCE_XA/MAGIC/PL03/096_03.AT3	21672	a0e37495897fafd5bcd029cc38870fd1a09d51d2c63d8b8744d3b5a8ca2f9a09
PSP_GAME/USRDIR/USA/SCE_XA/MAGIC/PL03/097_03.AT3	13488	fbad9d26b586c98620769bfad6923a85a4765e49e48e9d9f9588a4d8e71a68a4
PSP_GAME/USRDIR/USA/SCE_XA/MAGIC/PL03/098_03.AT3	13488	f269aebc284979eb35f4f42167b9778f570867448b38b9e41157d46aad813748
PSP_GAME/USRDIR/USA/SCE_XA/MAGIC/PL03/099_03.AT3	21672	9bd5b25963491637cdc0bd88b628e81108952a5b7fe0f72b71c37f7ca3a2b58c
PSP_GAME/USRDIR/USA/SCE_XA/MAGIC/PL03/100_03.AT3	17208	5ca1d31b8027c1901314d9650a881fdaab7d3cf26b9750fb1433499ad4cb88b6
PSP_GAME/USRDIR/USA/SCE_XA/MAGIC/PL03/101_03.AT3	21672	19f71c8982e3fb9f4a49b74307b17e524789cec654325cf4b4ee40065c8eb766
PSP_GAME/USRDIR/USA/SCE_XA/MAGIC/PL03/102_03.AT3	21672	b6ff9aed946a6fe6c23e4ef1819d9eba01dc6cb4f3126f25d8c38affabe5b2f7
PSP_GAME/USRDIR/USA/SCE_XA/MAGIC/PL03/103_03.AT3	13488	623bf487101598857d051796a41b1172291543401bc6b30ca3413108623da387
PSP_GAME/USRDIR/USA/SCE_XA/MAGIC/PL03/104_03.AT3	13488	9627d813fe0df672de9250175f0790640f721f5ee1a1b7f785622b1964649698
PSP_GAME/USRDIR/USA/SCE_XA/MAGIC/PL03/105_03.AT3	13488	4d96bd1318bf21793f9c16b2e49e89547568abd07e4420026bd71fb079975931
PSP_GAME/USRDIR/USA/SCE_XA/MAGIC/PL03/106_03.AT3	25392	5f381b203e2e400244ab2e3b967845654300bb7bb83c4fd960b4b7acc8794521
PSP_GAME/USRDIR/USA/SCE_XA/MAGIC/PL03/107_03.AT3	17208	b07697c147ea95b6d12148fc04524b7218a901b666746a691395b2966e5f60c3
PSP_GAME/USRDIR/USA/SCE_XA/MAGIC/PL03/108_03.AT3	13488	81902e5cd540e5be6d2b01176b73c826d5d27da0ff78d3c7cc092f8a230c080d
PSP_GAME/USRDIR/USA/SCE_XA/MAGIC/PL03/109_03.AT3	17208	434fb9d117e4eb9f845e30d094609650259f8333d1abc64f943b218b192cd3b9
PSP_GAME/USRDIR/USA/SCE_XA/MAGIC/PL03/110_03.AT3	13488	a53612d597404e735296483d47da27be8d863e4db25a4e294540023e26a8f19b
PSP_GAME/USRDIR/USA/SCE_XA/MAGIC/PL03/111_03.AT3	17208	4c0fbc9d31270e96c3f97caaf42a0d3a164cfe07278753002b50d400e3e0e3d0
PSP_GAME/USRDIR/USA/SCE_XA/MAGIC/PL03/112_03.AT3	13488	c60ce20b13f89daa62094678a2b511aa3cb64805f4d485c4155e12cfdf9cde7d
PSP_GAME/USRDIR/USA/SCE_XA/MAGIC/PL03/113_03.AT3	25392	3881b751c2dd895cf390c7a261912fbdc23d81ff2c98a17f607e4ef16de4ad29
PSP_GAME/USRDIR/USA/SCE_XA/MAGIC/PL03/114_03.AT3	21672	85800a217c953a97cc5f1167d9a2a0b389ec09d747059091260649d5f82b1379
PSP_GAME/USRDIR/USA/SCE_XA/MAGIC/PL03/115_03.AT3	13488	160e42a1261af2472b2936a4a7c205b95454f88b83345b6a9c5c8566bcc8597b
PSP_GAME/USRDIR/USA/SCE_XA/MAGIC/PL03/117_03.AT3	9024	df9025a22188faf505ca5c7681bc9f8a150c07c3627766c3bd6afe65a7d1500a
PSP_GAME/USRDIR/USA/SCE_XA/MAGIC/PL03/118_03.AT3	9024	c6109c1dbe9fce6dfe2a49b3173719fc1d40d74c74ce91326482618de0ae7b53
PSP_GAME/USRDIR/USA/SCE_XA/MAGIC/PL03/140_03.AT3	13488	669a45633b2f7b77a21721ae23848a4506dcd210d2c129a278a4cd6881bd1a6c
PSP_GAME/USRDIR/USA/SCE_XA/MAGIC/PL03/142_03.AT3	9024	5a97fe7e2eae3f224e861f528ce592bdfd8e046bf0e69e8e5c172a470bb98cfd
PSP_GAME/USRDIR/USA/SCE_XA/MAGIC/PL03/143_03.AT3	13488	20f4317bf675196fdb8ea989f3995b9523be3b6657894495290d6dedec3218ac
PSP_GAME/USRDIR/USA/SCE_XA/MAGIC/PL03/144_03.AT3	17208	8b2f2c5e8f8dc1dbdac0da97ede5bf98d3f6ff11e4bdfbd5f89a4241d3c3472a
PSP_GAME/USRDIR/USA/SCE_XA/MAGIC/PL03/145_03.AT3	13488	c82763942597a1be0c0158d171b6c8433c5fcf35df1b7f15abc5d29a908b9f54
PSP_GAME/USRDIR/USA/SCE_XA/MAGIC/PL03/147_03.AT3	25392	4c67a1c736b54241b1070fa6f96cc0a38c7c2182d8117eb0076c2d7f90933b70
PSP_GAME/USRDIR/USA/SCE_XA/MAGIC/PL03/149_03.AT3	13488	846ebf522d12d1e9be4296239819416d28e0e909b55d7ccf3177076603fb3644
PSP_GAME/USRDIR/USA/SCE_XA/MAGIC/PL04/004_04.AT3	17208	3276bf6f63316c28b6dbd69cc06217adbd5370bb8d561bd580a3542a41bb6c88
PSP_GAME/USRDIR/USA/SCE_XA/MAGIC/PL04/005_04.AT3	13488	3fa292eca3383021591eaca349d415bd69f535c3da9c20935ffa34b37310b1b2
PSP_GAME/USRDIR/USA/SCE_XA/MAGIC/PL04/006_04.AT3	17208	6c8b0e2fdaabce0f45138d9460c9330ba505dbdb43f669e1e55364bdfc3a5a0d
PSP_GAME/USRDIR/USA/SCE_XA/MAGIC/PL04/021_04.AT3	17208	eea3fb7d525c685079c4b273e0f51f4861b7cfbed7ad80471ed377a5169747e6
PSP_GAME/USRDIR/USA/SCE_XA/MAGIC/PL04/027_04.AT3	13488	5620f2ee2ed1d0877da114e1a2b53216a810f2d42a20e9dfcbed90a6417bb0b5
PSP_GAME/USRDIR/USA/SCE_XA/MAGIC/PL04/029_04.AT3	17208	95782a59c475853f8fc901714250b4e75536f146cc65cc895b8e072f9d7a5f7f
PSP_GAME/USRDIR/USA/SCE_XA/MAGIC/PL04/030_04.AT3	21672	b84dbb966d41bb29d782454ed4c78b41ece6560d1b7f2a633af9f74cdb6186ab
PSP_GAME/USRDIR/USA/SCE_XA/MAGIC/PL04/031_04.AT3	13488	1b9972b7d7403c83d4721cfd93a19e15fa081046518bdaad48562d743eff6cf0
PSP_GAME/USRDIR/USA/SCE_XA/MAGIC/PL04/032_04.AT3	9024	9a47254209b82b6f38f95ae8435a25bebc0fe7be59cf84f10a04f20b1e2b6759
PSP_GAME/USRDIR/USA/SCE_XA/MAGIC/PL04/033_04.AT3	13488	e00391ac901fca45ec8b596f313faa7a3ce04e0b236e06ffd2affe9c16ef6f3a
PSP_GAME/USRDIR/USA/SCE_XA/MAGIC/PL04/034_04.AT3	9024	b762ccbcb47d35f75b5a3153a2427c90dd948aa709ff777f10b61ff81d242095
PSP_GAME/USRDIR/USA/SCE_XA/MAGIC/PL04/035_04.AT3	13488	1c330740fad17459bd422480fd5f8631693903b18bafb75c6c482625c87757e7
PSP_GAME/USRDIR/USA/SCE_XA/MAGIC/PL04/036_04.AT3	13488	3eb9cb0cc8729fa84de5cb30ab1c0abd872a7fd92680720e181707e8f4464dc4
PSP_GAME/USRDIR/USA/SCE_XA/MAGIC/PL04/037_04.AT3	17208	43ab65982dee2d05fb70f13fc84940625b9385c7f8c3d675e6cd1f5161deed41
PSP_GAME/USRDIR/USA/SCE_XA/MAGIC/PL04/038_04.AT3	13488	388afb2bd7f6f5fabd6ef9871085434b47cf9b010b1ed20f02d0889519322b38
PSP_GAME/USRDIR/USA/SCE_XA/MAGIC/PL04/039_04.AT3	13488	a21a44f8adfe7079e957b6bd369d4a64aa776bd5f298457b0d19a3fc50248754
PSP_GAME/USRDIR/USA/SCE_XA/MAGIC/PL04/040_04.AT3	13488	9e4c1a6348a656848582de3b3af137c4f770b5d08d6cb8739e5f7f463d192f50
PSP_GAME/USRDIR/USA/SCE_XA/MAGIC/PL04/041_04.AT3	17208	f986d661950530546d4c5b9e09e8faefcdce11bb3936b2dabfab0e8a4851a599
PSP_GAME/USRDIR/USA/SCE_XA/MAGIC/PL04/042_04.AT3	17208	37515543838174f5ea5472662044bc53f52f93171f27f3a4b07dc5fd19646260
PSP_GAME/USRDIR/USA/SCE_XA/MAGIC/PL04/043_04.AT3	13488	fe992038ca3dc8d26a02df69e6f38340779efbb3526b4d6d5a13637723ad779c
PSP_GAME/USRDIR/USA/SCE_XA/MAGIC/PL04/044_04.AT3	13488	3eb9cb0cc8729fa84de5cb30ab1c0abd872a7fd92680720e181707e8f4464dc4
PSP_GAME/USRDIR/USA/SCE_XA/MAGIC/PL04/045_04.AT3	17208	9dd329b91e8556feb8204a7c38353ae64cc781573154f7001e9d5e82f1d02671
PSP_GAME/USRDIR/USA/SCE_XA/MAGIC/PL04/046_04.AT3	13488	d4337be18c9b5d51634b45aecea0c4266e2b561318616fd3868081b0cfb42678
PSP_GAME/USRDIR/USA/SCE_XA/MAGIC/PL04/047_04.AT3	9024	8cbbcf11e00a1582ffed599300d0f33be90bc84b1e41e87deb8389b097a18616
PSP_GAME/USRDIR/USA/SCE_XA/MAGIC/PL04/048_04.AT3	13488	d6d62ad2531191a1e84d16214e5bc26b23aa2ff44119cec0c4ff56c29fa207b3
PSP_GAME/USRDIR/USA/SCE_XA/MAGIC/PL04/049_04.AT3	17208	77e9e1ae6e4ac8dd0819832d5b03c4394b1424efa8c7842c81f971c294c60c73
PSP_GAME/USRDIR/USA/SCE_XA/MAGIC/PL04/050_04.AT3	13488	ae0327456a7653e495f0ced064a758c5787a38fa50a3d4802ebff7e8db4d545a
PSP_GAME/USRDIR/USA/SCE_XA/MAGIC/PL04/051_04.AT3	9024	1493f194308cc5ff2320eae5cab824e890ee5c68e69277795e19bd73d47bb3df
PSP_GAME/USRDIR/USA/SCE_XA/MAGIC/PL04/052_04.AT3	17208	debfaad84f6c7a1d5b39032354f0fe306d2b617291b9f30b1824f8c778d37dda
PSP_GAME/USRDIR/USA/SCE_XA/MAGIC/PL04/053_04.AT3	9024	c479b53e15c80fbf8d8d5a2d71e401ab2d67e718a289377787aea5ce0343548f
PSP_GAME/USRDIR/USA/SCE_XA/MAGIC/PL04/054_04.AT3	13488	5aa47bab81ded01a0bf176420a476494f6ec878f5c33363287e9136d2811e6ad
PSP_GAME/USRDIR/USA/SCE_XA/MAGIC/PL04/055_04.AT3	9024	04e49dbfb50d4e328012260de986758fd20f515ba0f0962d1be423e2219f134d
PSP_GAME/USRDIR/USA/SCE_XA/MAGIC/PL04/056_04.AT3	13488	1802f5f61df5a1522e02a938e09d6b395ff80a5e706ae909a7137abcebd54496
PSP_GAME/USRDIR/USA/SCE_XA/MAGIC/PL04/058_04.AT3	13488	eae5cf8da6c5c86661ac63f4209dea861cc71b02687828190b8454e2dd921d9b
PSP_GAME/USRDIR/USA/SCE_XA/MAGIC/PL04/059_04.AT3	13488	4c1818b919a509e7c9566840ff0781daa80e76011c28eeedea687a280acc86b1
PSP_GAME/USRDIR/USA/SCE_XA/MAGIC/PL04/061_04.AT3	13488	0d3f9a1d5f272c92e27f8237d2b99509f312e711a67f7a26c17bf8cb2bb1180e
PSP_GAME/USRDIR/USA/SCE_XA/MAGIC/PL04/062_04.AT3	17208	556a325e11b0c62eb02dba74a422ebfbd8924dff533d49e23720324d3189c679
PSP_GAME/USRDIR/USA/SCE_XA/MAGIC/PL04/063_04.AT3	17208	06ae472da2fe1fbff2f622ac1a1d5dea8967a4ae0f048e8c85319a2d0c1b0fc5
PSP_GAME/USRDIR/USA/SCE_XA/MAGIC/PL04/064_04.AT3	101280	f60451f0ad75b7ef49d3e9a2d0dbe5f43f1bc8ce030063add25ebeb3a546317d
PSP_GAME/USRDIR/USA/SCE_XA/MAGIC/PL04/065_04.AT3	17208	82bff6620f0ad3c442486bf60a066dab7266e2f147caa8ebad1bceed2bc09f1f
PSP_GAME/USRDIR/USA/SCE_XA/MAGIC/PL04/066_04.AT3	9024	1b11a292288568d42daa40213be4092653b4cdc25493dad7a48dc2c8c84cf8f3
PSP_GAME/USRDIR/USA/SCE_XA/MAGIC/PL04/067_04.AT3	13488	3c54348ed46838b65c9f669e2ef582c5fa5234f5ff023690323859dd689160a5
PSP_GAME/USRDIR/USA/SCE_XA/MAGIC/PL04/070_04.AT3	13488	3b2a5147c800379994e87da9aabf23847f3f3772b4fd00e97fbf80098d3e3a29
PSP_GAME/USRDIR/USA/SCE_XA/MAGIC/PL04/071_04.AT3	13488	b67abe44107f701691ed3711124ec1612ae92c1539c2643254f13b42b7cda40a
PSP_GAME/USRDIR/USA/SCE_XA/MAGIC/PL04/072_04.AT3	13488	50bc28779380da6acb48c728dcb1dca008aa1e7169f24ecbf06eb1441b1a3502
PSP_GAME/USRDIR/USA/SCE_XA/MAGIC/PL04/073_04.AT3	9024	497f993a71a200f0559e7b4fdefe74bbf73a37fe5da259385411106417e5fdd0
PSP_GAME/USRDIR/USA/SCE_XA/MAGIC/PL04/074_04.AT3	13488	fb435cac81c525e7681a981c4919d936278a3426662c7cb00c0d6e6cad4ab303
PSP_GAME/USRDIR/USA/SCE_XA/MAGIC/PL04/075_04.AT3	9024	96697ecc912b8ced147e3d8b76b9e4e018f4547973fe94afb162bf28afa4e255
PSP_GAME/USRDIR/USA/SCE_XA/MAGIC/PL04/076_04.AT3	9024	89130c8894a2a99be0df2dec72c4922d04a1bdb3fa338a802259f65a710689cd
PSP_GAME/USRDIR/USA/SCE_XA/MAGIC/PL04/077_04.AT3	13488	282fabfa80797924b6ef8931e70393c0e2dabfa4fcde7040ef005c6ad409bb45
PSP_GAME/USRDIR/USA/SCE_XA/MAGIC/PL04/078_04.AT3	13488	d0ecc73aa9e0afc949fa7afd27dbd7f959fa6649c8af3ca1eca62ffc401ccadc
PSP_GAME/USRDIR/USA/SCE_XA/MAGIC/PL04/079_04.AT3	13488	15e9d5ace12cc03ed62dc3e152a098eb5d2e4eaa794b1d90baff6b8fd8383bf0
PSP_GAME/USRDIR/USA/SCE_XA/MAGIC/PL04/082_04.AT3	13488	7c5f3730d2dd80e0b47455e910dba00d9a13fe88e8e959eee6784c51a5db188c
PSP_GAME/USRDIR/USA/SCE_XA/MAGIC/PL04/083_04.AT3	13488	62394c8600257b0dce063fe67a343cb6f3ec7a58fe39fea997a2470710a2daa3
PSP_GAME/USRDIR/USA/SCE_XA/MAGIC/PL04/084_04.AT3	13488	6fa388f18cef57c22f556c9a1d0fe3b7f19620dc89a077fdb60e19bf10f9a72b
PSP_GAME/USRDIR/USA/SCE_XA/MAGIC/PL04/085_04.AT3	9024	15dfaacb963034d65b99da4027d6cb3e3b4325eb98d2e8a943d0b83d7a05d1ae
PSP_GAME/USRDIR/USA/SCE_XA/MAGIC/PL04/086_04.AT3	9024	69f75f2b219c70f3884ec862fc831e4db2ee273ad92d9e9dd55d30aa3c4bf53a
PSP_GAME/USRDIR/USA/SCE_XA/MAGIC/PL04/087_04.AT3	13488	c35f78e2a7cec222c68417adbb3f890cea524a9c5f68d149c64eff882735e9f4
PSP_GAME/USRDIR/USA/SCE_XA/MAGIC/PL04/088_04.AT3	9024	34482f077b0a8c85275d7f3f8402f38021ccf36fae232da4c6352fce3a723545
PSP_GAME/USRDIR/USA/SCE_XA/MAGIC/PL04/089_04.AT3	9024	1bb393d2cd5bb19c60d729ac7db7f76f41b21f107e9da2e207b0b56f74c289cc
PSP_GAME/USRDIR/USA/SCE_XA/MAGIC/PL04/090_04.AT3	9024	529cfe6ab434e0db2f73a0136b16ab32f91ead2c826c434276fc437aad3a7452
PSP_GAME/USRDIR/USA/SCE_XA/MAGIC/PL04/091_04.AT3	9024	6be11cc2281c468b279ff2dd2bba47042a9729c5f31ef92f2444e5ddeb4f706e
PSP_GAME/USRDIR/USA/SCE_XA/MAGIC/PL04/092_04.AT3	13488	4b1d00cd2d211791b0f5f91d81e6bab70c4fd801b345605a28e7dff0e9f2a174
PSP_GAME/USRDIR/USA/SCE_XA/MAGIC/PL04/093_04.AT3	17208	c14b86fae0c0d53f1a38b0e368d9e2b29cc82b9f998675cfa8939b3fecfbc83c
PSP_GAME/USRDIR/USA/SCE_XA/MAGIC/PL04/094_04.AT3	13488	9097b9158be2dd79df13a10b214bb7d153f8463bae64208d68b8ce6000c31885
PSP_GAME/USRDIR/USA/SCE_XA/MAGIC/PL04/095_04.AT3	17208	0bac4ca3cda1b47eda39df988e33d11e479c7640a9371c41ca61e4fd7f21ce4c
PSP_GAME/USRDIR/USA/SCE_XA/MAGIC/PL04/096_04.AT3	17208	de52551909a4bc595e43d9ace23abc7bd4af4e91e2fbab2c741f064125fb6fda
PSP_GAME/USRDIR/USA/SCE_XA/MAGIC/PL04/097_04.AT3	9024	3ca5281ad05039f58a2455cb5aac5aa91ccbfad52e08ce7a8d4f3aea612601be
PSP_GAME/USRDIR/USA/SCE_XA/MAGIC/PL04/098_04.AT3	9024	4d25691f0bed0ce88e63faf901e53cc1156947d5cdfc7a9d6d9cea6999b673cc
PSP_GAME/USRDIR/USA/SCE_XA/MAGIC/PL04/099_04.AT3	13488	0e31d67af72dfd61efd88afc008def3f5dfbc801cbef7b6774797710eb43d2f2
PSP_GAME/USRDIR/USA/SCE_XA/MAGIC/PL04/100_04.AT3	13488	f4097c5e91edca5c5460db3eb42097aec84338749a781f001fbd35a313862394
PSP_GAME/USRDIR/USA/SCE_XA/MAGIC/PL04/101_04.AT3	13488	479f714f6846954c4232ae9007797f4597deb26279397b0be70d88f03564f185
PSP_GAME/USRDIR/USA/SCE_XA/MAGIC/PL04/102_04.AT3	13488	dbdccd0c86ce27974785595eeb160dbaddf4b0557354a9116767d79989417b8f
PSP_GAME/USRDIR/USA/SCE_XA/MAGIC/PL04/103_04.AT3	13488	6eadc8636d9825043b1097ab1f58a1acfc21be300c1eb7e0641180cdd75fbaf6
PSP_GAME/USRDIR/USA/SCE_XA/MAGIC/PL04/104_04.AT3	13488	94d70f1051129b490cff9c04030d3eba1eef5b26f77ad7b5c0205abe6c091d73
PSP_GAME/USRDIR/USA/SCE_XA/MAGIC/PL04/105_04.AT3	13488	e84889ba2aacbe3ed507a2ec3d851a32b0300548f0a09b042d2284a17d2e2260
PSP_GAME/USRDIR/USA/SCE_XA/MAGIC/PL04/106_04.AT3	13488	f2177e419175d4a60ddc7348bf45f50f4a21b5530f1243ec71cf39a27d68518d
PSP_GAME/USRDIR/USA/SCE_XA/MAGIC/PL04/107_04.AT3	17208	f1f3bfe5148e57a3ff13afdd680142faf02301194caa91b513eda04843d63956
PSP_GAME/USRDIR/USA/SCE_XA/MAGIC/PL04/108_04.AT3	13488	877189247e1fe21763db44a96e31492cf297495e5e6b7d3682ea0778c9d37bdc
PSP_GAME/USRDIR/USA/SCE_XA/MAGIC/PL04/109_04.AT3	13488	53d75964e18169981723cca8e2bbcacd2f8be793e5574af5127ec44bc5533310
PSP_GAME/USRDIR/USA/SCE_XA/MAGIC/PL04/110_04.AT3	13488	ef5b61c835418e03151bca62b88143d0f32b9d840983ab5504856e9715cc3e98
PSP_GAME/USRDIR/USA/SCE_XA/MAGIC/PL04/111_04.AT3	13488	d790b01b8d01e80c3a8e28358d1249b5e22f85b3b1195abed7f0973544b7ec09
PSP_GAME/USRDIR/USA/SCE_XA/MAGIC/PL04/112_04.AT3	13488	c39e13b0cdcbf3195d22f204fb99e9827a0d9479904500e51a192795b845252c
PSP_GAME/USRDIR/USA/SCE_XA/MAGIC/PL04/113_04.AT3	13488	5365756352e690f4c6e17bda881f6eab9898ec2d8bbdfb3979aaa47a2e2a55fa
PSP_GAME/USRDIR/USA/SCE_XA/MAGIC/PL04/114_04.AT3	17208	1dc862df7920f80735d77458ffdf1dece9af50af88af8f052a974cebaedafac5
PSP_GAME/USRDIR/USA/SCE_XA/MAGIC/PL04/115_04.AT3	13488	2e9d9acbeffdbc94344fc51f5fdb3a5c84cd483b341135165da1200c3922bb13
PSP_GAME/USRDIR/USA/SCE_XA/MAGIC/PL04/117_04.AT3	9024	7b33f7e874183343a9d2475d3024b58dffa25b3b2d87f9ce6d3cdf2612b84b0f
PSP_GAME/USRDIR/USA/SCE_XA/MAGIC/PL04/118_04.AT3	9024	c2efda0fafe8d40e7a5988795888fe8145af52e2d934a45abd3516b63f979a64
PSP_GAME/USRDIR/USA/SCE_XA/MAGIC/PL04/140_04.AT3	13488	1802f5f61df5a1522e02a938e09d6b395ff80a5e706ae909a7137abcebd54496
PSP_GAME/USRDIR/USA/SCE_XA/MAGIC/PL04/142_04.AT3	13488	32ea2b9ce5668076d1a227ae763e930f374e75c020593bf572a3d51619ca2d99
PSP_GAME/USRDIR/USA/SCE_XA/MAGIC/PL04/143_04.AT3	17208	4653541cf05a6ee4bf33c8c657856c83dcdb98a28b0957e30e9e6e0972a50859
PSP_GAME/USRDIR/USA/SCE_XA/MAGIC/PL04/144_04.AT3	17208	921d128a1e194df42788fb8174eb7125a065381858ecefa8018497647da973b1
PSP_GAME/USRDIR/USA/SCE_XA/MAGIC/PL04/145_04.AT3	17208	2ae49acb9352a66ef2884621bd762940839b5ac43dc7d8343a486da5a9d71ea6
PSP_GAME/USRDIR/USA/SCE_XA/MAGIC/PL04/147_04.AT3	9024	0382c03f0a1a03fb490b9eec707ce83d79a7f2e83a059cf454475707ed79f953
PSP_GAME/USRDIR/USA/SCE_XA/MAGIC/PL04/149_04.AT3	13488	ae0327456a7653e495f0ced064a758c5787a38fa50a3d4802ebff7e8db4d545a
PSP_GAME/USRDIR/USA/SCE_XA/MAGIC/PL04/152_04.AT3	9024	d693231a2221163692753cba41f5a271d3ec70eab679348c3a9d6142ebddbfac
PSP_GAME/USRDIR/USA/SCE_XA/MAGIC/PL04/153_04.AT3	17208	8be92df721ad1010f9d13237083e15c3044c2dbc36438177bd765fddd87ad225
PSP_GAME/USRDIR/USA/SCE_XA/MAGIC/PL04/158_04.AT3	9024	07c989fff23ebcc597f8b7b62e0fa798cc6715693d37b76d01d77f702d4c12d8
PSP_GAME/USRDIR/USA/SCE_XA/MAGIC/PL04/162_04.AT3	13488	5407199d0a4120842aa66b38d9ac7d8831a9cf85989cccc3f8cb1a88c776850d
PSP_GAME/USRDIR/USA/SCE_XA/MAGIC/PL04/163_04.AT3	17208	58604426e05c938234194a92180ef92c05a807764d188fb94f2069136b748a1c
PSP_GAME/USRDIR/USA/SCE_XA/MAGIC/PL04/166_04.AT3	17208	c5ccb8c9205c61398fe169754b78a449b2417092d0986d41ca3a6c4e9ae95b86
PSP_GAME/USRDIR/USA/SCE_XA/MAGIC/PL04/167_04.AT3	9024	2a88e84f2adea918fdd62ef3bd532ed0b853d55b53bbbed7eb7d204d92e3ac2c
PSP_GAME/USRDIR/USA/SCE_XA/MAGIC/PL04/168_04.AT3	13488	5407199d0a4120842aa66b38d9ac7d8831a9cf85989cccc3f8cb1a88c776850d
PSP_GAME/USRDIR/USA/SCE_XA/MAGIC/PL04/169_04.AT3	13488	d875f505f792bb3b25d880a805d4701755c4ebfb136a3d07067b567b80e99fd8
PSP_GAME/USRDIR/USA/SCE_XA/MAGIC/PL04/172_04.AT3	17208	921d128a1e194df42788fb8174eb7125a065381858ecefa8018497647da973b1
PSP_GAME/USRDIR/USA/SCE_XA/MAGIC/PL04/173_04.AT3	17208	debfaad84f6c7a1d5b39032354f0fe306d2b617291b9f30b1824f8c778d37dda
PSP_GAME/USRDIR/USA/SCE_XA/MAGIC/PL04/216_04.AT3	13488	4e4fe973afbf1605550d665f52b253e414408ec4a15cec333712dc75f40f3162
PSP_GAME/USRDIR/USA/SCE_XA/MAGIC/PL05/004_05.AT3	17208	46f5e19165c3e3ab315d94c67bba7ecb7bdc40dedd4de660c6440efa21752920
PSP_GAME/USRDIR/USA/SCE_XA/MAGIC/PL05/005_05.AT3	17208	da9aadd98e692202ed4c67c6d45b1d87aaa7d80ff747f62b79b132529365c8fb
PSP_GAME/USRDIR/USA/SCE_XA/MAGIC/PL05/006_05.AT3	21672	23bb3029af2c3421fea19a88b6d96b5bb808b472808502a1b4a30ae5b2bc2958
PSP_GAME/USRDIR/USA/SCE_XA/MAGIC/PL05/021_05.AT3	17208	b0e13801beb2eff5ce6dfcd6bcbfd38aaa820fe985f8d9be0acd2f2305ee004e
PSP_GAME/USRDIR/USA/SCE_XA/MAGIC/PL05/027_05.AT3	17208	5efdb8786672f65cab1df60ce1ff8e27fda99611f78c9c24975b7d82ab8d7f9c
PSP_GAME/USRDIR/USA/SCE_XA/MAGIC/PL05/029_05.AT3	17208	782ec123c06f133c25c6201ee218edb595e1f5b4170613dc41a0e2fa29813599
PSP_GAME/USRDIR/USA/SCE_XA/MAGIC/PL05/030_05.AT3	17208	49a1de058688ba1f073759555b61c197b89ba940fc6b873df3d98271010dc2b9
PSP_GAME/USRDIR/USA/SCE_XA/MAGIC/PL05/031_05.AT3	13488	6b55a3b35c3f01d4f2867ce536491d277386803a5ea75a6be6755fa70874dd51
PSP_GAME/USRDIR/USA/SCE_XA/MAGIC/PL05/032_05.AT3	13488	240cbfab7386c2b48d3891afae13e9acabb3dc773444a5cbbbafa54054a993eb
PSP_GAME/USRDIR/USA/SCE_XA/MAGIC/PL05/033_05.AT3	9024	469bd4f20a09283b666e79069fa07df17210c7e3453f7ddcf5cf7693e5affebb
PSP_GAME/USRDIR/USA/SCE_XA/MAGIC/PL05/034_05.AT3	13488	40960b8042eb607669be53a4335ae48a5adeecea0c6e9d28a3258b42d42044bf
PSP_GAME/USRDIR/USA/SCE_XA/MAGIC/PL05/035_05.AT3	13488	2020c2929c52b176c5a59c3d94cf576cf854199f7a30408a599bc1fc50c5dcba
PSP_GAME/USRDIR/USA/SCE_XA/MAGIC/PL05/036_05.AT3	13488	0cdaeae2e48e230e8ada1ac9252ff12da91c5f65425b17c980fe9ed2c5bb278c
PSP_GAME/USRDIR/USA/SCE_XA/MAGIC/PL05/037_05.AT3	21672	760f9f8524dfa1cb886e094eec3047b48985db7e5077d46b8ffdd0517f53a31d
PSP_GAME/USRDIR/USA/SCE_XA/MAGIC/PL05/038_05.AT3	17208	8b0ccc7ea0f2b774d31a00d9620eedd791280de5ea4f150554a622d1d9e3d77e
PSP_GAME/USRDIR/USA/SCE_XA/MAGIC/PL05/039_05.AT3	17208	fb15fbb2627ce1e72eff1cd0b649d2bb703d5fa28628b061475faa3cceb356de
PSP_GAME/USRDIR/USA/SCE_XA/MAGIC/PL05/040_05.AT3	13488	c0cc188a0bf3ca1e037096d29873e578e3444f3a6a6984dfa8b9802635bf394a
PSP_GAME/USRDIR/USA/SCE_XA/MAGIC/PL05/041_05.AT3	17208	a09894beffd38d18777f730112c7513fe432278e4bc4e7e79fea0cd38c1b5b6b
PSP_GAME/USRDIR/USA/SCE_XA/MAGIC/PL05/042_05.AT3	17208	a76bb2a8a80ce05e130af835d68d820401b1716a92ee8e6a7c0d72192bef4956
PSP_GAME/USRDIR/USA/SCE_XA/MAGIC/PL05/043_05.AT3	17208	015b93bc45a215ae3c5e6ad36f030e07a5c0c9570cc41d17d6c94d3bf37593e5
PSP_GAME/USRDIR/USA/SCE_XA/MAGIC/PL05/044_05.AT3	21672	0ac7620d043804c0dd6d2a2223c9877481b5a01bead7322ecdc967c0170c112c
PSP_GAME/USRDIR/USA/SCE_XA/MAGIC/PL05/045_05.AT3	17208	cd4b6bdca72dacde0d417e63bb32f6e1b65884fd4aec85e0a470290ab6a49151
PSP_GAME/USRDIR/USA/SCE_XA/MAGIC/PL05/046_05.AT3	17208	c1ff493eb2ce6515ccc2d8ce88517105e9c0a6a2f25a330bcf2cc01367a050da
PSP_GAME/USRDIR/USA/SCE_XA/MAGIC/PL05/047_05.AT3	17208	dea5a199f038fe6607851a045df4cbf59b6e6489fc44d3bfe0aeda99ee1ea1e7
PSP_GAME/USRDIR/USA/SCE_XA/MAGIC/PL05/048_05.AT3	13488	0883054c8db19e91ac7780d017846caa181045c02448eeadf1aa59bd30c229b8
PSP_GAME/USRDIR/USA/SCE_XA/MAGIC/PL05/049_05.AT3	17208	84b0a0fcc28038cca0b3b558441c41502cac397a5cb4224c69562acdd4339f91
PSP_GAME/USRDIR/USA/SCE_XA/MAGIC/PL05/050_05.AT3	17208	6862c9d5923ece4bb292fb43628422722fd8cfb59637e0cabc575e2eff7ff480
PSP_GAME/USRDIR/USA/SCE_XA/MAGIC/PL05/051_05.AT3	17208	c67438008b0af095c5b14b757875a4d91d815ab07f6733eb21a610e049ab7240
PSP_GAME/USRDIR/USA/SCE_XA/MAGIC/PL05/052_05.AT3	13488	d57669ad78a66b2f678ca7fc31cbab44eecf5e62d16520b8a92262e2415dab4c
PSP_GAME/USRDIR/USA/SCE_XA/MAGIC/PL05/053_05.AT3	17208	24d5a1c91ae524d60107351d4c3bd525c1b84acb444940fa0945de3e2d996e2c
PSP_GAME/USRDIR/USA/SCE_XA/MAGIC/PL05/054_05.AT3	17208	4ebf7c87f5d2f8d5d736f8153f0ce443fc4107c42d534e2c2893189044fba763
PSP_GAME/USRDIR/USA/SCE_XA/MAGIC/PL05/055_05.AT3	17208	1549520a6aaac58b301297031ed40cd95e9d75fc3b0460d418b3fa0b0eb82a78
PSP_GAME/USRDIR/USA/SCE_XA/MAGIC/PL05/056_05.AT3	13488	fefaf9ef721b56d388a0795de35dc7fc1bb611a3ea6f5cea2f6107a8ef8a56e3
PSP_GAME/USRDIR/USA/SCE_XA/MAGIC/PL05/058_05.AT3	17208	836f87f89837b6708b4837ec9870d246e8de8a6e94b6389b1bce8838426664a5
PSP_GAME/USRDIR/USA/SCE_XA/MAGIC/PL05/059_05.AT3	17208	f48f9bc462275801c384b4a0d1f655b55fe1f8ec3cfb6c6f8e31dd9c85589b3a
PSP_GAME/USRDIR/USA/SCE_XA/MAGIC/PL05/060_05.AT3	21672	384ed3a4c0b908b24f40f0fa63f4f1cd9b7bfe273835ea2139a10501e0ede9ed
PSP_GAME/USRDIR/USA/SCE_XA/MAGIC/PL05/061_05.AT3	17208	3afbe05f6dac0ac3cf1d8c475abfa81560b22f44007d38cd207d774f32709550
PSP_GAME/USRDIR/USA/SCE_XA/MAGIC/PL05/062_05.AT3	13488	03195bb389ae6646f192ccc68b14cd6979ab7e083c1bff0e3d44e2cafc4a3996
PSP_GAME/USRDIR/USA/SCE_XA/MAGIC/PL05/063_05.AT3	17208	2e87f50a41e3beb08ae48c40befa7ecd5d364238d4a88862c98d971870aa89c9
PSP_GAME/USRDIR/USA/SCE_XA/MAGIC/PL05/066_05.AT3	21672	bb87ef9af83a0e56d59439d55fbd07a7902d5f29d293a705fd9bd233d241ebe8
PSP_GAME/USRDIR/USA/SCE_XA/MAGIC/PL05/067_05.AT3	21672	0d04fd7323a1ef65e24bb6453158826baee956a8170004d947572c6b94e509ff
PSP_GAME/USRDIR/USA/SCE_XA/MAGIC/PL05/070_05.AT3	13488	7598b296763685107d3b6b3eb70230ea08f28b714713836ce5ff0f9efa3f47a8
PSP_GAME/USRDIR/USA/SCE_XA/MAGIC/PL05/071_05.AT3	17208	0cf980811e1274fe83bf71739d5f768dcf5c9401f357277131626326a2db2506
PSP_GAME/USRDIR/USA/SCE_XA/MAGIC/PL05/072_05.AT3	13488	a125590ddde36eb515144bcaa137bb5a2bc40d81ef65149c11a591aa973e9df3
PSP_GAME/USRDIR/USA/SCE_XA/MAGIC/PL05/073_05.AT3	13488	d6db3f0ef118b8b2c43cb53a4cc0e56d804662d7b434d79be6fe4046905abecd
PSP_GAME/USRDIR/USA/SCE_XA/MAGIC/PL05/074_05.AT3	17208	b237a2a8a1d1f13981cd233113941bf356f8dd469322aa8cd7456d1dde694f18
PSP_GAME/USRDIR/USA/SCE_XA/MAGIC/PL05/075_05.AT3	13488	141cf7f687b05820da6b43621fdd3ccf03296abdef997652fbd90b879bd5e6d0
PSP_GAME/USRDIR/USA/SCE_XA/MAGIC/PL05/076_05.AT3	9024	2b4ecf245c64b9eafdc19b4c4fb4c23b45835669c3cbd20be8bee67757c46829
PSP_GAME/USRDIR/USA/SCE_XA/MAGIC/PL05/077_05.AT3	13488	6b289dc64e604b4665124ae65e3359a6deac498452b7a776367c57866301e6ae
PSP_GAME/USRDIR/USA/SCE_XA/MAGIC/PL05/078_05.AT3	17208	dff0fd7654c7ac31d91e2019e0c294b86da100536fe27c1c0d20a800045298e5
PSP_GAME/USRDIR/USA/SCE_XA/MAGIC/PL05/079_05.AT3	13488	fd96da744701bfff9b9034056312ee9c94bbb426a7a582422d71d4fa5cb83e92
PSP_GAME/USRDIR/USA/SCE_XA/MAGIC/PL05/082_05.AT3	13488	fcdcf29d8e96c6d62f02470ad15bfdf70c041fa488727f2da3f5be32e4efc6dd
PSP_GAME/USRDIR/USA/SCE_XA/MAGIC/PL05/083_05.AT3	13488	e21d7e2a2a5449c001f39252d04b2c47687815413feea5bbfaedaea39abd4408
PSP_GAME/USRDIR/USA/SCE_XA/MAGIC/PL05/084_05.AT3	17208	28d94be751dd4db9debd19d9d751c44ca6ec1233ab2635e3fb2e9965c880d68c
PSP_GAME/USRDIR/USA/SCE_XA/MAGIC/PL05/085_05.AT3	13488	433560685c05dabd5634c2fd00f9813b047d873e027723b6ddcb5cb9d3093b35
PSP_GAME/USRDIR/USA/SCE_XA/MAGIC/PL05/086_05.AT3	13488	166a6f4151328ed37eee403f464513fc184e1c47f14e63e494ec42cf04e59adf
PSP_GAME/USRDIR/USA/SCE_XA/MAGIC/PL05/087_05.AT3	13488	94fc0607d72cf3d2806b5458f37e31dc05108cbc595045c489c1bcf3e1b8e8ea
PSP_GAME/USRDIR/USA/SCE_XA/MAGIC/PL05/088_05.AT3	13488	7977ec16a539ffc3df09f07ba94e73bde0ce1b5414b39ba652c9e46eafb2532e
PSP_GAME/USRDIR/USA/SCE_XA/MAGIC/PL05/089_05.AT3	17208	30273bde517b78d2e9858503a2bcce24b9810aaca83f97a52d5bdf21137354d5
PSP_GAME/USRDIR/USA/SCE_XA/MAGIC/PL05/090_05.AT3	9024	b5d4c83471ba76380caadbb9d34c2f5b71b86ce063fe3e4fa564914cc3568959
PSP_GAME/USRDIR/USA/SCE_XA/MAGIC/PL05/091_05.AT3	17208	2cb2bef741886be28411a924ef1ea96b11c5c4824964ce61cbb3130c0e719577
PSP_GAME/USRDIR/USA/SCE_XA/MAGIC/PL05/092_05.AT3	13488	51b916b0fa1aa32f80771f95937deb2647559e7fea41a927e5da83e5c919974a
PSP_GAME/USRDIR/USA/SCE_XA/MAGIC/PL05/093_05.AT3	17208	0763c9062741c3e7f1efd00ff05964a118c029bf3e5ee145de28dee3d8eada34
PSP_GAME/USRDIR/USA/SCE_XA/MAGIC/PL05/094_05.AT3	13488	276ce58dd7f0d2c412881acd92e5c312b1d8cacd619853304ebc5812d9984288
PSP_GAME/USRDIR/USA/SCE_XA/MAGIC/PL05/095_05.AT3	13488	39113feb8d89f878ab1bc41b6fa884faeda1be99559d30df27a7a53503e0e55e
PSP_GAME/USRDIR/USA/SCE_XA/MAGIC/PL05/096_05.AT3	17208	e877395e329fdda8c47b455f0a7625a373cb377ee0c9e55be4cb3ee43a40c01b
PSP_GAME/USRDIR/USA/SCE_XA/MAGIC/PL05/097_05.AT3	9024	7b560f676349710ebf339e1505da5be8c105f79bee9115cc53530f5f523978a6
PSP_GAME/USRDIR/USA/SCE_XA/MAGIC/PL05/098_05.AT3	13488	3a50abc649b7bbbafaaac147947611055a5320bb11f55f7fb804e0af19e52be8
PSP_GAME/USRDIR/USA/SCE_XA/MAGIC/PL05/099_05.AT3	17208	4ebf7c87f5d2f8d5d736f8153f0ce443fc4107c42d534e2c2893189044fba763
PSP_GAME/USRDIR/USA/SCE_XA/MAGIC/PL05/100_05.AT3	13488	29187792638d5d4067f14fcdba516b4e00dc95e549d0158fe31495d4f98cb9c0
PSP_GAME/USRDIR/USA/SCE_XA/MAGIC/PL05/101_05.AT3	17208	fa5d250b458628e27a1b3217a2deb4bc53acb5d36ae44fa4939b19eba183811f
PSP_GAME/USRDIR/USA/SCE_XA/MAGIC/PL05/102_05.AT3	17208	09375bbc7e024f0a448bb9c57d327d6bfe6ea8bfb76ff5b2ab24ac4d1ca376c1
PSP_GAME/USRDIR/USA/SCE_XA/MAGIC/PL05/103_05.AT3	9024	6dc6c0444dc0e3d50beb617648fef76ac1ee4c8f68336cc5dee5a69bca9bd14b
PSP_GAME/USRDIR/USA/SCE_XA/MAGIC/PL05/104_05.AT3	13488	45124a5aa9926f8665d440a6cfc3cd15149957df6c5ac146d086e3df1d168ed6
PSP_GAME/USRDIR/USA/SCE_XA/MAGIC/PL05/105_05.AT3	9024	5be67b61d24ecf70ff9f21e0428687657b531a94208bedc80cf14aea2aef02b5
PSP_GAME/USRDIR/USA/SCE_XA/MAGIC/PL05/106_05.AT3	13488	f963ae22dfd7f51eacbd11cd30a94a31e60470b7a24edf371185d4f647a637c9
PSP_GAME/USRDIR/USA/SCE_XA/MAGIC/PL05/107_05.AT3	17208	d01bd9a703a3bee91db2aa1467ec1eabea93f7dbb38db85cb3385cac275240c5
PSP_GAME/USRDIR/USA/SCE_XA/MAGIC/PL05/108_05.AT3	13488	c612be46827d67bbe2406779d047ff6b3729a7b25f38d462ef1975bc3c4b4fdc
PSP_GAME/USRDIR/USA/SCE_XA/MAGIC/PL05/109_05.AT3	17208	3175355035c8718c799fe5ea197dbb670760aab7c10d2c4345a1fc7ae9cb1289
PSP_GAME/USRDIR/USA/SCE_XA/MAGIC/PL05/110_05.AT3	13488	b815870affffddd542c54a8e9801cd428ad358ac4fd4f93de0656a9edcb22cea
PSP_GAME/USRDIR/USA/SCE_XA/MAGIC/PL05/111_05.AT3	13488	25f8c1b6c9a5e3147bb3bc28ef5f95097295e7389e516570e84e0b0a527d0749
PSP_GAME/USRDIR/USA/SCE_XA/MAGIC/PL05/112_05.AT3	13488	f1edb0233deab9eb9cbc98fd02030f6cec998d7d350649876d6a0426f2db2639
PSP_GAME/USRDIR/USA/SCE_XA/MAGIC/PL05/113_05.AT3	17208	1549520a6aaac58b301297031ed40cd95e9d75fc3b0460d418b3fa0b0eb82a78
PSP_GAME/USRDIR/USA/SCE_XA/MAGIC/PL05/114_05.AT3	17208	c8e1378e1fa12f2b737babbb7533bf3bb01d2f2b98e01fd894a1ea81024a2932
PSP_GAME/USRDIR/USA/SCE_XA/MAGIC/PL05/115_05.AT3	17208	9f48e40453432a610a8c5d330ee0e53c2a363c2e0bc5c52e30cc719290cda9da
PSP_GAME/USRDIR/USA/SCE_XA/MAGIC/PL05/117_05.AT3	13488	c59f7303202d3c616d23e2307368b6a5d530fb0ce5c3341b93fdb0f4e0a41c32
PSP_GAME/USRDIR/USA/SCE_XA/MAGIC/PL05/118_05.AT3	9024	a959b22fa519eb334417f78f45d80c4943989da1daaf049bbddcf13f1265c4e5
PSP_GAME/USRDIR/USA/SCE_XA/MAGIC/PL05/140_05.AT3	17208	ec2264ec185651a8c7d6003aa53fe4bf7d32132b13c7547069b2f04029f31977
PSP_GAME/USRDIR/USA/SCE_XA/MAGIC/PL05/142_05.AT3	17208	1736cff5fe855dec7523d523aafed50de312d57c0f75ba85e70248d0de64a0f1
PSP_GAME/USRDIR/USA/SCE_XA/MAGIC/PL05/143_05.AT3	17208	cef352f2b2eec78e07ac14cc68a4321e6cdb28876e5cf23a1e7b3ffda3b989c3
PSP_GAME/USRDIR/USA/SCE_XA/MAGIC/PL05/144_05.AT3	17208	95f7f5235fb9a0bc6dca2d78f585336ee314fe0963b4eba4235cbd2a53d891b6
PSP_GAME/USRDIR/USA/SCE_XA/MAGIC/PL05/145_05.AT3	17208	1de4fa46f809444a0e7f6fd5282d946a376c8a3ed8d725ffe7a85869ecda5643
PSP_GAME/USRDIR/USA/SCE_XA/MAGIC/PL05/147_05.AT3	17208	522d3d0c10e3d3439ec190585f050bc5a30bc2c628aa6f24458c1db78faf3bfe
PSP_GAME/USRDIR/USA/SCE_XA/MAGIC/PL05/149_05.AT3	13488	d65cbff6f6d12088bc74ebddc9d62b1c31356e698978ca2614e4dfd9322560a5
PSP_GAME/USRDIR/USA/SCE_XA/MAGIC/PL05/152_05.AT3	13488	2730ae17a74868c80476e033992e860f826a1a7adf56b534a361e10a749249f6
PSP_GAME/USRDIR/USA/SCE_XA/MAGIC/PL05/153_05.AT3	13488	97e9eed0ea2b9a704ee44e38405e80a52cc22bae3e499e2bf17001ee50a1655b
PSP_GAME/USRDIR/USA/SCE_XA/MAGIC/PL05/158_05.AT3	17208	7e8b77401d3476ad50873a99de7ea7bb0ccea4d7e72e6896e446510c41645d1a
PSP_GAME/USRDIR/USA/SCE_XA/MAGIC/PL05/162_05.AT3	17208	07891d9a0159d1a8f9301d3ae0a584939471d6fd74589e1b04ba54ecce19a4f7
PSP_GAME/USRDIR/USA/SCE_XA/MAGIC/PL05/163_05.AT3	17208	b003f699224c74fd7e392052e797cf2eea1607eacd426921d807102a08757d2e
PSP_GAME/USRDIR/USA/SCE_XA/MAGIC/PL05/166_05.AT3	13488	ecbcf1c1fb243e31c3ab1a4e02b6e754fc1d62560bc898e7049e5db422dfbaf1
PSP_GAME/USRDIR/USA/SCE_XA/MAGIC/PL05/167_05.AT3	17208	9ed7f33ce66fa4fcb1e38727db46680df2f1ea7bbb130e0db7807da4cf770bc8
PSP_GAME/USRDIR/USA/SCE_XA/MAGIC/PL05/168_05.AT3	17208	07891d9a0159d1a8f9301d3ae0a584939471d6fd74589e1b04ba54ecce19a4f7
PSP_GAME/USRDIR/USA/SCE_XA/MAGIC/PL05/169_05.AT3	17208	5efdb8786672f65cab1df60ce1ff8e27fda99611f78c9c24975b7d82ab8d7f9c
PSP_GAME/USRDIR/USA/SCE_XA/MAGIC/PL05/172_05.AT3	13488	c1aa383c93ecdbddc809b6404838ac36248312aed5b206dcfcc7c5ed1fc2f9d7
PSP_GAME/USRDIR/USA/SCE_XA/MAGIC/PL05/173_05.AT3	13488	9b67c707523193d3a3941f47466eb8a88a8037f694fb66de1ed67e1195ad0cd9
PSP_GAME/USRDIR/USA/SCE_XA/MAGIC/PL05/216_05.AT3	13488	9249ef54f24c95ff6df2419dac00f1220c6c8048d86fac16a2798f744e6dd5a6
PSP_GAME/USRDIR/USA/SCE_XA/MAGIC/PL06/004_06.AT3	13488	f8746deff5e03bdcd46d52ce508ed34d4c0354fb257f7c7638769b14ed30a757
PSP_GAME/USRDIR/USA/SCE_XA/MAGIC/PL06/005_06.AT3	17208	3cd25f9e2ccc9473a054bdcd5d886f132364dcc15eafed5358cbf422b595caa5
PSP_GAME/USRDIR/USA/SCE_XA/MAGIC/PL06/006_06.AT3	13488	6d52d0ec9c1cad11f76cc673058f8e95f498e39de0599df0d27ef6aa9a7ae9d4
PSP_GAME/USRDIR/USA/SCE_XA/MAGIC/PL06/021_06.AT3	13488	bbc0b91a2b45854d8aa8dfdc6d083f7d0bef21e88baad701e08d0aaad53cc42b
PSP_GAME/USRDIR/USA/SCE_XA/MAGIC/PL06/027_06.AT3	17208	08b830771ebe031e051ba0b8b45c998bb6683c8c1c3cce2eeb9fa359fb7f5796
PSP_GAME/USRDIR/USA/SCE_XA/MAGIC/PL06/029_06.AT3	9024	f275b905db5afff1e5e5baee048059598c5e2df5d77f10797921bc5ad05ce5c1
PSP_GAME/USRDIR/USA/SCE_XA/MAGIC/PL06/030_06.AT3	13488	ae94de6b855c5f0567cd1cee2adf076a5f5335fc60f3d536394bc989e4a8e31d
PSP_GAME/USRDIR/USA/SCE_XA/MAGIC/PL06/031_06.AT3	13488	9c9ad982531a6bb0621a676e21f91002aa1445d256d98ab7a1c7d85e70a26d6a
PSP_GAME/USRDIR/USA/SCE_XA/MAGIC/PL06/032_06.AT3	13488	087abb0aa9aadd841dac24d662c09b4ead35ab76fc49bb1a67fb20c5d458d2cb
PSP_GAME/USRDIR/USA/SCE_XA/MAGIC/PL06/033_06.AT3	13488	ef4c7f3bc25812bda875e3fbab60d7310033410b48d0c8a091043620f930d6e7
PSP_GAME/USRDIR/USA/SCE_XA/MAGIC/PL06/034_06.AT3	13488	2f0b282e7f8d307e6c920028ac041e41871a2af23424cdd963fda112143669c2
PSP_GAME/USRDIR/USA/SCE_XA/MAGIC/PL06/035_06.AT3	13488	1f0360602ae54eba07227f33d983f0bc7dc0eef2fc579dfeae6b0a025d460402
PSP_GAME/USRDIR/USA/SCE_XA/MAGIC/PL06/036_06.AT3	13488	091a520a3b1c29052f5148fdce288b69315bcc265acae1032fadc5e0519049fe
PSP_GAME/USRDIR/USA/SCE_XA/MAGIC/PL06/037_06.AT3	21672	91ffe2806d6e5bdba2a9768ec22dbbfc03432760e738acd7bcb0756e9de71833
PSP_GAME/USRDIR/USA/SCE_XA/MAGIC/PL06/038_06.AT3	21672	065b5fdcdd6d63de68a671147326b92fffadcedd37481928cebc9b92a232f207
PSP_GAME/USRDIR/USA/SCE_XA/MAGIC/PL06/039_06.AT3	25392	5f80105ac30c1b4cd1ec4ab7912cd69b47c912310c3b7edd9681e79ab7371dd2
PSP_GAME/USRDIR/USA/SCE_XA/MAGIC/PL06/040_06.AT3	21672	c721d459a2ec6ae27f56f96d99029c96671f77565ddc3b527e65bde691dcea67
PSP_GAME/USRDIR/USA/SCE_XA/MAGIC/PL06/041_06.AT3	21672	219d8ba004b889ea822a0a7cb5cf97f2525d69de36a25e17a89c83983e57195c
PSP_GAME/USRDIR/USA/SCE_XA/MAGIC/PL06/042_06.AT3	21672	6917e80aa41a69ed6b8138280c0c88d995baa945270e6722f1ffdb8faacd3ea4
PSP_GAME/USRDIR/USA/SCE_XA/MAGIC/PL06/043_06.AT3	13488	9bc03b4b6bbd9d7b33097d2b0816482c79bd21ec2e11ceda8a574b2d35bf9b41
PSP_GAME/USRDIR/USA/SCE_XA/MAGIC/PL06/044_06.AT3	13488	2b4e972c4a88269e59e55d195e3bb9a08851f543841ccfa183b37a11b9067564
PSP_GAME/USRDIR/USA/SCE_XA/MAGIC/PL06/045_06.AT3	17208	c04f18d9445f131a65f014b8f2b90d3bd1077df6197ed7756abe0e66362ddbde
PSP_GAME/USRDIR/USA/SCE_XA/MAGIC/PL06/046_06.AT3	21672	487f07d53e42ad02985c3a1ed03847de80c01722f22d6b7abc34ef11c2686250
PSP_GAME/USRDIR/USA/SCE_XA/MAGIC/PL06/047_06.AT3	17208	ac131fa8246d9769f1ddb2b45274eee74ca45b0ef58238f28710b6854a6b1ef8
PSP_GAME/USRDIR/USA/SCE_XA/MAGIC/PL06/048_06.AT3	17208	5a286ba9c2dc28c2b6e6ebf761767e842463f9a1690d636426a8060935504af4
PSP_GAME/USRDIR/USA/SCE_XA/MAGIC/PL06/049_06.AT3	21672	9ab44d2c2b063f5516a90bd612b0d80a3c304a8705b0ccf8e5a0600081e3facd
PSP_GAME/USRDIR/USA/SCE_XA/MAGIC/PL06/050_06.AT3	13488	adff5e5f2fccf67186f75f2f1ec8ed3e58f6d2895981dc5ef65586986a54956f
PSP_GAME/USRDIR/USA/SCE_XA/MAGIC/PL06/051_06.AT3	13488	fb7393da2b9fe1e98933bbde390ce39140f193769df4cbd21ed69f89a5681737
PSP_GAME/USRDIR/USA/SCE_XA/MAGIC/PL06/052_06.AT3	13488	701eb7ca9409d06e155e7804d046fba04bcc85b22eb1c753a1b611a39fc40f9b
PSP_GAME/USRDIR/USA/SCE_XA/MAGIC/PL06/053_06.AT3	13488	ba664121b78db8cda3cc51d2f10958ce600c363950ce5990c34d80528fc60272
PSP_GAME/USRDIR/USA/SCE_XA/MAGIC/PL06/054_06.AT3	17208	b563b99ca544082ef2323e5797927f9ee83cb98cb3ac2b5dd2ca447f51076303
PSP_GAME/USRDIR/USA/SCE_XA/MAGIC/PL06/055_06.AT3	13488	5ba4d8bda20758b877447ab3e7468bbc4baa8f3029e4f512b4663f9dbf0ec63c
PSP_GAME/USRDIR/USA/SCE_XA/MAGIC/PL06/056_06.AT3	29112	6169314428e0d2b09a9879651c94384d3e0e8c8098070fd43de185c803817bc9
PSP_GAME/USRDIR/USA/SCE_XA/MAGIC/PL06/058_06.AT3	17208	0e2885d4f468ad8d192d397fbaeb5cee0b7ff1854dfd890950df505806b7aaaf
PSP_GAME/USRDIR/USA/SCE_XA/MAGIC/PL06/059_06.AT3	17208	d481b6ebc27e60b480999145c9d70c34101fcbb7ee2fd651075fdbd45ba11192
PSP_GAME/USRDIR/USA/SCE_XA/MAGIC/PL06/061_06.AT3	17208	26b787fc00198683e9f98181ad046fc4b45544851af9c98ca7f968eff6fe439d
PSP_GAME/USRDIR/USA/SCE_XA/MAGIC/PL06/062_06.AT3	13488	f57a640660edf53187a22fb49ca4fd6fd1928a35c583bc7eddf1a18640358212
PSP_GAME/USRDIR/USA/SCE_XA/MAGIC/PL06/063_06.AT3	13488	69de71f3bda8def92ba22edac873db496749f996ee361594e31c5b0175b15f4b
PSP_GAME/USRDIR/USA/SCE_XA/MAGIC/PL06/066_06.AT3	17208	bf601fada18709af837c372baff4cf47dba92c75f160d08f4fbbe982677ae252
PSP_GAME/USRDIR/USA/SCE_XA/MAGIC/PL06/067_06.AT3	13488	96f0a17b5a82ef3fcbca18883c5d65554203586bdff1b703e32c5ad5dad9fd13
PSP_GAME/USRDIR/USA/SCE_XA/MAGIC/PL06/070_06.AT3	13488	9e1eb0c9fd0060b1df6f1161a3961696228745bd3b969c975b022d99a818ce74
PSP_GAME/USRDIR/USA/SCE_XA/MAGIC/PL06/071_06.AT3	21672	3ad0ab4702bd307dde2d984aec123ad5d3f8082f96cc9bf56acc45a68d526b1b
PSP_GAME/USRDIR/USA/SCE_XA/MAGIC/PL06/072_06.AT3	13488	6cef63de5ad74174d89925f1a5a40dd8a54779daabdf27e518b04aa1ef3dbc7b
PSP_GAME/USRDIR/USA/SCE_XA/MAGIC/PL06/073_06.AT3	13488	6ea408c358c2f7bd1ea6c238d568d724ec934de342af0ae974819cb676c32864
PSP_GAME/USRDIR/USA/SCE_XA/MAGIC/PL06/074_06.AT3	17208	1c15cbe27e50b3df3b030691621509925484b39a034b9c020128e7842fdfcfba
PSP_GAME/USRDIR/USA/SCE_XA/MAGIC/PL06/075_06.AT3	13488	a8e41cb82ad5f15113a0c62039973a64f26a703955809c8755c3e59b0cd8aaab
PSP_GAME/USRDIR/USA/SCE_XA/MAGIC/PL06/076_06.AT3	17208	b8b043ad6aa40e3c18876cb86e93476b3a65eb0700dff6b0a63db7053602c186
PSP_GAME/USRDIR/USA/SCE_XA/MAGIC/PL06/077_06.AT3	13488	ef1ebc73842812c5018c696674db74db0727f0e45f59f7c9c0239990f6ae08de
PSP_GAME/USRDIR/USA/SCE_XA/MAGIC/PL06/078_06.AT3	17208	359f9e23c761984c05b2311b51a96145deae7d2a96361e0d05f9699b951e01be
PSP_GAME/USRDIR/USA/SCE_XA/MAGIC/PL06/079_06.AT3	21672	42acff548d1c111fe30a6f8e305069bb8f5f031f8c7ebed082d7e64020f744e3
PSP_GAME/USRDIR/USA/SCE_XA/MAGIC/PL06/082_06.AT3	17208	960a2e6f308d0aec541effc69b96873abdef5984c35502d13e4ad3d0617ac2d3
PSP_GAME/USRDIR/USA/SCE_XA/MAGIC/PL06/083_06.AT3	21672	dd3f5d6a3f871a99427847240ea4534b7fcf59e1bce83c63e8604badd5725aea
PSP_GAME/USRDIR/USA/SCE_XA/MAGIC/PL06/084_06.AT3	13488	bbd1a3de0a3138c5e5b997e8f81d95f26b45c4b8f01fe3e5b5508409e44ff3ea
PSP_GAME/USRDIR/USA/SCE_XA/MAGIC/PL06/085_06.AT3	17208	66ec50357064ae287fedc11c787080c4f117312827c4d8a66042fbe80f81148c
PSP_GAME/USRDIR/USA/SCE_XA/MAGIC/PL06/086_06.AT3	17208	f057f331e2e3dc7980249bfa4d8037603530ca17164da3c31c4af1bdb225bde6
PSP_GAME/USRDIR/USA/SCE_XA/MAGIC/PL06/087_06.AT3	29112	0115916cd658ce149c65b277e297d6873c6101acec1df5e088f3c380f03387ec
PSP_GAME/USRDIR/USA/SCE_XA/MAGIC/PL06/088_06.AT3	21672	ca269457a5dfe24e02a14eadb4220a1b8fa23a96c004ce20fde66d5df776d295
PSP_GAME/USRDIR/USA/SCE_XA/MAGIC/PL06/089_06.AT3	13488	884a83c6e3f08ed1f73e4012d1e4d20bb369a2a49a56b3506e3d3cc0be2767fc
PSP_GAME/USRDIR/USA/SCE_XA/MAGIC/PL06/090_06.AT3	13488	8f62c9f2f4e6c9968771d9698535c373ba7ffc667d2921c45c7918b55c45efb6
PSP_GAME/USRDIR/USA/SCE_XA/MAGIC/PL06/091_06.AT3	13488	ffea2b0ff63c46e9ef8ed23c80caeb72fc8b4d846aedf4c3ecf0eb0befd6403c
PSP_GAME/USRDIR/USA/SCE_XA/MAGIC/PL06/092_06.AT3	13488	6cef63de5ad74174d89925f1a5a40dd8a54779daabdf27e518b04aa1ef3dbc7b
PSP_GAME/USRDIR/USA/SCE_XA/MAGIC/PL06/093_06.AT3	17208	7ca34306a3ea3c7b4620b740cab8fac796e0c37b41119d280f4023905fd3b33e
PSP_GAME/USRDIR/USA/SCE_XA/MAGIC/PL06/094_06.AT3	13488	86600bcf1e754285b62a5a342e64e79792cbb6245630924c102ef57a0699e82e
PSP_GAME/USRDIR/USA/SCE_XA/MAGIC/PL06/095_06.AT3	13488	067e51710e8ad630293b555f9ad99b74a40ab46ce064abb8a0563c1f7cb294b9
PSP_GAME/USRDIR/USA/SCE_XA/MAGIC/PL06/096_06.AT3	13488	aed76943d6d9338036ccb55e34d267174b427e8fb2299ed1b802421cb6246686
PSP_GAME/USRDIR/USA/SCE_XA/MAGIC/PL06/097_06.AT3	13488	874e1223c2c2055b4cd6dc2742f205979cd87ca104b3e2d2cd52a1685b5468a2
PSP_GAME/USRDIR/USA/SCE_XA/MAGIC/PL06/098_06.AT3	17208	76c69630c30a422debedf090af603eee889de605df6578ff0a747455c557d817
PSP_GAME/USRDIR/USA/SCE_XA/MAGIC/PL06/099_06.AT3	17208	cbf8bbeb9b98f36e8086a41276f12a34a000a2a60fe7cb8f79f193cd01c3dae7
PSP_GAME/USRDIR/USA/SCE_XA/MAGIC/PL06/100_06.AT3	13488	6a6e1a9396fe129d6c03c97d8257c1d093f84c502bb1dba8254ed8aac644308b
PSP_GAME/USRDIR/USA/SCE_XA/MAGIC/PL06/101_06.AT3	13488	bd4378c9233251d274548f02e41508cea8dde0ee192d4b65d404b0ffef5004fc
PSP_GAME/USRDIR/USA/SCE_XA/MAGIC/PL06/102_06.AT3	13488	cf31ca5d1ac7ab3ac46d148917803aec472a4253e4e49007654830ecf7be3b03
PSP_GAME/USRDIR/USA/SCE_XA/MAGIC/PL06/103_06.AT3	9024	3daedf536a0a18fb2218eaa9d4014f7e6a9157f3e98043c7d78b77185af8f39d
PSP_GAME/USRDIR/USA/SCE_XA/MAGIC/PL06/104_06.AT3	17208	c16199b2ba5c93d9ae996b9a5923b8825f23cc37e1cf56722d22a68b1d37ea66
PSP_GAME/USRDIR/USA/SCE_XA/MAGIC/PL06/105_06.AT3	17208	a895327f1f6e792b43c26e02942d4741b480152038c7a16b78bb46d8e96a12af
PSP_GAME/USRDIR/USA/SCE_XA/MAGIC/PL06/106_06.AT3	17208	fb918d06fa12736294300d442f6961de2db592c386b27ac9626088b8524e1569
PSP_GAME/USRDIR/USA/SCE_XA/MAGIC/PL06/107_06.AT3	13488	6e04ee2b278095d5d3ddcd0e54ddd270b860b69149052ba989aca72ef3cf1cf1
PSP_GAME/USRDIR/USA/SCE_XA/MAGIC/PL06/108_06.AT3	13488	ba664121b78db8cda3cc51d2f10958ce600c363950ce5990c34d80528fc60272
PSP_GAME/USRDIR/USA/SCE_XA/MAGIC/PL06/109_06.AT3	13488	647c7f9508cd7083b3770e71dd890634515f76acf9e30166bd2ee50fe6f137bb
PSP_GAME/USRDIR/USA/SCE_XA/MAGIC/PL06/110_06.AT3	13488	b08e7ed6ffed245ead0a339e75ce8d3578b819a1e29edd4d17699d2de00edb98
PSP_GAME/USRDIR/USA/SCE_XA/MAGIC/PL06/111_06.AT3	17208	a6d4fd2d46220c5163d49fe5acb6c08c6405ba947a66dbd4654132ea7ad29100
PSP_GAME/USRDIR/USA/SCE_XA/MAGIC/PL06/112_06.AT3	13488	92e86b0bc860b8bd013ebefaa4a12325dd15d8640762722f0afbc2535e494e27
PSP_GAME/USRDIR/USA/SCE_XA/MAGIC/PL06/113_06.AT3	17208	8a1059cb9719b60250663e49a1a4fb96d53d731fcd9a3f860cd1653a3a1c275b
PSP_GAME/USRDIR/USA/SCE_XA/MAGIC/PL06/114_06.AT3	29112	8d4fa07482e8dd957671726ea1c8bbedeb911e6c38cbb62a30f50840187a738f
PSP_GAME/USRDIR/USA/SCE_XA/MAGIC/PL06/115_06.AT3	17208	0db3dc1500c97aea468fdf1c357e236c59b5aef2bf26d74d3d0286d79370cef8
PSP_GAME/USRDIR/USA/SCE_XA/MAGIC/PL06/117_06.AT3	17208	00cf3aeb5f18f4b5c73ec77f660c40cf359fb6c6168d97f0ecc8ed673c276865
PSP_GAME/USRDIR/USA/SCE_XA/MAGIC/PL06/118_06.AT3	17208	0241ccbc2fcb1a0a9bd777cabde125bc59c9c78c394f5362ca55c7f1bf9da7cf
PSP_GAME/USRDIR/USA/SCE_XA/MAGIC/PL06/140_06.AT3	17208	644f8898a2e490a77e7da82e94e21c689a152286d5ff2d5bb6f6b79b48368689
PSP_GAME/USRDIR/USA/SCE_XA/MAGIC/PL06/142_06.AT3	13488	091ed32a0f7b39f63f9cb3f7368cd739a5ffafc71c433845053132a09c1a9392
PSP_GAME/USRDIR/USA/SCE_XA/MAGIC/PL06/143_06.AT3	13488	e5a4adc39ea15fe57a4568d6c2424b47f106efc4b71eaa6bcef8c50672415d2f
PSP_GAME/USRDIR/USA/SCE_XA/MAGIC/PL06/144_06.AT3	13488	f57a640660edf53187a22fb49ca4fd6fd1928a35c583bc7eddf1a18640358212
PSP_GAME/USRDIR/USA/SCE_XA/MAGIC/PL06/145_06.AT3	9024	0c31a2c58516ac5106ef7bdb0fe34e888407445b3a55ac1abfa1cf5ba6eee2bb
PSP_GAME/USRDIR/USA/SCE_XA/MAGIC/PL06/147_06.AT3	13488	bad9f2ae91b4bb1edea1990d97cdc7011cbd1e1707853d7830c1497c8cb07f05
PSP_GAME/USRDIR/USA/SCE_XA/MAGIC/PL06/149_06.AT3	13488	266350ed37d8f87f1197769b96e28b5be10dc513a35be8f5afa167d28d86c1af
PSP_GAME/USRDIR/USA/SCE_XA/MAGIC/PL06/152_06.AT3	17208	03df3405957b5c2ea260e45a8d4373abb293702320f79fb24e31a397d488a4a6
PSP_GAME/USRDIR/USA/SCE_XA/MAGIC/PL06/153_06.AT3	17208	62b3975c255321db754f076d1d19a45d474a38feb6e826774e163f410bd12be3
PSP_GAME/USRDIR/USA/SCE_XA/MAGIC/PL06/158_06.AT3	13488	4220007de34b1bfb9ee5c6dab2a0e49f5c132c85609818208d0d81200131ef60
PSP_GAME/USRDIR/USA/SCE_XA/MAGIC/PL06/162_06.AT3	13488	73fca1c995a8624e2cbfd2dbae87236aeb4c1021d47714f8e795b9545c50a915
PSP_GAME/USRDIR/USA/SCE_XA/MAGIC/PL06/163_06.AT3	17208	f4f30c4b403ad8e670be912fbeac13d6c220e015f4a14afc436a0e51703c61de
PSP_GAME/USRDIR/USA/SCE_XA/MAGIC/PL06/166_06.AT3	13488	e4345a62b5b2f4df2b0de71d8ba3905a4ed3bbd31fb9300f8e5fa8dbb049e53e
PSP_GAME/USRDIR/USA/SCE_XA/MAGIC/PL06/167_06.AT3	13488	df5c3cb5e9684daaaf1919edfb313209a455cd0baa586260540b31614200a008
PSP_GAME/USRDIR/USA/SCE_XA/MAGIC/PL06/168_06.AT3	13488	73fca1c995a8624e2cbfd2dbae87236aeb4c1021d47714f8e795b9545c50a915
PSP_GAME/USRDIR/USA/SCE_XA/MAGIC/PL06/169_06.AT3	13488	a4b504b17a8be2afcd56657f5ce2918d3c495644d1324532faa7a01a695dbafa
PSP_GAME/USRDIR/USA/SCE_XA/MAGIC/PL06/172_06.AT3	17208	e30ac677accb5ba5ba99a3cf327af18c6cfa4ec626b998f9090bc84e311e3874
PSP_GAME/USRDIR/USA/SCE_XA/MAGIC/PL06/173_06.AT3	13488	7752a80606c6701fa4cd91f859e0d86deb0cfb8ddb8e87fb41e866dab9244280
PSP_GAME/USRDIR/USA/SCE_XA/MAGIC/PL06/216_06.AT3	17208	fa4c9776681673d56191f03553cce65a0b3a99eb5105beed63ddec720883eacd
PSP_GAME/USRDIR/USA/SCE_XA/MAGIC/PL07/004_07.AT3	17208	dd9cbf6c6429acfd5360027a99c35050564212b60f7fe8d0abd35f8250fd2cdb
PSP_GAME/USRDIR/USA/SCE_XA/MAGIC/PL07/005_07.AT3	17208	748a3e3b920510bce98673995f668e80b3dc70b9df015a5cd0bafe5bb3a207ba
PSP_GAME/USRDIR/USA/SCE_XA/MAGIC/PL07/006_07.AT3	17208	f792be0b429cbcb2ed7f0f681c8a8cc9f6b6fb23ec6373d6326399a5870e066c
PSP_GAME/USRDIR/USA/SCE_XA/MAGIC/PL07/021_07.AT3	17208	f319d24f0a1cf18c227bc8d8ac4bba3023a7c56967d62269da6a569c4f44e210
PSP_GAME/USRDIR/USA/SCE_XA/MAGIC/PL07/027_07.AT3	17208	06f7432fa14d89aa858c8a4937ae0b0a9f78fe4e70f36266eba2129999a92536
PSP_GAME/USRDIR/USA/SCE_XA/MAGIC/PL07/029_07.AT3	17208	6b378157cee3d42e802f21aa01d661044929fe89b3687f3fd842a7fa3a76d615
PSP_GAME/USRDIR/USA/SCE_XA/MAGIC/PL07/030_07.AT3	13488	45fd2310573798762578dac6ba9d969c88cced943e3b1f1ca75f692fbb56f87d
PSP_GAME/USRDIR/USA/SCE_XA/MAGIC/PL07/031_07.AT3	9024	3b35c377b81a021981faef80c38f00d9dcdb85bb534c83bec5ad9160510b99e7
PSP_GAME/USRDIR/USA/SCE_XA/MAGIC/PL07/032_07.AT3	9024	3573a56df40c7dc9725417de88c25f4b28bdaf27a7c76d904f0801025783588b
PSP_GAME/USRDIR/USA/SCE_XA/MAGIC/PL07/033_07.AT3	9024	ab949707210005f6757be2d334721e9bdcb47c23479ebf628e418a9962b7b509
PSP_GAME/USRDIR/USA/SCE_XA/MAGIC/PL07/034_07.AT3	13488	e64ce2e685d29bd9fb28e38b7d848a9365295fc6d63e6a00d5e17637dfa9a8bf
PSP_GAME/USRDIR/USA/SCE_XA/MAGIC/PL07/035_07.AT3	21672	c37f7e00f73537a0a34d85d4d98c1e6f706d9ffffbc89b348e191363b5f9b082
PSP_GAME/USRDIR/USA/SCE_XA/MAGIC/PL07/036_07.AT3	13488	cb114200126a9cf1bfbe852e4e42c7c1b7c6432992653199bb43b634e785acfd
PSP_GAME/USRDIR/USA/SCE_XA/MAGIC/PL07/037_07.AT3	17208	8468b952ddf86cc7f94597047b796e049ef53e12fc0a945f6f3807d634b75329
PSP_GAME/USRDIR/USA/SCE_XA/MAGIC/PL07/038_07.AT3	17208	1b4e0b9a6f57bfde307942d1a0682a127500837f01de85690c65284db5cd3d91
PSP_GAME/USRDIR/USA/SCE_XA/MAGIC/PL07/039_07.AT3	13488	01243886f24ec87d6635a76c02fb5c18b96d66e3ffd1197a1a6df90e9b4ad960
PSP_GAME/USRDIR/USA/SCE_XA/MAGIC/PL07/040_07.AT3	13488	6584e2a8542338e96ca3debb707699b9ebef2768ec9d434d5301f664744cfe69
PSP_GAME/USRDIR/USA/SCE_XA/MAGIC/PL07/041_07.AT3	13488	4ddc045f4c13abd259248b3a29d7fd9b1d1e2a728ec3513195aafae9dd5cd640
PSP_GAME/USRDIR/USA/SCE_XA/MAGIC/PL07/042_07.AT3	13488	300eb79c888f7e4f23728dd917820248a9c9e3323e48a6989297b7d3a5cbce08
PSP_GAME/USRDIR/USA/SCE_XA/MAGIC/PL07/043_07.AT3	17208	0e34ed5357d60fd90d3dfbe63d7f0bc4f7f3c334e14c049cc351f2381b7d868b
PSP_GAME/USRDIR/USA/SCE_XA/MAGIC/PL07/044_07.AT3	17208	56cbe82335819d357ee2d6e49cac02dd25da4891ff0218681cfd76321fb974bc
PSP_GAME/USRDIR/USA/SCE_XA/MAGIC/PL07/045_07.AT3	17208	e539d7959eea976735e8c696ae0f2cf1b32c7047d123963b3e852f406abdd55c
PSP_GAME/USRDIR/USA/SCE_XA/MAGIC/PL07/046_07.AT3	21672	e491866443bc175b61c2a7b3486d753a982b50a8a12452b98bc055b6c5f27e1d
PSP_GAME/USRDIR/USA/SCE_XA/MAGIC/PL07/047_07.AT3	17208	991ea924cf0ee217c605262f66cf00aad42e84e97df2a29908d80520ff614b3b
PSP_GAME/USRDIR/USA/SCE_XA/MAGIC/PL07/048_07.AT3	17208	c8dd67fcf4f69e4dfd6a9fb520e0c6dbac7c13032952e29b95e38ac255c9c28b
PSP_GAME/USRDIR/USA/SCE_XA/MAGIC/PL07/049_07.AT3	13488	13db4dd88da7694ab4e4c72924833d0bc659f5b6bb3387fdcf7002c8b09dc271
PSP_GAME/USRDIR/USA/SCE_XA/MAGIC/PL07/050_07.AT3	17208	22d105ee7278e4259295ed23e8b1e2ea1903c6a16616297da07154be51b521ad
PSP_GAME/USRDIR/USA/SCE_XA/MAGIC/PL07/051_07.AT3	17208	3dc57c4cf26ffc76e992e23a845df9835352e7708db22a276d8ffc1a210ef502
PSP_GAME/USRDIR/USA/SCE_XA/MAGIC/PL07/052_07.AT3	13488	699af59d581bf076edd37e9532f34b9370adcd4903da65513f533ae55567f67b
PSP_GAME/USRDIR/USA/SCE_XA/MAGIC/PL07/053_07.AT3	17208	6a591476796c09c9fc394059f746a6dd392f8e2653b1e627ad16c25ab5ab3127
PSP_GAME/USRDIR/USA/SCE_XA/MAGIC/PL07/054_07.AT3	17208	bfae1f32855f7a72abbf03ed3e2f748491445dee110feba2b1ecb3abc25c7b2d
PSP_GAME/USRDIR/USA/SCE_XA/MAGIC/PL07/055_07.AT3	21672	3f86de3b4709c08e6c6c7de57100540ed8e980cef163985022032c087c85c48e
PSP_GAME/USRDIR/USA/SCE_XA/MAGIC/PL07/056_07.AT3	17208	c4a14d96cbb219810031b04266a998584f320e56ac930841517f429ec987e8bb
PSP_GAME/USRDIR/USA/SCE_XA/MAGIC/PL07/058_07.AT3	13488	9af031f36ddd15128d1b1aab56db30cba850111400d716e3cf456e7f8e893fd7
PSP_GAME/USRDIR/USA/SCE_XA/MAGIC/PL07/059_07.AT3	13488	4fca6c2a7652d3069a12ee5e8569ef6afc0164d446810b4eda8273b312c4f3f9
PSP_GAME/USRDIR/USA/SCE_XA/MAGIC/PL07/061_07.AT3	17208	23f18fdea724d0daac32e84d0912db53fdcc80c4efea265a3221fd5722e09729
PSP_GAME/USRDIR/USA/SCE_XA/MAGIC/PL07/062_07.AT3	21672	5a0688350306313753b20bf909e8480c365f7659d9b2464af9fa42f893c25135
PSP_GAME/USRDIR/USA/SCE_XA/MAGIC/PL07/063_07.AT3	17208	8cd717b1807951097103a38f82947b053708a2156043e891869771af4fd7a177
PSP_GAME/USRDIR/USA/SCE_XA/MAGIC/PL07/066_07.AT3	13488	2be4fd072f47a91cf272df1520f94151ff7573863059686f249a3ae2a4347202
PSP_GAME/USRDIR/USA/SCE_XA/MAGIC/PL07/067_07.AT3	13488	1862f48b13e71ba6768024742a8f4a076918ba96172a44a2530ae2d0cf392d17
PSP_GAME/USRDIR/USA/SCE_XA/MAGIC/PL07/070_07.AT3	13488	89f422c4f10565537714bffd47b0884ae4139ef86a7886e2df597794727da981
PSP_GAME/USRDIR/USA/SCE_XA/MAGIC/PL07/071_07.AT3	13488	af9c61b02473fd035fa6f2eb49c3b97f945fd94614f3294ec1d16d456f400569
PSP_GAME/USRDIR/USA/SCE_XA/MAGIC/PL07/072_07.AT3	13488	dde2673e7238af8182bfe1227fa590bc59b9ac7d94f317c69ee606564c3a7181
PSP_GAME/USRDIR/USA/SCE_XA/MAGIC/PL07/073_07.AT3	13488	b0cd7ed0532156945dc7c79d9d19c5b246da0b941bf7e5801903ddf06b08e78d
PSP_GAME/USRDIR/USA/SCE_XA/MAGIC/PL07/074_07.AT3	17208	0619135b19e55b7c9711b6428734879f50bbff3c00d4590b5ad7b35ad0cad390
PSP_GAME/USRDIR/USA/SCE_XA/MAGIC/PL07/075_07.AT3	9024	9687a8de1f47c1ef33e3ca6c5a3e3ac3a3ffba7fbaab5f7b9b2b1732c15ab392
PSP_GAME/USRDIR/USA/SCE_XA/MAGIC/PL07/076_07.AT3	13488	da14314296f400e3d521d163bfa86fa8f05c711b3730416d2698b25d651b6b2d
PSP_GAME/USRDIR/USA/SCE_XA/MAGIC/PL07/077_07.AT3	13488	3b0e15e7881be0a6298b1449b6be2f7ce8d3dc896194863366002d1c958a6ed6
PSP_GAME/USRDIR/USA/SCE_XA/MAGIC/PL07/078_07.AT3	13488	b17955b78922b6b4bd058e263389bc7fb1b45050be5742935426e9d8566bc95f
PSP_GAME/USRDIR/USA/SCE_XA/MAGIC/PL07/079_07.AT3	13488	61e81dfde98e72c8bb101de48519e78937363d10a3bfcded36395c387f2a3cdc
PSP_GAME/USRDIR/USA/SCE_XA/MAGIC/PL07/082_07.AT3	13488	b07fbc52606d1eeabe752bf7865fc286271507b293b3596d5457a34ea796253b
PSP_GAME/USRDIR/USA/SCE_XA/MAGIC/PL07/083_07.AT3	17208	bf7df86a7b11713f8227f1604ba0a61dc7b0b4f4f5ce1ca2e6f158e2cafbccbd
PSP_GAME/USRDIR/USA/SCE_XA/MAGIC/PL07/084_07.AT3	17208	aa27a4e01eb6645fd040c905debffae9ebc371c80b3ea9527fd6378895eebc9b
PSP_GAME/USRDIR/USA/SCE_XA/MAGIC/PL07/085_07.AT3	13488	46e38463775810cfd9bf62d673e856bb09f627f2eab8e7c16deaeeb34f4bfc4d
PSP_GAME/USRDIR/USA/SCE_XA/MAGIC/PL07/086_07.AT3	9024	6aae0a2f50fac3f4f3c8841ef50c402c4afb3f7c41cfc543bc60cd5188934900
PSP_GAME/USRDIR/USA/SCE_XA/MAGIC/PL07/087_07.AT3	17208	c746ede10d15a2207ffd16bb270292735a99244db98e54d5f41c5ab9f9737d23
PSP_GAME/USRDIR/USA/SCE_XA/MAGIC/PL07/088_07.AT3	13488	f9bc440bbc1feb9cf700523857fbda692d66cd20633beec705b32f41b8117342
PSP_GAME/USRDIR/USA/SCE_XA/MAGIC/PL07/089_07.AT3	13488	4d9c846351423d43acd45e2ad599908110ba34f393d00f052cbf4b96fea5e163
PSP_GAME/USRDIR/USA/SCE_XA/MAGIC/PL07/090_07.AT3	9024	3d2659a7b41e6d01583a22ee783195dcf9c6fe6ee420782318d54da0f8868425
PSP_GAME/USRDIR/USA/SCE_XA/MAGIC/PL07/091_07.AT3	13488	97a679355bfb55184a11be59d1b3ae314b158c6d620985cfb6798b07d88f2b22
PSP_GAME/USRDIR/USA/SCE_XA/MAGIC/PL07/092_07.AT3	13488	b3e0f40ddb47b3e899ea4604e7e3bfefe1c11747e611090c65cb69fac16128df
PSP_GAME/USRDIR/USA/SCE_XA/MAGIC/PL07/093_07.AT3	17208	0cd03c97ee70d5960b22deae61d9448573c4934082338018aa206481a865184d
PSP_GAME/USRDIR/USA/SCE_XA/MAGIC/PL07/094_07.AT3	9024	6c44cfbbe4a9de6cac365005e7ba5e78cbf0891ac7048946d01b5802ad979c69
PSP_GAME/USRDIR/USA/SCE_XA/MAGIC/PL07/095_07.AT3	13488	7e0e70b3f7dc4f41af5c9acf1052769d26ea3967616111c0e2532dc1fb17a139
PSP_GAME/USRDIR/USA/SCE_XA/MAGIC/PL07/096_07.AT3	17208	3155f07e7e6fa02b725956e001d68079795c0c44913c3c84bb3342929a766b39
PSP_GAME/USRDIR/USA/SCE_XA/MAGIC/PL07/097_07.AT3	9024	1b1c37ca7686677092c9eed120ac0b8cf0eda72f391c5e91ce0b0d9fa80ef78f
PSP_GAME/USRDIR/USA/SCE_XA/MAGIC/PL07/098_07.AT3	9024	94d8605736d673345011292b7a07d2a41d3aab9e1e92535795693f6b2ef6a6d9
PSP_GAME/USRDIR/USA/SCE_XA/MAGIC/PL07/099_07.AT3	17208	d35fc29bedf0ecd2029afbbc0254854bef002811f67d0a5aac7b31de40545b0e
PSP_GAME/USRDIR/USA/SCE_XA/MAGIC/PL07/100_07.AT3	17208	c3c2613b9579fc6e862ae6a1086c3d17eb9c639159b7f5363fe0276e7089790c
PSP_GAME/USRDIR/USA/SCE_XA/MAGIC/PL07/101_07.AT3	17208	76938f067e8f85926184677a424ca2dab712ea16a624b8d2a8cb79df69846374
PSP_GAME/USRDIR/USA/SCE_XA/MAGIC/PL07/102_07.AT3	17208	dfe8d71a960db5e3c1a246994430d045cfe27bbc292b1d29116673026443a3af
PSP_GAME/USRDIR/USA/SCE_XA/MAGIC/PL07/103_07.AT3	9024	61154effa40aad34592878863094c6173ad6cedda5e81e61ed9161f3d36996ef
PSP_GAME/USRDIR/USA/SCE_XA/MAGIC/PL07/104_07.AT3	13488	5463bdc9ad655bec5fae88954362519eed46da9a7c687dbed66a62b29e770aa4
PSP_GAME/USRDIR/USA/SCE_XA/MAGIC/PL07/105_07.AT3	13488	57fb537362dd2e05dc9a2c07a5a2f3b38836d122aa714a7c046eb11e59ee6591
PSP_GAME/USRDIR/USA/SCE_XA/MAGIC/PL07/106_07.AT3	13488	4110f94af00c4e39ced3b3972e739b4b79e98782fce03efd3788e9b93815ea51
PSP_GAME/USRDIR/USA/SCE_XA/MAGIC/PL07/107_07.AT3	13488	c6e0a675c03100434fbda605ca4b8b8b255d6d96c006715b9bd87957a9f99162
PSP_GAME/USRDIR/USA/SCE_XA/MAGIC/PL07/108_07.AT3	13488	6c39dcb8d0a9c22f9b38f17474577c5d45418f2499ba4f6b2d254f6be8294260
PSP_GAME/USRDIR/USA/SCE_XA/MAGIC/PL07/109_07.AT3	17208	8b7b37eafc360e4c04bb27426bc1f66378e17264d03af2e097e086a5523bd246
PSP_GAME/USRDIR/USA/SCE_XA/MAGIC/PL07/110_07.AT3	13488	e5c00faa6767d997d428ad6da795f52f61bb0eced84bf8fe9fcf463b806d1e38
PSP_GAME/USRDIR/USA/SCE_XA/MAGIC/PL07/111_07.AT3	17208	8c19e6fa83b1180d4d5668ce097c04e9ce5d92eb356063caeadb9ea428c20d1a
PSP_GAME/USRDIR/USA/SCE_XA/MAGIC/PL07/112_07.AT3	13488	02e0922829f61b114883612d8bd7593c14ee5cf4ab653f714b26903660c95ddd
PSP_GAME/USRDIR/USA/SCE_XA/MAGIC/PL07/113_07.AT3	17208	c6de3aee124b885480fca9f071f1fb081e2509c86322f4e473643d870e066d85
PSP_GAME/USRDIR/USA/SCE_XA/MAGIC/PL07/114_07.AT3	13488	bda430a62dc74cd781506dca4b6d706b024651ed0c6179290e9af6fcc4b2ed74
PSP_GAME/USRDIR/USA/SCE_XA/MAGIC/PL07/115_07.AT3	13488	9a75e37c4806cc20b3692ddfd2ba44e975659fba2d7698b3fd97aef3ccbf1e41
PSP_GAME/USRDIR/USA/SCE_XA/MAGIC/PL07/117_07.AT3	9024	718154d294e4479d751c079ea2a8f38efe6f04d01f1657c79a0b16cf7dfc1dc8
PSP_GAME/USRDIR/USA/SCE_XA/MAGIC/PL07/118_07.AT3	13488	92d922db90a0036b7013123e179a15a65518e2c96f67c4249d3062082f9608d8
PSP_GAME/USRDIR/USA/SCE_XA/MAGIC/PL07/140_07.AT3	17208	ac69737459d96ab433d85ffd25e0d999c41bcd86fb671d512e01f1e22e7210d8
PSP_GAME/USRDIR/USA/SCE_XA/MAGIC/PL07/142_07.AT3	13488	7fac6807978f9b409da4aa4597161dd098ad3619701463e31138faeaceb562c8
PSP_GAME/USRDIR/USA/SCE_XA/MAGIC/PL07/143_07.AT3	17208	d76ab583e06e5b252b5f6c225e906380b88ea58c3d0b5b0540d76fff1ff67bbd
PSP_GAME/USRDIR/USA/SCE_XA/MAGIC/PL07/144_07.AT3	17208	4236dcc71e482607617e58b5a9f0dc31f9ebaed44c6014ab2733035451e07df9
PSP_GAME/USRDIR/USA/SCE_XA/MAGIC/PL07/145_07.AT3	13488	d18598797e0b8a1ad1bafd2318cc0a721bf5e911149f6fbe373e417b3d3f6824
PSP_GAME/USRDIR/USA/SCE_XA/MAGIC/PL07/147_07.AT3	17208	51b47fe75bc81f4a0353abbcac0ed02079a500ed963fc373690a6afcdf0500aa
PSP_GAME/USRDIR/USA/SCE_XA/MAGIC/PL07/149_07.AT3	13488	7890695d6e66a7a5b5ed86b531d2f5858d15890a33594908f703e4ef531f362b
PSP_GAME/USRDIR/USA/SCE_XA/MAGIC/PL07/152_07.AT3	13488	85e4baff06ee56c701dfe5f1a0718223c880409e83b3a5e019cd901164cd7d45
PSP_GAME/USRDIR/USA/SCE_XA/MAGIC/PL07/153_07.AT3	13488	afad18f9df0950f6f864bd0b1686666ec68041a65cfa7da153319429cfc8912a
PSP_GAME/USRDIR/USA/SCE_XA/MAGIC/PL07/158_07.AT3	9024	e6ae03ef086b42217f20fda53f3cce41b6a4eae8968bc73e8ddec872bcf2f0aa
PSP_GAME/USRDIR/USA/SCE_XA/MAGIC/PL07/162_07.AT3	9024	80c7cb927b4e72a4a3c91376343537c409a460fa2458f93cd0a021a87e6e4b9e
PSP_GAME/USRDIR/USA/SCE_XA/MAGIC/PL07/163_07.AT3	13488	e6834436ef80bd04022641753653d35e5393288d685ee90293ac7cbed3857665
PSP_GAME/USRDIR/USA/SCE_XA/MAGIC/PL07/166_07.AT3	9024	e592ca8b8def35c348c073bbdee130a66bba4aff9b385c6ac6b230283d6c4094
PSP_GAME/USRDIR/USA/SCE_XA/MAGIC/PL07/167_07.AT3	9024	3b51323a9f5b3c3879d68c2c9ee470494340f888bfe510967d5a30c0ae767235
PSP_GAME/USRDIR/USA/SCE_XA/MAGIC/PL07/168_07.AT3	9024	80c7cb927b4e72a4a3c91376343537c409a460fa2458f93cd0a021a87e6e4b9e
PSP_GAME/USRDIR/USA/SCE_XA/MAGIC/PL07/169_07.AT3	13488	161bd2d438b2a63fb10140e7cd4cfdd1f954e86350cf8dbf36bc285d30eddf9f
PSP_GAME/USRDIR/USA/SCE_XA/MAGIC/PL07/172_07.AT3	13488	dea40bdd7ccd18ac8b8c6144762f57d973ca21877c5111e0097f7d48f02ec4c2
PSP_GAME/USRDIR/USA/SCE_XA/MAGIC/PL07/173_07.AT3	17208	5ed88db9e06510031abf10eb43c3da6fa685f572a1b6809a1599f394ca4257ea
PSP_GAME/USRDIR/USA/SCE_XA/MAGIC/PL07/216_07.AT3	13488	eb6b5f1023daf21b5aa0a1d90025645dbaeaee98c0424e5b1a2ed99a957a5de9
PSP_GAME/USRDIR/USA/SCE_XA/MAGIC/PL08/004_08.AT3	17208	1a54a24da3397456d68511c92442163ab2465ffdccf64bae5a6ba503dfa70470
PSP_GAME/USRDIR/USA/SCE_XA/MAGIC/PL08/005_08.AT3	13488	04a0cf22cf3bf02dc229f1ebd6906af93230d1a4e17402715f1a8dd0233a978e
PSP_GAME/USRDIR/USA/SCE_XA/MAGIC/PL08/006_08.AT3	17208	1431364a1c0d748ab7f58f18a6adc4057b6a17790a8dac56918723925a5e5b5e
PSP_GAME/USRDIR/USA/SCE_XA/MAGIC/PL08/021_08.AT3	17208	c332b07d1343bc6de815fa439c1d2f17e9a1b6c4a856e60f4230c6cc75084bdb
PSP_GAME/USRDIR/USA/SCE_XA/MAGIC/PL08/027_08.AT3	13488	45ea0cbea0185e3052382c15f54bd3b2ecf16d125554fd637a059627fd79a068
PSP_GAME/USRDIR/USA/SCE_XA/MAGIC/PL08/029_08.AT3	17208	67ceb46630b5e05664f65155358930d5dfd8d73a9a24e3c628742cd2b0220632
PSP_GAME/USRDIR/USA/SCE_XA/MAGIC/PL08/030_08.AT3	17208	74da1e0d93b9070db95d8f4bf37aeaf86e51231ce56f0ba69a13f1fe3855fdba
PSP_GAME/USRDIR/USA/SCE_XA/MAGIC/PL08/031_08.AT3	13488	455c55f7285d4de56c99ed6bd1500086ac3f0b874525d84f85a5b198fca22564
PSP_GAME/USRDIR/USA/SCE_XA/MAGIC/PL08/032_08.AT3	5304	11a4435686f8a50c2e33568126affc1a88d3eb48c31503bfa3051ae71cdaf90b
PSP_GAME/USRDIR/USA/SCE_XA/MAGIC/PL08/033_08.AT3	9024	83ac7b17ca3b1306cac5ea45d26f8dd50c876ed68acd7ef505fb260e71af1f61
PSP_GAME/USRDIR/USA/SCE_XA/MAGIC/PL08/034_08.AT3	9024	3117f5581cf2fa3c79342a561a3c6a0bd661316859dd28fb2d0b4b83d4ead069
PSP_GAME/USRDIR/USA/SCE_XA/MAGIC/PL08/035_08.AT3	17208	d1f14d37966939ee4d7baea08390785d637de3a3e2bb7f89d2936da01f8359b8
PSP_GAME/USRDIR/USA/SCE_XA/MAGIC/PL08/036_08.AT3	9024	399597f5ebed47c5bece5280532af108f6e7e73f1aa9e95f364d471643b577dd
PSP_GAME/USRDIR/USA/SCE_XA/MAGIC/PL08/037_08.AT3	21672	8d2607a3bcde437fef0edfdccf1dd50b2a63ac6d19bb0d9b6fdb30c098148bd9
PSP_GAME/USRDIR/USA/SCE_XA/MAGIC/PL08/038_08.AT3	17208	489fd0cd1093e8654a74710cb47fb6989a0ee3d3cdc67763bb2fd119f0d2afee
PSP_GAME/USRDIR/USA/SCE_XA/MAGIC/PL08/039_08.AT3	17208	f4fbd12d77bba651a342337db173ba56c9d7dbf48e54a27a0117d8a79352c510
PSP_GAME/USRDIR/USA/SCE_XA/MAGIC/PL08/040_08.AT3	13488	a3d829b1e00644106ae93184bd881c22b63ae246c9c9ea399244bdeb1b8403ed
PSP_GAME/USRDIR/USA/SCE_XA/MAGIC/PL08/041_08.AT3	17208	101abe3becaad2438389e242865ae4334f8faa1dc3ad9b691789f846c50899ca
PSP_GAME/USRDIR/USA/SCE_XA/MAGIC/PL08/042_08.AT3	17208	94215fe822956701fd18988a228bf58062e80ae8e98dde56223604d9814494c7
PSP_GAME/USRDIR/USA/SCE_XA/MAGIC/PL08/043_08.AT3	21672	7bb6f5788b72ed11a5465f77a7bfd4332cfa2a4a4abe7fcf424edf9ceb4b51b4
PSP_GAME/USRDIR/USA/SCE_XA/MAGIC/PL08/044_08.AT3	21672	f4413f38848ff8571608b3bf5cdea40480080bf46e9f259bfdc6696c9fe919a4
PSP_GAME/USRDIR/USA/SCE_XA/MAGIC/PL08/045_08.AT3	21672	a4d2f82fba4ae39df8dbb7d0e674d14cd8c729bafda9a5e432dd18ed6a499b42
PSP_GAME/USRDIR/USA/SCE_XA/MAGIC/PL08/046_08.AT3	21672	1b4752694b9023d893bdfa408c6d7dbee88288ed2290b6e76ec89ba6590335e2
PSP_GAME/USRDIR/USA/SCE_XA/MAGIC/PL08/047_08.AT3	17208	a96c7a925bfe440e49d18a10c37a7621fe9a9ea5c9c9059e98c43900fc2db3ed
PSP_GAME/USRDIR/USA/SCE_XA/MAGIC/PL08/048_08.AT3	25392	04c179aa598d549f775f09bb794c69113bfd330d28531c952938cc8005df23a7
PSP_GAME/USRDIR/USA/SCE_XA/MAGIC/PL08/049_08.AT3	17208	c631aaaef2060e3e13e735575bd41459769e2370a761410a2526a7e25b9d6b46
PSP_GAME/USRDIR/USA/SCE_XA/MAGIC/PL08/050_08.AT3	13488	f4dfa33ad8a7ffdf3aac0cf0f14de74dce87ae3405ebfd184b129a68470ea39e
PSP_GAME/USRDIR/USA/SCE_XA/MAGIC/PL08/051_08.AT3	13488	8fb344994865d6c40f125db6165d7727ea5bca722186d2ba02e8d5d805378a01
PSP_GAME/USRDIR/USA/SCE_XA/MAGIC/PL08/052_08.AT3	13488	54365ed5f8171ea9a45ee464ee542222cdeac2434138de15057faf06b55929bd
PSP_GAME/USRDIR/USA/SCE_XA/MAGIC/PL08/053_08.AT3	21672	2c7eb1908e7a68a3fb3b337878f326504ba587b652828414df290da84614c5c2
PSP_GAME/USRDIR/USA/SCE_XA/MAGIC/PL08/054_08.AT3	13488	2b2452b4c971224a5efc86e9f3feeb4c5c4fcd5831893394943fad185e915524
PSP_GAME/USRDIR/USA/SCE_XA/MAGIC/PL08/055_08.AT3	21672	b8af50339d9881412cf40ffe670b4578029f24b11b65154fe9fc3dd5d193b801
PSP_GAME/USRDIR/USA/SCE_XA/MAGIC/PL08/056_08.AT3	13488	634f0f7874bb36ed06264bf1f6095e01b3d14c84dd7811dc6652e1e16cbbd460
PSP_GAME/USRDIR/USA/SCE_XA/MAGIC/PL08/058_08.AT3	13488	cfc06f2ef48c332a8107c4b481811718b9bc07f3b77b64eb982550fabacd5339
PSP_GAME/USRDIR/USA/SCE_XA/MAGIC/PL08/059_08.AT3	17208	8bd1b51d6e7168616374f5f70c280ef6dbbdaa401e5b05b2bc966c1ec0cdee8f
PSP_GAME/USRDIR/USA/SCE_XA/MAGIC/PL08/061_08.AT3	13488	76a239feb637037fe2cd272ee196765d2343f8b31796260a8bcc49b9c6ed057d
PSP_GAME/USRDIR/USA/SCE_XA/MAGIC/PL08/062_08.AT3	25392	b4175c81225e38e995c4ba43b07d18009558edfe51ae8da7b46b7b7858f94d21
PSP_GAME/USRDIR/USA/SCE_XA/MAGIC/PL08/063_08.AT3	21672	34f5074038b4581d98e2126476c7a27e9cb1c0d51db2ea9c7ca23ab59def5eac
PSP_GAME/USRDIR/USA/SCE_XA/MAGIC/PL08/066_08.AT3	13488	dad90ec37cba04c802cc8a674ce26934e42616da31bdfe33e4d22b16921e7d91
PSP_GAME/USRDIR/USA/SCE_XA/MAGIC/PL08/067_08.AT3	13488	795c1f68ad64d6eb0ab1f2c091aa910fc32612266839c2fbf098f3c1fb50ed8c
PSP_GAME/USRDIR/USA/SCE_XA/MAGIC/PL08/070_08.AT3	13488	f898c453b1aaa01c8631ad6346d449bb67051945fd4bf333578c28dceba88090
PSP_GAME/USRDIR/USA/SCE_XA/MAGIC/PL08/071_08.AT3	13488	8dd805eb6d44eafb0c0b01f1c276ac8e8483294cee65958e4837f2d0f3b84c89
PSP_GAME/USRDIR/USA/SCE_XA/MAGIC/PL08/072_08.AT3	21672	405c6d973ca2856471539998f5d4bda4c30404ac34c060fb067be9b7371d4595
PSP_GAME/USRDIR/USA/SCE_XA/MAGIC/PL08/073_08.AT3	13488	024251c3b560553c0bdb1220c5d8e008a31e03aa2b991786a0629a22585ab579
PSP_GAME/USRDIR/USA/SCE_XA/MAGIC/PL08/074_08.AT3	17208	d1180d6a5ddd837a1c102feca34e29c1272b2252c7675e6d167422598b54cb35
PSP_GAME/USRDIR/USA/SCE_XA/MAGIC/PL08/075_08.AT3	13488	bb5cb98bcdeb3efd0c1d9fe48ca91095f3cb05129bec0f953d6637aac1e19161
PSP_GAME/USRDIR/USA/SCE_XA/MAGIC/PL08/076_08.AT3	9024	d76dfbeccdcf47d222cb559ad90a3f29e1aa842aada62c92a9b0b7953c8d7ce7
PSP_GAME/USRDIR/USA/SCE_XA/MAGIC/PL08/077_08.AT3	13488	67c0f2a32575927430966a0bd2dfd1964943cb852cceea8f88b65a63aa732d6d
PSP_GAME/USRDIR/USA/SCE_XA/MAGIC/PL08/078_08.AT3	13488	e508a9c73bda038a87d693ed7304d8c2a0c9648e6e0bfd14b719e4ea372d322e
PSP_GAME/USRDIR/USA/SCE_XA/MAGIC/PL08/079_08.AT3	13488	4717b9773d5bbb2cc57ed0a97938c4233c7e29fee99bdce6daf1727b8021c73f
PSP_GAME/USRDIR/USA/SCE_XA/MAGIC/PL08/082_08.AT3	13488	cc0521280535d8ce5ea6abea46cc29d14dcab63339d00c72145160d5e59520cc
PSP_GAME/USRDIR/USA/SCE_XA/MAGIC/PL08/083_08.AT3	13488	51b0805c4da00e8eef9d3f0886e432d562c32f77793bf373d05e86d7223171b0
PSP_GAME/USRDIR/USA/SCE_XA/MAGIC/PL08/084_08.AT3	13488	ece54b18e8b3f4351c6779fc984943df734a2462cfb43f5d75ef0534027cbdbd
PSP_GAME/USRDIR/USA/SCE_XA/MAGIC/PL08/085_08.AT3	17208	86d605a2309b63c6310f334d2454cc9d3b4f0e8323042960bd7509f39b5510a2
PSP_GAME/USRDIR/USA/SCE_XA/MAGIC/PL08/086_08.AT3	13488	ea8f5a2223c03be6f8c0177a45a992e054334d01bced8e1210c67084aeb125ad
PSP_GAME/USRDIR/USA/SCE_XA/MAGIC/PL08/087_08.AT3	17208	2935262fd93c91bb843ac2b841182f13f9956776d8da6d541dec1c039b3fa4c2
PSP_GAME/USRDIR/USA/SCE_XA/MAGIC/PL08/088_08.AT3	13488	a795e12bf1007d7cb0b181aa189c929f5ab21a8d08e8df0f380ce1dbc1b259c7
PSP_GAME/USRDIR/USA/SCE_XA/MAGIC/PL08/089_08.AT3	17208	9b19ea53d16ca58a81945663558ab7240ef2ba9de1fd4ed9cf7cbbeed586e6c6
PSP_GAME/USRDIR/USA/SCE_XA/MAGIC/PL08/090_08.AT3	13488	d3324bbf5fd328dd7864f0f02f972995a24bb5c93d9ef175092fd5721fa43217
PSP_GAME/USRDIR/USA/SCE_XA/MAGIC/PL08/091_08.AT3	13488	896b144038e5ca393fe0ce57e7bd90f78341cb7caccdbf5b1c473a55ee338913
PSP_GAME/USRDIR/USA/SCE_XA/MAGIC/PL08/092_08.AT3	13488	644171d3fd076ad19b0509ec7f648f9c8cdae4de34316e28297dedb474c2573f
PSP_GAME/USRDIR/USA/SCE_XA/MAGIC/PL08/093_08.AT3	17208	52b71f34c8f7093b2754d8696564147af45f805bf604842e72a340de13bf4d18
PSP_GAME/USRDIR/USA/SCE_XA/MAGIC/PL08/094_08.AT3	13488	13271aa3ef1fb6584c1d7a44528fcf284e7b61cc6e94c2b65c024eb95792b8eb
PSP_GAME/USRDIR/USA/SCE_XA/MAGIC/PL08/095_08.AT3	17208	55dbf39f9b672c8b9502a923d15c7aa021a87d65337665cfb8faacf0ace0cc2b
PSP_GAME/USRDIR/USA/SCE_XA/MAGIC/PL08/096_08.AT3	17208	a16d2c610f0df9bc55eb9c70b9cb649890658335382ee42233f1564d8efed0e5
PSP_GAME/USRDIR/USA/SCE_XA/MAGIC/PL08/097_08.AT3	13488	86067b03f1a141520b5c2cad211bb0cc32943882ad5f82ff716403c56facdbe2
PSP_GAME/USRDIR/USA/SCE_XA/MAGIC/PL08/098_08.AT3	17208	ee64545f8adebe9cf30d82d8cdcbb322c4880618fa4b5cf1e5d6eb8e23956423
PSP_GAME/USRDIR/USA/SCE_XA/MAGIC/PL08/099_08.AT3	17208	4573d2c8680caddb9351eb43761d7fa7f6597c2bf6c782d509a54f204608403f
PSP_GAME/USRDIR/USA/SCE_XA/MAGIC/PL08/100_08.AT3	13488	c9ef11b8b596b0fc8ef63722451d9a0dc931d57f2e94f7a2a74d0183b02ba2b8
PSP_GAME/USRDIR/USA/SCE_XA/MAGIC/PL08/101_08.AT3	17208	e53098ee91200a9dd6c803b9f47d6c4c19da9a4c6795f95dfe4c0e7f3d37fc76
PSP_GAME/USRDIR/USA/SCE_XA/MAGIC/PL08/102_08.AT3	21672	0c5d673008d704108d30b95621e4a0ab034921eb01841e339ecbdaa19f3a3346
PSP_GAME/USRDIR/USA/SCE_XA/MAGIC/PL08/103_08.AT3	13488	298c24c41200ecaf5f2fad5e8f6163fcc4e29a207614070c94bf5754a09b5b0b
PSP_GAME/USRDIR/USA/SCE_XA/MAGIC/PL08/104_08.AT3	17208	40a74d69adedca5df81e7dd96cff944589be3e014b5f0f1d5e245a94fea8c8a0
PSP_GAME/USRDIR/USA/SCE_XA/MAGIC/PL08/105_08.AT3	13488	e374feb6112088ce4daa46acb8835988a71e3b8074c90d5d36566cfed0e88975
PSP_GAME/USRDIR/USA/SCE_XA/MAGIC/PL08/106_08.AT3	13488	7606269b57652d50c01605bd726550b05a72f93f0036ad2e585dfb37ba239c11
PSP_GAME/USRDIR/USA/SCE_XA/MAGIC/PL08/107_08.AT3	17208	4d317d8a79e025d8d3f4d5e05e5a9ed93cf4c17c4cac8cb70539a74933f01d8c
PSP_GAME/USRDIR/USA/SCE_XA/MAGIC/PL08/108_08.AT3	9024	f5203483f688a2c641a2368704f922a3d70cd71f3f1602dd9d5c2d086891ba88
PSP_GAME/USRDIR/USA/SCE_XA/MAGIC/PL08/109_08.AT3	21672	63dd2b2f78f2bd0805d87674dfc9422e4f67f2c609e6d04f2312973996c64403
PSP_GAME/USRDIR/USA/SCE_XA/MAGIC/PL08/110_08.AT3	17208	4b2b74ff7c630268e6cfda92c38c14417e2c72d7d5888059e573cd511f6ab687
PSP_GAME/USRDIR/USA/SCE_XA/MAGIC/PL08/111_08.AT3	17208	3b84e2fe9bbd5d7b2597d909b3e62db0f8a7ce251e1f72afb1184d19b74497ba
PSP_GAME/USRDIR/USA/SCE_XA/MAGIC/PL08/112_08.AT3	13488	d46703b14dad93411471aaa5cda6945aeccaeba1da2a82992da8c03171a06218
PSP_GAME/USRDIR/USA/SCE_XA/MAGIC/PL08/113_08.AT3	21672	bca009f588154d7ad96821e55debdafcdc2f77b2379ff94c32e165e928150d47
PSP_GAME/USRDIR/USA/SCE_XA/MAGIC/PL08/114_08.AT3	17208	f845ee1e44e7c53c9fa0529d793ed062f62d9be1d463c72d3c1d80d6cccc78c7
PSP_GAME/USRDIR/USA/SCE_XA/MAGIC/PL08/115_08.AT3	17208	c9714fa071a8b079f709e4203f820f1ff55854be9e478cbd16a6059365727e06
PSP_GAME/USRDIR/USA/SCE_XA/MAGIC/PL08/117_08.AT3	9024	18cd260436634a8f7d5856e960f9af3f9c16d302e9cb6a98cc9955c11b6284dd
PSP_GAME/USRDIR/USA/SCE_XA/MAGIC/PL08/118_08.AT3	13488	832b760d900b7b824e55688195c66c223618d9f231a79b49d97a03fe41ba2cdd
PSP_GAME/USRDIR/USA/SCE_XA/MAGIC/PL08/140_08.AT3	17208	93767ef6308efedc031087e43eb09e2b6e8d369dc3bea0727c64e22048f2ee69
PSP_GAME/USRDIR/USA/SCE_XA/MAGIC/PL08/142_08.AT3	13488	4eeb16f55ba2c77ef1c6e4131c3a6fc7b534771e01fee6ccdbc87b38b1408c9a
PSP_GAME/USRDIR/USA/SCE_XA/MAGIC/PL08/143_08.AT3	13488	ecf3fccd767a8233b46e57faf0a86bb9f138460d4c09f99062a9e5a950da67a0
PSP_GAME/USRDIR/USA/SCE_XA/MAGIC/PL08/144_08.AT3	13488	881f7e49a2314e94710dcba61cd9628f5256928f59ef053144afeb0104528d7f
PSP_GAME/USRDIR/USA/SCE_XA/MAGIC/PL08/145_08.AT3	17208	8a47eecaa4d7f91c7ffce3b77dc6f467f9dd6e188f47029f8f44bd4c4d0697e7
PSP_GAME/USRDIR/USA/SCE_XA/MAGIC/PL08/147_08.AT3	17208	175ecbc8aeba3b05c0601871753153a21bd1217d619a23b98a9041e1a9d1b616
PSP_GAME/USRDIR/USA/SCE_XA/MAGIC/PL08/149_08.AT3	13488	b85fe109388b4bdcc319ffa7dfdbcce6d60ff572a8944d1d390db0aa36c19c3a
PSP_GAME/USRDIR/USA/SCE_XA/MAGIC/PL08/152_08.AT3	9024	34831f1176352603878108466bd6376843d2ba36e7ec0df6f1a84b1e6b6ab723
PSP_GAME/USRDIR/USA/SCE_XA/MAGIC/PL08/153_08.AT3	9024	dec86d672ce4105eae08dca64f8034efffe063399d0f43a33bd54627a64fe774
PSP_GAME/USRDIR/USA/SCE_XA/MAGIC/PL08/158_08.AT3	13488	d87a54db7ada4f109dac8381c1c15fb065712d31642700ae424e36bdb5c60a05
PSP_GAME/USRDIR/USA/SCE_XA/MAGIC/PL08/162_08.AT3	13488	c29bc66dbc93bed799e42be3862723fea97d72a322e139bfa371af22fc86a5ef
PSP_GAME/USRDIR/USA/SCE_XA/MAGIC/PL08/163_08.AT3	21672	c773e4342afc65eab73ed4567adcc75b565c6bea52189c2a4e151a4a5bb7b13a
PSP_GAME/USRDIR/USA/SCE_XA/MAGIC/PL08/166_08.AT3	5304	f15ddab180ca0a779e28084b4321c86d8682e403e4686e49d5485005db7d5e94
PSP_GAME/USRDIR/USA/SCE_XA/MAGIC/PL08/167_08.AT3	13488	d87a54db7ada4f109dac8381c1c15fb065712d31642700ae424e36bdb5c60a05
PSP_GAME/USRDIR/USA/SCE_XA/MAGIC/PL08/168_08.AT3	13488	c29bc66dbc93bed799e42be3862723fea97d72a322e139bfa371af22fc86a5ef
PSP_GAME/USRDIR/USA/SCE_XA/MAGIC/PL08/169_08.AT3	9024	56c81823870d79189fa311c75b7c5cfa5d98e39fc62ddf7a9ecea2690deae1a3
PSP_GAME/USRDIR/USA/SCE_XA/MAGIC/PL08/172_08.AT3	13488	833c144de87c0eaf68ee7af2e97e42a368d2f319d987f5fbc2a42b84a6e3c759
PSP_GAME/USRDIR/USA/SCE_XA/MAGIC/PL08/173_08.AT3	13488	082bd203af4f2467ee2e8aed2e8f8509dfef41d0d1b5f1061ab08f77f0f4de54
PSP_GAME/USRDIR/USA/SCE_XA/MAGIC/PL08/216_08.AT3	9024	e8c7a1a32698a4ec4eaee8c5a2beded2d16e58eefe6cf22ec8bafb579e148982
PSP_GAME/USRDIR/USA/SCE_XA/MUSIC/AKURYOU.AT3	125832	86fd8a3fb237f114984705e6917742aced3ab24eaa626e1c8717066b4b6719c3
PSP_GAME/USRDIR/USA/SCE_XA/MUSIC/DRAGON.AT3	78216	a804d289dcf9bc5fbe4c3668a84ca7589d880cd461e3b39acf885c558f775e31
PSP_GAME/USRDIR/USA/SCE_XA/MUSIC/GAAN01.AT3	33576	f97f3675b20cb7cc5ceec943225ac9653a8ad419b11cc1f5c121dc3779ca28d4
PSP_GAME/USRDIR/USA/SCE_XA/MUSIC/ITEM01.AT3	37296	7a2180295245eab921f53fb950d64f4b09501ece5d897b5dc796a4dc8f858553
PSP_GAME/USRDIR/USA/SCE_XA/MUSIC/KARA.AT3	4318272	918e3b391d37f580d56a91d5e5dce611a676f7f91bc3ac3ec2aff47b35bb912b
PSP_GAME/USRDIR/USA/SCE_XA/MUSIC/MIMI01.AT3	89376	0646b9f24024aed1572247b9b42f958487186261c1f08413146ae408a7e69777
PSP_GAME/USRDIR/USA/SCE_XA/MUSIC/NAKAMA02.AT3	49200	736c3d2e2933faab87ffe0cd23052722f7324d46ecc45b570bf51705402c58ff
PSP_GAME/USRDIR/USA/SCE_XA/MUSIC/OYASUMI.AT3	81192	0f342823911d719a62e12c9ee41f910e907de318c3130c1c9fab327547d1025a
PSP_GAME/USRDIR/USA/SCE_XA/MUSIC/PURE.AT3	4312320	9590530017fd517f69fc9fb6ca6cbf22d6dff3648627274b05b6b78d984c58ff
PSP_GAME/USRDIR/USA/SCE_XA/MUSIC/SIPPAI01.AT3	41760	196161fb89972b34d0a9a697efee4ee6aec3e5595adc851fd9c00b3803872533
PSP_GAME/USRDIR/USA/SCE_XA/MUSIC/WIN.AT3	33576	1cd09b4b45bbe357711f2824535b444e4de7f604a9e064d3a2d2ee81c8ae1462
PSP_GAME/USRDIR/USA/SCE_XA/OTHER/WHISTLE.AT3	31344	9462063467db1c2bd01b27768792a240656a9f03ce3e72de6f9d632892d5ca96
PSP_GAME/USRDIR/USA/SCE_XA/VOICE/NA01.AT3	122856	7e6eea517e4b9594872fc0179f6efd31b65fd324fe5d5c670f1cb43c421d5274
PSP_GAME/USRDIR/USA/SCE_XA/VOICE/NA02.AT3	108720	6d652031ec19f1e8af0e16f5f7ce2ec9ce2bbcdf9f84612708dc306e733db76b
PSP_GAME/USRDIR/USA/SCE_XA/VOICE/NA03.AT3	105744	dc33323ec14fdc58dec94eb93f478676912adaae6c652516f592fa81bada119b
PSP_GAME/USRDIR/USA/SCE_XA/VOICE/NA04.AT3	103512	632947dbea36d5b596c497ea5677b74315686486bc09e3246a3b168fcb4db844
PSP_GAME/USRDIR/USA/SCE_XA/VOICE/NA05.AT3	73008	e1144c69c18f6f4722b37970e834fb5c758fd7875cabd6bdd61cea8b6e8358ee
PSP_GAME/USRDIR/USA/SHARING/BOF3GS.BIN	2846400	1b13730121bdc63c7047a31269fcb36bf5b7989158fb73a144a874be4ff41ba6
PSP_GAME/USRDIR/USA/WORLD00/AREA000.EMI	835584	d60323e0a86303c8286afa7c4d50ad2de3a4c2ecd5d9d6a240220e20204f0d17
PSP_GAME/USRDIR/USA/WORLD00/AREA001.EMI	813056	576eded0b137f70947dbadb81763eea929b663007c3420b3f31bbef640d88e17
PSP_GAME/USRDIR/USA/WORLD00/AREA002.EMI	804864	eb70ede60f68f696eb38c4630005f4674d62d19df3dcee4c9ab1b9dea877a176
PSP_GAME/USRDIR/USA/WORLD00/AREA003.EMI	774144	7f89f7f995fc47807d33d351484db915e9dd6201fc36bcabbbe104be81ac0343
PSP_GAME/USRDIR/USA/WORLD00/AREA004.EMI	884736	826bbd6e831a1357bcc01143f7f82a604dcaaf9181006d81846690dfca3b2fe1
PSP_GAME/USRDIR/USA/WORLD00/AREA005.EMI	704512	8b8c483b7e68a2e96b3e0bd40d8f34137eb5251dfd1f3b2b8f6e51dedcf3ec66
PSP_GAME/USRDIR/USA/WORLD00/AREA006.EMI	796672	47104b76cc425482cd1b608c99bac342b9cbda9771e7663c190fc6bfc8a9546e
PSP_GAME/USRDIR/USA/WORLD00/AREA007.EMI	735232	54450c6cd4e3dc0809e6d1984178e5c527595f8c290fc9c718de3574206f1b38
PSP_GAME/USRDIR/USA/WORLD00/AREA008.EMI	788480	0234b76c60b538a54eab7f36ab0fc6079fc2de8f2a7bd3f3891c4eb157ae7c72
PSP_GAME/USRDIR/USA/WORLD00/AREA009.EMI	765952	8d9f1be1de51d918ba5759f823d7b4be771c6a31c1cd9b6477de10ad2bb26f8c
PSP_GAME/USRDIR/USA/WORLD00/AREA010.EMI	806912	4d863934ce9875d9efb9440e89e23ae6f65b6e07c3109756eba68b292efe8e39
PSP_GAME/USRDIR/USA/WORLD00/AREA011.EMI	765952	08d61f3e3fda9f2069b513c7a3388b6bbf86ec9ad73854a2a8b51ce732c72735
PSP_GAME/USRDIR/USA/WORLD00/AREA012.EMI	724992	cce08be0411ee4faa91a3d268ad4cf17b889a474ae2a10a0411ae86e9562a63a
PSP_GAME/USRDIR/USA/WORLD00/AREA013.EMI	735232	e0ffb6704d40bf24fc3f1e138f0239594a591295a501ee4458926c461d1a9aea
PSP_GAME/USRDIR/USA/WORLD00/AREA014.EMI	724992	fb7388a24f382f9fbd6ae50c72921c62b1bb5a50bcd598e609f540fceaa66e5d
PSP_GAME/USRDIR/USA/WORLD00/AREA015.EMI	675840	8877cdcdb44c8e95381378f370673afe17c20e06035d4e2c0856b9cdafad6756
PSP_GAME/USRDIR/USA/WORLD00/AREA016.EMI	811008	90d0f03907293680d1697b1bfe6065e7e3b1f405eea53668a4f572d749186d1c
PSP_GAME/USRDIR/USA/WORLD00/AREA017.EMI	651264	8fd600939a5e83fb86137263289daa4d8c1a5ef5b356fa207b068b29822533eb
PSP_GAME/USRDIR/USA/WORLD00/AREA018.EMI	800768	90b17f08911fa3db54fc2328b955b161fc9d4111eedefc1fcf36c4cdbdd5e07f
PSP_GAME/USRDIR/USA/WORLD00/AREA019.EMI	643072	0a43eff424cf47a55a3f4138535341c2373efdfe064b4501415dcbe7dd624fb2
PSP_GAME/USRDIR/USA/WORLD00/AREA020.EMI	790528	d08c1e7f896b0be779505c1550efc5b38524528b1753d761669ead78c7ee7d6e
PSP_GAME/USRDIR/USA/WORLD00/AREA021.EMI	788480	5c4b698f3714c74f4352dabcbd1289f51298473670dd120b899829cb430484b2
PSP_GAME/USRDIR/USA/WORLD00/AREA022.EMI	849920	5693c0ff39524615184bb85b00480e8f6f1ee35ade183a220d7e6a0984a12f23
PSP_GAME/USRDIR/USA/WORLD00/AREA023.EMI	868352	0da38ed89ab3481677a99529ddfd5e298f5e5cee4b5ccac9f3b3dcbaece01d31
PSP_GAME/USRDIR/USA/WORLD00/AREA024.EMI	894976	09073385f4edbbfece094174e3e37f7746aa7ad612e8c15a807d9d8ab3170d31
PSP_GAME/USRDIR/USA/WORLD00/AREA025.EMI	782336	386c5b29ebb0be6bcefca4e205e8dcdec9fe22550c66d687832bbb2c945e7d71
PSP_GAME/USRDIR/USA/WORLD00/AREA026.EMI	835584	94ce59fb1e99c5809b881acca32c5de0d3e7782133b2163809327b0fd422a6c5
PSP_GAME/USRDIR/USA/WORLD00/AREA027.EMI	841728	e66340a6ded5c92b967de1605740634c73ed48e5d1daf33d83dafb7381603aee
PSP_GAME/USRDIR/USA/WORLD00/AREA028.EMI	841728	f35e6538632bfec7d92f8ff3067c09d93c0f88d1a8d7b5a77ce55c0c930986a2
PSP_GAME/USRDIR/USA/WORLD00/AREA029.EMI	800768	de4cc92b7a357f3ca7668a2317bfdf1914b8e51f95826e193d85aff3ca8d0f14
PSP_GAME/USRDIR/USA/WORLD00/AREA030.EMI	1009664	27feb385b74d7a5ef81febc701c1469dac8d0f269ab6888e052b72e21d0472cd
PSP_GAME/USRDIR/USA/WORLD00/AREA031.EMI	768000	3686b87a8629bd24ca3b3fa1218474093e5eb3e2c8d21837332c384b6e454aca
PSP_GAME/USRDIR/USA/WORLD00/AREA032.EMI	851968	0411800dad5a8e7ff19a94aa3e4fc06c5fc8b0c2a3c33d694debe6cee1e54007
PSP_GAME/USRDIR/USA/WORLD00/AREA033.EMI	811008	0ad85593dad8667312037e6cf6fce5ab66f04a2c3a129569a7d7635859ba7568
PSP_GAME/USRDIR/USA/WORLD00/AREA034.EMI	663552	9c3376b97e74ee723a9fefc9a82e274ce1014a5e5951647b60117488be470985
PSP_GAME/USRDIR/USA/WORLD00/AREA035.EMI	714752	5199d38742b6dfa793017ca7f5a4aa2aaaa7d95d41f6ce66fc03f3106bc5b4ec
PSP_GAME/USRDIR/USA/WORLD00/AREA036.EMI	620544	90476f430b3baa8ecd63ef57dc2048e0d151aa8d40bc5cd736848c5b8693304d
PSP_GAME/USRDIR/USA/WORLD00/AREA037.EMI	847872	6d9ab1df37e4f8512392318d95bd2b69a8926136d64a5f8cde80c1618804e23d
PSP_GAME/USRDIR/USA/WORLD01/AREA038.EMI	813056	f1a6e7c3e360d55ea34e4495747628aa6370c96477beccd9b69314e97775a82c
PSP_GAME/USRDIR/USA/WORLD01/AREA039.EMI	827392	34cf24bc11222df2850efca73b9b150dd7709d913647067276fd668fc15442b0
PSP_GAME/USRDIR/USA/WORLD01/AREA040.EMI	804864	5beaf8744deff0678454adb35bfd6bc92d4c763bf8922ffd0fe2956e53b35ab4
PSP_GAME/USRDIR/USA/WORLD01/AREA041.EMI	833536	93ee32fa0e22cf6f137ecf3e03089bad17ec565a107c6415ea2ef79664a14e71
PSP_GAME/USRDIR/USA/WORLD01/AREA042.EMI	796672	c61635ac5b132510dc5f0f34dcce70c93fc272e6895fef4c1a9f40d6c9af8d8f
PSP_GAME/USRDIR/USA/WORLD01/AREA043.EMI	761856	e281c7738d43dd3f0c6dbbebf9718430d13b531a04215c50a8ac2acdb06e8cac
PSP_GAME/USRDIR/USA/WORLD01/AREA044.EMI	845824	ee765a05a6390a220ffc2e520cdb0a23902770e17fc373ccede15741e7127fd8
PSP_GAME/USRDIR/USA/WORLD01/AREA045.EMI	815104	fdfb326978dde32f8ad31694d790599c1a6d67b01ab374542e64fa1716b2f8cf
PSP_GAME/USRDIR/USA/WORLD01/AREA046.EMI	815104	af607ddd1e99d464611fde2731ef240c36cf4bcc7512f9899a3dfc76671d0da1
PSP_GAME/USRDIR/USA/WORLD01/AREA047.EMI	768000	67c6f8cf477fc5e18f574eb478598484590dcd6438e9fadfbfec5699664ed7a5
PSP_GAME/USRDIR/USA/WORLD01/AREA048.EMI	854016	b28abff888f0cfbfa6cfc79cc797b60670dea6d273edb4cc56493402d5600b7a
PSP_GAME/USRDIR/USA/WORLD01/AREA049.EMI	843776	e6ad2445b7f190a073487caec7ebe01f96d37411a8cdf12ed45dcae058a8d1ff
PSP_GAME/USRDIR/USA/WORLD01/AREA050.EMI	759808	8092bf4f1dd36e238772f52fdb60d9da8f250213ce49f8db0a3f839c4378f349
PSP_GAME/USRDIR/USA/WORLD01/AREA051.EMI	735232	ba6bd27c2fc3d45716b627d0972f879cb5ce3fef2930d7f0112df171764f85e3
PSP_GAME/USRDIR/USA/WORLD01/AREA052.EMI	823296	2070aa772b2ff76ea5523c39557de1eddfd0b8046e2a048a0a5a0612b7de7631
PSP_GAME/USRDIR/USA/WORLD01/AREA053.EMI	618496	4ff69368b89186760a43c059a0409fcae0b68b3a78aead3b9eb38d84314e87da
PSP_GAME/USRDIR/USA/WORLD01/AREA054.EMI	815104	2ac2d24e0979822165bf3238ca257904823b56082bd3030f0dc6638195ec1535
PSP_GAME/USRDIR/USA/WORLD01/AREA055.EMI	772096	af771d8d4ea4577aa00416dd33cc72d4fdd4dfb348c72572fdc324e695002efa
PSP_GAME/USRDIR/USA/WORLD01/AREA056.EMI	831488	850476f29f98f85a61635c7b60e8a39fa5cd3fe11f7dc8454a665b7606acceff
PSP_GAME/USRDIR/USA/WORLD01/AREA057.EMI	845824	d999dc14bce56e42a407a296b01404bcc7bb1a5aa918726e565db083e162e2ea
PSP_GAME/USRDIR/USA/WORLD01/AREA058.EMI	829440	176c399488a367fa29d1235d450184fb6cf5ec58b4e4909e8be1b8630948add5
PSP_GAME/USRDIR/USA/WORLD01/AREA059.EMI	628736	80993e00782c2ee807dc5c9a8fe46e4242ecd802e87563ff3c7acfd87b01a219
PSP_GAME/USRDIR/USA/WORLD01/AREA060.EMI	806912	409bf4852c7e2779a4759a4d3bb4a6a78012c7b59973d53c651938326cf9606e
PSP_GAME/USRDIR/USA/WORLD01/AREA061.EMI	776192	1f902774b362d3560963795a2e52c1919a57a166b077cef4bfc2e80dedffc7e5
PSP_GAME/USRDIR/USA/WORLD01/AREA062.EMI	782336	8b4e6ab604ab6ce0fca4349f0468dd4fd20156ebb4abe819be44f2b796d25349
PSP_GAME/USRDIR/USA/WORLD01/AREA063.EMI	792576	9e2158eb36dbdc6dcdf90f782495104489c55bc278831689ab98b8c941f94c63
PSP_GAME/USRDIR/USA/WORLD01/AREA064.EMI	806912	833f1900611ee734cb94f3d1c44a82187ba8463134f28adb1ec0a10d07f08738
PSP_GAME/USRDIR/USA/WORLD01/AREA065.EMI	792576	9258bad34251cb54451d69976c067031dcc9cd44991444b863626e2460c4a892
PSP_GAME/USRDIR/USA/WORLD01/AREA066.EMI	661504	c0eb2dabb5e39d4a101b33220f6655fea3395e06f8376e350d750f84d332b83e
PSP_GAME/USRDIR/USA/WORLD01/AREA067.EMI	860160	8770ff7b441ccd9e0d0509e6746157d3da9b41eee17144e1ec8ef705f0dd22e5
PSP_GAME/USRDIR/USA/WORLD01/AREA068.EMI	700416	e93d8fa94dc0a54adccfc0f76d69817816d77560542ad03819b50f609e403325
PSP_GAME/USRDIR/USA/WORLD01/AREA069.EMI	694272	a3f86e89b3e84df41ccb17391eb2997694bd836640e6cd29698737833b17148c
PSP_GAME/USRDIR/USA/WORLD01/AREA070.EMI	829440	2763de7b2793a458a5a81969c861a15d53d1c815278cc530c87d3a3c0e43fe35
PSP_GAME/USRDIR/USA/WORLD01/AREA071.EMI	831488	4c2b0723ebde441905f6ab607459a6a154cd40128e3e2a433153198f3b07d2b1
PSP_GAME/USRDIR/USA/WORLD01/AREA072.EMI	802816	3e9233f8b589e66de7ab7c8376a4f11dff30bfdd9a9f91cafb689c1cc40a3ab5
PSP_GAME/USRDIR/USA/WORLD01/AREA073.EMI	823296	4f2110b2d011d76ddbfef19fb07039b82ea289a022d6ca360819b36dfd72ba5a
PSP_GAME/USRDIR/USA/WORLD01/AREA074.EMI	833536	62b734f8d2cab271c25693c51cea49aff71da47a9be996fa2f8ba74723c1cde7
PSP_GAME/USRDIR/USA/WORLD01/AREA075.EMI	806912	4eb57ca14d880990a3b0b96dc0cfbe0acff7165df4934fac27e7310a0a36a4ad
PSP_GAME/USRDIR/USA/WORLD02/AREA076.EMI	819200	062cfaf24d270eb777e809946609b5d156932dfcecd1af9e1eb3ffcea11662b9
PSP_GAME/USRDIR/USA/WORLD02/AREA077.EMI	835584	408d0ea82f5407e3f9ab8571f2eb90920bbc897602afc4316e68f336d2a6419c
PSP_GAME/USRDIR/USA/WORLD02/AREA078.EMI	833536	5abc8f085f78080be4a674e0cebb161dfe2ea00cbfd51e02b6b1c7844889f4a9
PSP_GAME/USRDIR/USA/WORLD02/AREA079.EMI	843776	361e49434894531fc6a86676ab93df53da8b253f56857c91b8b3cb358f3cadda
PSP_GAME/USRDIR/USA/WORLD02/AREA080.EMI	841728	8dc6503ef379b54e8760c9c7ed7f264b807b5f3b3182cad39f338ca5e6fd6e61
PSP_GAME/USRDIR/USA/WORLD02/AREA081.EMI	833536	85e9410dcd2a8ad4d0d232b789d247f3b5fbea0263dd0917a39eadef0bab521d
PSP_GAME/USRDIR/USA/WORLD02/AREA082.EMI	874496	86d333d59d6add45bd64f121ba41212315018a0e974e9016292ed1340a118f8c
PSP_GAME/USRDIR/USA/WORLD02/AREA083.EMI	860160	610657076bff5c53ff29250ce206f4e91f54b60c4e6efb807e6fb65706811f20
PSP_GAME/USRDIR/USA/WORLD02/AREA084.EMI	851968	0b5565a2eb64a0c682032f67e1fb9803a285be19ae0c5427f8cabe4bab0e1bf2
PSP_GAME/USRDIR/USA/WORLD02/AREA085.EMI	833536	8a8546a27c1e08bff68ac71a8c43a810296b6dfe86e61a2ea64de6b1105e914f
PSP_GAME/USRDIR/USA/WORLD02/AREA086.EMI	649216	bbc15f3825bc9b6b987103b2716ce1368554b3d09ce9a68b282baf8f9722c459
PSP_GAME/USRDIR/USA/WORLD02/AREA087.EMI	808960	90e1dd32894368846b06553c4771c395bfa74ec4ad798c5a7141aba742722d98
PSP_GAME/USRDIR/USA/WORLD02/AREA088.EMI	655360	105f5387da9c43bf80ed36d02e60fd495b615fb5f44daa45ec30b42e9c57f970
PSP_GAME/USRDIR/USA/WORLD02/AREA089.EMI	1009664	ddc267bc0ad563bfeb274acc64ca9c41ec33c9dae1a65fd790fa9932cc86036c
PSP_GAME/USRDIR/USA/WORLD02/AREA090.EMI	813056	7c8a3495a4ed58f20c543f19a90996ad21a02b4ddd491ac407e272869bbaaee7
PSP_GAME/USRDIR/USA/WORLD02/AREA091.EMI	698368	169c9d23a36fdfbfab0c7dcc7eb938853a446fb702ce6435e0d9728b55fd272b
PSP_GAME/USRDIR/USA/WORLD02/AREA092.EMI	663552	b62ef654b0534fde10b515300ec76b2dd42e91007ea791e345cf87a8b5fc017b
PSP_GAME/USRDIR/USA/WORLD02/AREA093.EMI	765952	f450cb92b20a2ac3b6c086b2a6490f3dbfd8d3a41897e94d65df472361c10be3
PSP_GAME/USRDIR/USA/WORLD02/AREA094.EMI	849920	e30fe2db054f3e5efec5fb16f9a11df2fccfbea0d79f8bd385f948672da77ea3
PSP_GAME/USRDIR/USA/WORLD02/AREA095.EMI	720896	4018d63dc6bfac6c50a0aa0a127e98a0000e20f9e0b991ce37c1f1708809851d
PSP_GAME/USRDIR/USA/WORLD02/AREA096.EMI	720896	e3e8f22196d935536d740d02d7d46c9904cf6658b9ac4bbac0188b511e28d422
PSP_GAME/USRDIR/USA/WORLD02/AREA097.EMI	804864	72886bccd144df792eb18727c0ef809faeecb38a2a13baca89c5e147aa3eda1f
PSP_GAME/USRDIR/USA/WORLD02/AREA098.EMI	821248	df558fa09ba8cdc19d33580e6dd29508c01607416e12a97469299266604cf093
PSP_GAME/USRDIR/USA/WORLD02/AREA099.EMI	862208	40c22aff8dc2d3b6df746b0a9b0bc5c8d06370de28a8cdb4d663817be7ef52e6
PSP_GAME/USRDIR/USA/WORLD02/AREA100.EMI	776192	fa4416727efd827e44bee3bb77d4c21a92f33c3eb1e6acc0caaacf0268dd1840
PSP_GAME/USRDIR/USA/WORLD02/AREA101.EMI	645120	fb4787285ef56c10f8a4f81dc6a4b439e3cb6ed6bdee1b8a4abebf784e60c1a1
PSP_GAME/USRDIR/USA/WORLD02/AREA102.EMI	655360	b655379360b4e1c6b78677ee0ea50e580f828dca435a25122db9190750a9809f
PSP_GAME/USRDIR/USA/WORLD02/AREA103.EMI	841728	11d306b04c6fa008b07e687fe0c6e6fa40714188a29986b8a56d3705ca05c0b1
PSP_GAME/USRDIR/USA/WORLD02/AREA104.EMI	817152	5318b5edfcc28cf4ef73f1427d2137fe9682595902972e1177a982d2c2c37b53
PSP_GAME/USRDIR/USA/WORLD02/AREA105.EMI	790528	97e4b027d2e9044fff9a69cf6227e9525d69d575c8a350619c60ea44302f2002
PSP_GAME/USRDIR/USA/WORLD02/AREA106.EMI	792576	758cdb7ac52312b73829815f17b7b17fcc75e3876e6ac4e9b49e0af2eab0fdc6
PSP_GAME/USRDIR/USA/WORLD02/AREA107.EMI	772096	275743b5b310115034da132e841711838a3438e7ddd408151c104f4e96c0622c
PSP_GAME/USRDIR/USA/WORLD02/AREA108.EMI	888832	3fb54fb91ce9039d53be82097c7ec7ad14a9aa5190a4df594bbe3bc3e97e8496
PSP_GAME/USRDIR/USA/WORLD02/AREA109.EMI	817152	8f8ef317d26e2a1490596ed8cbf3ec1a24b18def031b15f56af01a400a8a6b1a
PSP_GAME/USRDIR/USA/WORLD02/AREA110.EMI	784384	20b65c9607796874f59b97707790a6f1ec2a5dc2d1b30f0074c57a523e37aaf0
PSP_GAME/USRDIR/USA/WORLD02/AREA111.EMI	847872	ae7562aa1f1ac58e111724c711dd6d4093af51c93cdd1b4534636f9c99f8bfcd
PSP_GAME/USRDIR/USA/WORLD02/AREA112.EMI	804864	7ff9c62b1cb0af8b142140b27c407394ed356bc0513b242be1ed11959833e4be
PSP_GAME/USRDIR/USA/WORLD02/AREA113.EMI	768000	4f4841a5c7c63011725d39810d66b004ea9a71f4a9b401a89635a15fef48cfd5
PSP_GAME/USRDIR/USA/WORLD03/AREA114.EMI	780288	84d143905aa628fa7a793e4dcac8b2fdb441946259c2046dc27057109252c866
PSP_GAME/USRDIR/USA/WORLD03/AREA115.EMI	808960	bed31b684852978dfd1ae4facc0d7db86289160880f04ee99b3cce6db90cb88f
PSP_GAME/USRDIR/USA/WORLD03/AREA116.EMI	636928	6fc2367113601f8d7509edcd96db932d54172cec329b4799fa1b75b477f4c579
PSP_GAME/USRDIR/USA/WORLD03/AREA117.EMI	704512	235dc62cdf6e618c0ec10db9749bf2677b2149480e6ee146b3aedf1e8878f819
PSP_GAME/USRDIR/USA/WORLD03/AREA118.EMI	710656	8e120a2fd15e9f65dfe7d971228e52401660571b9d9b19e2e4c61fe41ef85024
PSP_GAME/USRDIR/USA/WORLD03/AREA119.EMI	866304	ef3fcc57cc54f3c0c8647761fed3d5ae10c6da8d6cb8a5f571cc217f1b06a023
PSP_GAME/USRDIR/USA/WORLD03/AREA120.EMI	811008	8976ad95023e594a288a9a6b010402c2eab90d5efed0f80346fd82a603438505
PSP_GAME/USRDIR/USA/WORLD03/AREA121.EMI	831488	e315c7994239aff7f4a6f69870b5457e3780a385789c6d9286154ead58dc5f6b
PSP_GAME/USRDIR/USA/WORLD03/AREA122.EMI	763904	daad2e8e63a8ec8d6c39dec5cc487725fd77645cc38ec7c1a39353baa8925c93
PSP_GAME/USRDIR/USA/WORLD03/AREA123.EMI	763904	5ce9bd24e219428f1814e0f63fb2755f3c3aca610b45b66b71b07c40e8ba0f91
PSP_GAME/USRDIR/USA/WORLD03/AREA124.EMI	796672	f11e5f99ede9f0b14707303832cc41faaaf78294ff4addf200fecafae06cb063
PSP_GAME/USRDIR/USA/WORLD03/AREA125.EMI	792576	76f5fe3737a7e34d6c95d40604e7047be6b8def87d005f420c9ec6f98bdd9972
PSP_GAME/USRDIR/USA/WORLD03/AREA126.EMI	827392	c5b9b79955039677991db68c645928ee3e515872d074ac393ce621baefbdb8d4
PSP_GAME/USRDIR/USA/WORLD03/AREA127.EMI	837632	a8312ae065e41bce684ae6df80c56d041a8d44c3e5f6f735a9d5badd246eb891
PSP_GAME/USRDIR/USA/WORLD03/AREA128.EMI	774144	73ce0b086e3165a7763f32b26d633aa6e3971e2eaffbe4a3eb9eec619b4e3b43
PSP_GAME/USRDIR/USA/WORLD03/AREA129.EMI	1009664	27b26cc955e79e94e02307ed118a6c9243d46ff840ed4ce3e5bf929ede796f80
PSP_GAME/USRDIR/USA/WORLD03/AREA130.EMI	669696	4e1f8e02e7b7990333d77735a5892e680b837eacee0ab3f92441c252739047cc
PSP_GAME/USRDIR/USA/WORLD03/AREA131.EMI	829440	74e2a8e8f3cd332091daa6415c6e4ef99c5f23d563db13183229203b4f563bed
PSP_GAME/USRDIR/USA/WORLD03/AREA132.EMI	839680	cd0420ef4c425cea99cc3d1c8cede1bc50c3bbe319795da9da4c3986636f4688
PSP_GAME/USRDIR/USA/WORLD03/AREA133.EMI	831488	465d4c3269883febe85cf4c91b4c8b545bdceed9000cf669ffe8bc5e300c6ed6
PSP_GAME/USRDIR/USA/WORLD03/AREA134.EMI	825344	e114ea90e22e6da8fe5d97d639b22cf8ce709b1d6ed337e1699617499f23d87c
PSP_GAME/USRDIR/USA/WORLD03/AREA135.EMI	878592	2c06314bd4013d8e0a0bf5939e2867266a04f3cf9a1d5f32fc8e3bbdbcc354f0
PSP_GAME/USRDIR/USA/WORLD03/AREA136.EMI	856064	23aa93e7003e2c1723c72b27bc2fbd38beb5a9a85e5a9604e1dc7bb8bb8c4a10
PSP_GAME/USRDIR/USA/WORLD03/AREA137.EMI	831488	2df9434222c07acf561d8cea2900df086dba7df1b382bea8a788b31bb4ef86dd
PSP_GAME/USRDIR/USA/WORLD03/AREA138.EMI	724992	b445199102ad65c87758762505ae517f53cfe9ef71dd6770c723a8b707737e74
PSP_GAME/USRDIR/USA/WORLD03/AREA139.EMI	739328	872a22ad0158921c350793c8b0b32144a9f12f54a53708e3be34c248447ceb31
PSP_GAME/USRDIR/USA/WORLD03/AREA140.EMI	747520	9dd0f9c7581df5ae0a4ae3145b01fa72cb0bf618452ed409d40b96b1e4e45bb2
PSP_GAME/USRDIR/USA/WORLD03/AREA141.EMI	753664	a2b594b49f6b8c8e10b7ab26a8db755a0e5c1618267a2bcc7bed1f2f4b31c7e9
PSP_GAME/USRDIR/USA/WORLD03/AREA142.EMI	847872	a19c3ab0bf27433f6e70e5c8476a3ca3314f356d4fe891a0ee0ad0107d5a67ba
PSP_GAME/USRDIR/USA/WORLD03/AREA143.EMI	796672	4f9777155c2d4e42acf0cedcb0f7fd8cb4586d2647343c686f67c7a28d251790
PSP_GAME/USRDIR/USA/WORLD03/AREA144.EMI	745472	4779e67b0c5affaa5ec966108b799462f168e41ef38e4383992ff2e5e4245e15
PSP_GAME/USRDIR/USA/WORLD03/AREA145.EMI	839680	2c9a8f3e4d01deb7256aabeacfcc96194d3b087e86014b7ff11c11a60034828e
PSP_GAME/USRDIR/USA/WORLD03/AREA146.EMI	661504	4e362e5a29f2b610d5eb87beeeffccdb8c1fdb514fff4eed9600394e69f71bf3
PSP_GAME/USRDIR/USA/WORLD03/AREA147.EMI	831488	7aea44035b9afefafb91fddadc3b04634bd734496da785a253389c4727d94b9c
PSP_GAME/USRDIR/USA/WORLD03/AREA148.EMI	866304	128de37569c8adeffcd7decb3556f702b7d4cff747d3d41371e001a0343a7bb1
PSP_GAME/USRDIR/USA/WORLD03/AREA149.EMI	755712	d390bdf4918fa7c3cee494d6daef32c035f2959ce1e530d5db875381b4e4b94d
PSP_GAME/USRDIR/USA/WORLD03/AREA150.EMI	823296	7668bf387c964ef371b2b9ab61937af266209711228efb45608f9d26f171a177
PSP_GAME/USRDIR/USA/WORLD03/AREA151.EMI	808960	7dc94e43aebae7449666f500198d2801d632e5e919c08c1810855c8f43d8e14a
PSP_GAME/USRDIR/USA/WORLD04/AREA152.EMI	804864	3d7c7992799ca92c3e2f104c3d17cbd6d24cf3a935cd8c761926b489de9fc15a
PSP_GAME/USRDIR/USA/WORLD04/AREA153.EMI	813056	7381786bbfdc027f31e37235e6bde3d6549401aed352edb39977e8e7ddeae8cc
PSP_GAME/USRDIR/USA/WORLD04/AREA154.EMI	806912	eafb073f982824d1a37f566939eae6dfda104e4ceadaa92952b0b1f2d85a3509
PSP_GAME/USRDIR/USA/WORLD04/AREA155.EMI	817152	fef9372da8f90a48f988c5092236edd95f0213417a17a626ae34c8d5039b1f15
PSP_GAME/USRDIR/USA/WORLD04/AREA156.EMI	776192	8664776bf17cfb47ef3d8a954ee81cecd2920e4a1eedc1517f5590af5c4fea03
PSP_GAME/USRDIR/USA/WORLD04/AREA157.EMI	622592	80165ba64e571fbda9244ef1f0046517467c8caf143f91324bf36c21ebeb9900
PSP_GAME/USRDIR/USA/WORLD04/AREA158.EMI	604160	dce08f22d6047b0ad6d2672c5e560602761702419831900f640963ae53a58961
PSP_GAME/USRDIR/USA/WORLD04/AREA159.EMI	589824	c88a33d6326a6e1c09bcb5a09dcace064b6325f30f5b43e1a874ccd9f91b520f
PSP_GAME/USRDIR/USA/WORLD04/AREA160.EMI	598016	a3066d6ea80b520c4e5d702c05a7664a9437474ef39162f50452f91ac77cee54
PSP_GAME/USRDIR/USA/WORLD04/AREA161.EMI	606208	015549f609a340dfb1a8fd7c7a49b26ad96c5fcfbe3ea77db9e0a8188e747a21
PSP_GAME/USRDIR/USA/WORLD04/AREA162.EMI	618496	828adec1eade738a3009bf5fdb91905e38828b577c3bd85b09e984c67f64a662
PSP_GAME/USRDIR/USA/WORLD04/AREA163.EMI	593920	94df2f5dd221872e5bdb09e8acae0c851a5d2f335ae6c705b1bb15f458dc5942
PSP_GAME/USRDIR/USA/WORLD04/AREA164.EMI	583680	58f1d07ef3fae5f4e88036ffcd59580b873499c2555f0c4b2175d3cad39b51a0
PSP_GAME/USRDIR/USA/WORLD04/AREA165.EMI	614400	c573b2490da093edea055073b65bdbac3c7d6d570c19683567fa7b744c549149
PSP_GAME/USRDIR/USA/WORLD04/AREA166.EMI	602112	fd36b615db25fb1738a84c5cacad02df4076f82247be1f20af1985218f812f67
PSP_GAME/USRDIR/USA/WORLD04/AREA167.EMI	862208	a080fc686074d9f0ac7eb563efb82d17f50f97b5712a7fb45e76b734b381ec4b
PSP_GAME/USRDIR/USA/WORLD04/AREA168.EMI	761856	5b1cd82242aa76ecb3e4128a315f3a314854c2cced0164642a0bb57f568a4145
PSP_GAME/USRDIR/USA/WORLD04/AREA169.EMI	659456	f8132f0b61d84b1bf517ca3d03e137197594b4aa181f8e1853a1855ca4536984
PSP_GAME/USRDIR/USA/WORLD04/AREA170.EMI	841728	c3e8889b379d5d348440a45b94c809b237d1765ae55d7af1a31506d5b1132948
PSP_GAME/USRDIR/USA/WORLD04/AREA171.EMI	700416	b40c43599c3a162ea07dfd90cad2d7d18e1e661db13c3a58b3d1ae27a73bf120
PSP_GAME/USRDIR/USA/WORLD04/AREA172.EMI	796672	555c8ed768f37feba1721c233d433a9c5d28d83d3a5ce5eadc93276570dc8937
PSP_GAME/USRDIR/USA/WORLD04/AREA173.EMI	821248	f4872ba73e169f121876dd926bed677b47b89069266474b2fa202d66cd31ad5e
PSP_GAME/USRDIR/USA/WORLD04/AREA174.EMI	866304	b5e52ccbde28d41e78088028283543fb543658e260ea10ff72b0978bb52f1d3b
PSP_GAME/USRDIR/USA/WORLD04/AREA175.EMI	843776	8a4437514dfdde41e46d6fab8361ff06c55986af1b3fee07701dce3292a07274
PSP_GAME/USRDIR/USA/WORLD04/AREA176.EMI	823296	92bde5bbfd8f077d80a512528ab846aea832690a41dc15446fdb2501723c2c67
PSP_GAME/USRDIR/USA/WORLD04/AREA177.EMI	825344	0c160ad13c65362113c7a1fd09285703a44ba26a330819f94a19a5b7b1d4ad46
PSP_GAME/USRDIR/USA/WORLD04/AREA178.EMI	825344	965a682672e272d7c265c96bee97d38f31820762f462b5cd49b4e08b50f1e05a
PSP_GAME/USRDIR/USA/WORLD04/AREA179.EMI	825344	b5adfd48d70aa273f16304076ecfc93f26c2fefb7593f9775fedfa49e462e096
PSP_GAME/USRDIR/USA/WORLD04/AREA180.EMI	825344	4a8cefbd9d62d46986215e8598e6ade1795f1575e6a048a2b7d8bb1e4d5980d1
PSP_GAME/USRDIR/USA/WORLD04/AREA181.EMI	825344	91553f38d9b9ddf59896a818947ec88ca6a7b1f0f96499939b3a69448c9b63f0
PSP_GAME/USRDIR/USA/WORLD04/AREA182.EMI	825344	c10fbaebe7cf43177e128fc1b748911a1d4281667392275e3e867eacacf00d4c
PSP_GAME/USRDIR/USA/WORLD04/AREA183.EMI	827392	a44855062bfc5a55e5aefdd1c0fa0b147f08cf8065b407649c07743ea5d02d31
PSP_GAME/USRDIR/USA/WORLD04/AREA184.EMI	827392	3017790c670dd99d93f6418ed85380e23a232abc295d1aa356a8d47c2a75c32a
PSP_GAME/USRDIR/USA/WORLD04/AREA185.EMI	827392	e28344e5b9772a0d7232bb986fa0b4f01885c3ad53bcf11d9b4ed28dba2783bd
PSP_GAME/USRDIR/USA/WORLD04/AREA186.EMI	747520	afce8c7c19d0a4ac19cd291ff8740aa61ec160c6a6b48140a5ae128ea0c34acd
PSP_GAME/USRDIR/USA/WORLD04/AREA187.EMI	768000	ac50ec0894b9f6c0938f319d47ebb8b655257151924f42816da17a982097ac06
PSP_GAME/USRDIR/USA/WORLD04/AREA188.EMI	841728	b6887a55261f7b3e2f107efb52ae6922af652b692903e8603a5e36e4ff8ac60e
PSP_GAME/USRDIR/USA/WORLD04/AREA189.EMI	821248	e4fe52f88695656be7ae5d7e1b3a875d4c34c1ceb40f5805c202ea8cb32e0540
PSP_GAME/USRDIR/USA/WORLD04/AREA190.EMI	798720	5fd142b919f08335ea0bdcb1255c9ced452e275f2fa2441d6889c90b5ccd90ee
PSP_GAME/USRDIR/USA/WORLD04/AREA191.EMI	630784	2d17f367e0b55330256266e6e901ffe2a27d55e89c9246949e97c13da740bb71
PSP_GAME/USRDIR/USA/WORLD04/AREA192.EMI	800768	72c1e2bbd3356be9091c426cc11c746db61865476c7f8ae86121359a7ce0185a
PSP_GAME/USRDIR/USA/WORLD04/AREA193.EMI	774144	0c826b9463aecd39bc202a33c965badeff0bc3039d52901e796132e204ea5ef9
PSP_GAME/USRDIR/USA/WORLD04/AREA194.EMI	651264	fb27e24ed0d47c8f5826648cef243178218eea75cd7ecdadc9249a593a9d0b28
PSP_GAME/USRDIR/USA/WORLD04/AREA195.EMI	804864	6251cc7b3b9bc760cdfada9919eff41204082831d12d45c9b9afc13797081ed6
PSP_GAME/USRDIR/USA/WORLD04/AREA196.EMI	667648	86d346a2994c241bb7cbea7d83a761a0200e21cd06cb4199f9de1cd683a02413
PSP_GAME/USRDIR/USA/WORLD04/AREA197.EMI	868352	860c50ada67d35d0e2ef08f8fc4d37b9fb7fd283a1369f44e3bb23519427b91c
PSP_GAME/USRDIR/USA/WORLD04/AREA198.EMI	722944	97e2cfacfca01a87bd7dadb5cc55545e2d2091468de8ae242615b3519550a564
PSP_GAME/USRDIR/USA/WORLD04/AREA199.EMI	819200	21f233bc6cf9a98a706639e5cf513463482669bb26f8f5ce7bbbd856a4674d10
UMD_DATA.BIN	48	a00f0b692a17897003e7e45567dc0148bc3e86de512a02b7a7444102e16fe29f
